AXSDUB52F5
HFDTE310725
HFPLTPILOTINCHARGE:
HFCM2CREW2:NIL
HFGTYGLIDERTYPE:NKN
HFGIDGLIDERID:NKN
HFCIDCOMPETITIONID:NKN
HFDTMGPSDATUM:WGS84
HFRFWFIRMWAREVERSION:2023-06-30:1fe35e9c
HFRHWHARDWAREVERSION:ULTRABIP 1.0
HFFTYFRTYPE:STODEUS,ULTRABIP
HFGPSRECEIVER:GOTOP,GT1110SN,22,18000
HFTZNTIMEZONE:1
HFPRSPRESSALTSENSOR:INFINEON,DPS310,7000
HFALGALTGPS:GEO
HFALPALTPRESSURE:ISA
LMMMGPSPERIOD1000MSEC
I023638FXA3940SIU
B1009414557817N01343417EA005460060000606
B1009424557817N01343417EA005460059900606
B1009434557818N01343417EA005460059900606
B1009444557818N01343417EA005460059900606
B1009454557817N01343417EA005460059900606
B1009464557817N01343416EA005460059900606
B1009474557817N01343417EA005460059900606
B1009484557817N01343417EA005460059900606
B1009494557817N01343417EA005460059900606
B1009504557818N01343417EA005460059800606
B1009514557818N01343418EA005460059800606
B1009524557818N01343418EA005460059700606
B1009534557818N01343418EA005460059800606
B1009544557818N01343418EA005460059800606
B1009554557817N01343417EA005460059900606
B1009564557817N01343416EA005460059900606
B1009574557816N01343416EA005450059800606
B1009584557815N01343415EA005440059800606
B1009594557814N01343413EA005440059700606
B1010004557814N01343412EA005440059800606
B1010014557814N01343411EA005430059700606
B1010024557813N01343409EA005420059700606
B1010034557812N01343406EA005410059600606
B1010044557811N01343403EA005400059600606
B1010054557809N01343400EA005390059500606
B1010064557808N01343397EA005390059400606
B1010074557806N01343394EA005370059300606
B1010084557803N01343390EA005380059200606
B1010094557799N01343387EA005390059100606
B1010104557796N01343383EA005380059100606
B1010114557794N01343380EA005400059100606
B1010124557791N01343376EA005400059100606
B1010134557789N01343373EA005400059100606
B1010144557786N01343370EA005380059000606
B1010154557784N01343368EA005370059000606
B1010164557780N01343367EA005370059100606
B1010174557775N01343368EA005360059100606
B1010184557772N01343370EA005360059100606
B1010194557768N01343373EA005360059200606
B1010204557765N01343376EA005350059200606
B1010214557762N01343379EA005330059200606
B1010224557758N01343381EA005320059200606
B1010234557754N01343384EA005310059000606
B1010244557751N01343386EA005290058900606
B1010254557747N01343388EA005280058800606
B1010264557743N01343390EA005270058700606
B1010274557739N01343392EA005260058500606
B1010284557735N01343395EA005240058500606
B1010294557730N01343398EA005230058400606
B1010304557727N01343400EA005220058400606
B1010314557723N01343404EA005200058200606
B1010324557720N01343408EA005180058000606
B1010334557715N01343411EA005170057900606
B1010344557711N01343414EA005160057900606
B1010354557705N01343418EA005140057800606
B1010364557701N01343421EA005130057600606
B1010374557697N01343424EA005130057500606
B1010384557693N01343427EA005120057400606
B1010394557688N01343430EA005110057200606
B1010404557683N01343433EA005090057100606
B1010414557679N01343435EA005090057000606
B1010424557674N01343438EA005070056800606
B1010434557670N01343442EA005050056700606
B1010444557665N01343448EA005040056500606
B1010454557661N01343451EA005030056400606
B1010464557657N01343456EA005020056200606
B1010474557653N01343461EA005010056000606
B1010484557648N01343466EA005000055800606
B1010494557643N01343471EA004990055700606
B1010504557639N01343475EA004980055600408
B1010514557635N01343479EA004990055500408
B1010524557631N01343485EA004990055500408
B1010534557626N01343489EA004980055500408
B1010544557622N01343493EA004980055500408
B1010554557617N01343497EA004970055400408
B1010564557613N01343502EA004960055300408
B1010574557609N01343507EA004960055200408
B1010584557605N01343512EA004950055100408
B1010594557601N01343516EA004950055000408
B1011004557596N01343520EA004940054800408
B1011014557592N01343525EA004920054600408
B1011024557588N01343528EA004910054500408
B1011034557584N01343533EA004900054300408
B1011044557580N01343537EA004880054100408
B1011054557576N01343541EA004880054000408
B1011064557572N01343546EA004870053900408
B1011074557568N01343550EA004860053800408
B1011084557564N01343553EA004840053600408
B1011094557559N01343557EA004830053500408
B1011104557555N01343561EA004820053400408
B1011114557551N01343565EA004810053300408
B1011124557546N01343568EA004800053200408
B1011134557542N01343572EA004780053100408
B1011144557538N01343576EA004780053000408
B1011154557534N01343579EA004770052800408
B1011164557530N01343584EA004760052600408
B1011174557526N01343587EA004730052500408
B1011184557521N01343591EA004730052400408
B1011194557517N01343595EA004720052300408
B1011204557513N01343599EA004710052100408
B1011214557509N01343603EA004700052100408
B1011224557504N01343606EA004680052000408
B1011234557500N01343609EA004670051800408
B1011244557495N01343612EA004660051700408
B1011254557491N01343616EA004650051600408
B1011264557486N01343618EA004640051400408
B1011274557481N01343621EA004610051300408
B1011284557477N01343624EA004610051200408
B1011294557473N01343628EA004620051100408
B1011304557468N01343631EA004620051000408
B1011314557465N01343634EA004630050900408
B1011324557461N01343638EA004630050800408
B1011334557458N01343640EA004610050700408
B1011344557454N01343643EA004600050600408
B1011354557451N01343645EA004580050500408
B1011364557447N01343648EA004560050400408
B1011374557442N01343652EA004540050200408
B1011384557438N01343656EA004520050000408
B1011394557433N01343661EA004500049900408
B1011404557429N01343665EA004490049700408
B1011414557425N01343669EA004480049500408
B1011424557420N01343673EA004450049300408
B1011434557416N01343677EA004430049100408
B1011444557412N01343681EA004410048900408
B1011454557407N01343685EA004400048800408
B1011464557402N01343688EA004380048600408
B1011474557397N01343691EA004370048500408
B1011484557393N01343694EA004360048300408
B1011494557389N01343697EA004330048100408
B1011504557384N01343700EA004300047900408
B1011514557380N01343702EA004290047700408
B1011524557376N01343704EA004290047600408
B1011534557371N01343707EA004280047500408
B1011544557367N01343711EA004290047400408
B1011554557362N01343714EA004270047300408
B1011564557357N01343717EA004270047300408
B1011574557353N01343720EA004250047200408
B1011584557349N01343724EA004240047100408
B1011594557345N01343728EA004210046900408
B1012004557341N01343732EA004170046700408
B1012014557337N01343735EA004150046300408
B1012024557332N01343738EA004120046100408
B1012034557326N01343741EA004110045900408
B1012044557321N01343742EA004080045700408
B1012054557316N01343741EA004050045600408
B1012064557311N01343739EA004030045400408
B1012074557307N01343734EA004010045200408
B1012084557304N01343728EA003990045000408
B1012094557302N01343722EA003970044800408
B1012104557301N01343716EA003980044700408
B1012114557299N01343710EA003990044500408
B1012124557297N01343705EA003980044300408
B1012134557296N01343700EA003980044300408
B1012144557294N01343694EA003990044300408
B1012154557293N01343690EA003970044300408
B1012164557292N01343685EA003970044200408
B1012174557291N01343680EA003970044100408
B1012184557291N01343675EA003960044100408
B1012194557290N01343669EA003960044000408
B1012204557288N01343665EA003950043900408
B1012214557285N01343662EA003950043700408
B1012224557281N01343659EA003930043600408
B1012234557277N01343657EA003930043600408
B1012244557272N01343655EA003910043500408
B1012254557268N01343651EA003880043400408
B1012264557265N01343647EA003870043200408
B1012274557262N01343642EA003870043100408
B1012284557261N01343635EA003890043100408
B1012294557260N01343630EA003890043100408
B1012304557260N01343626EA003890043100408
B1012314557258N01343622EA003900043100408
B1012324557255N01343617EA003900043100210
B1012334557253N01343612EA003900043100210
B1012344557252N01343606EA003910043100210
B1012354557252N01343601EA003900043200210
B1012364557253N01343596EA003900043100210
B1012374557256N01343592EA003900043100210
B1012384557259N01343588EA003900043100210
B1012394557261N01343584EA003890043100210
B1012404557263N01343579EA003880043100210
B1012414557263N01343573EA003880043000210
B1012424557262N01343566EA003890042900210
B1012434557260N01343559EA003870042800210
B1012444557259N01343553EA003870042900210
B1012454557258N01343546EA003860042800210
B1012464557258N01343540EA003860042700210
B1012474557257N01343534EA003850042700210
B1012484557256N01343527EA003850042600210
B1012494557255N01343521EA003840042600210
B1012504557253N01343515EA003840042500210
B1012514557252N01343509EA003830042400210
B1012524557250N01343504EA003810042300210
B1012534557248N01343498EA003810042200210
B1012544557246N01343491EA003830042200210
B1012554557244N01343485EA003830042200210
B1012564557243N01343478EA003830042300210
B1012574557241N01343472EA003850042500210
B1012584557239N01343466EA003860042600210
B1012594557237N01343460EA003860042700210
B1013004557235N01343456EA003870042800210
B1013014557234N01343451EA003870042800210
B1013024557231N01343447EA003880042800210
B1013034557228N01343444EA003880042800210
B1013044557224N01343441EA003890042900210
B1013054557220N01343438EA003880043000209
B1013064557216N01343438EA003890043100210
B1013074557212N01343440EA003900043100210
B1013084557208N01343442EA003900043100210
B1013094557204N01343445EA003900043100210
B1013104557200N01343448EA003900043200210
B1013114557196N01343452EA003910043200210
B1013124557193N01343455EA003920043300210
B1013134557190N01343460EA003920043300210
B1013144557188N01343465EA003920043300210
B1013154557187N01343472EA003930043300210
B1013164557188N01343479EA003950043500210
B1013174557189N01343485EA003960043600210
B1013184557193N01343490EA003950043600210
B1013194557197N01343494EA003950043600210
B1013204557201N01343495EA003960043600210
B1013214557206N01343495EA003970043600210
B1013224557211N01343492EA003960043600210
B1013234557215N01343488EA003970043600210
B1013244557218N01343483EA003970043600210
B1013254557220N01343478EA003970043700210
B1013264557222N01343472EA003970043700210
B1013274557223N01343467EA003970043800210
B1013284557224N01343460EA003980043800210
B1013294557225N01343453EA003990043800210
B1013304557225N01343446EA003990043900210
B1013314557226N01343439EA004000043900210
B1013324557227N01343433EA004000044000210
B1013334557228N01343428EA004000044100210
B1013344557229N01343422EA004000044000210
B1013354557229N01343417EA004010044000210
B1013364557228N01343411EA004000044000210
B1013374557226N01343405EA004010044100210
B1013384557223N01343400EA004010044200210
B1013394557219N01343396EA004020044300210
B1013404557215N01343394EA004020044300210
B1013414557210N01343395EA004030044300210
B1013424557206N01343397EA004030044300210
B1013434557202N01343402EA004030044400210
B1013444557199N01343409EA004050044400210
B1013454557198N01343417EA004060044500210
B1013464557199N01343425EA004060044700210
B1013474557201N01343431EA004060044700210
B1013484557205N01343435EA004060044700210
B1013494557209N01343438EA004060044700210
B1013504557214N01343439EA004060044700210
B1013514557218N01343439EA004070044900210
B1013524557223N01343437EA004080045000210
B1013534557227N01343434EA004080045000210
B1013544557230N01343430EA004080045100210
B1013554557232N01343425EA004080045100210
B1013564557233N01343418EA004090045100210
B1013574557233N01343412EA004090045100210
B1013584557232N01343406EA004100045100210
B1013594557230N01343400EA004090045100210
B1014004557227N01343396EA004090045200210
B1014014557224N01343393EA004090045200210
B1014024557219N01343392EA004090045200210
B1014034557214N01343392EA004110045200210
B1014044557209N01343394EA004120045300210
B1014054557205N01343397EA004130045400210
B1014064557200N01343401EA004140045400210
B1014074557196N01343406EA004150045600210
B1014084557193N01343411EA004160045700210
B1014094557191N01343417EA004180045800210
B1014104557190N01343425EA004190045900210
B1014114557190N01343432EA004200046000210
B1014124557191N01343440EA004210046100210
B1014134557193N01343446EA004210046200210
B1014144557196N01343451EA004210046300210
B1014154557200N01343454EA004220046400210
B1014164557205N01343454EA004230046400210
B1014174557210N01343453EA004240046400210
B1014184557214N01343450EA004240046400210
B1014194557216N01343445EA004240046400210
B1014204557218N01343440EA004250046300210
B1014214557217N01343435EA004260046400210
B1014224557215N01343430EA004270046500210
B1014234557211N01343427EA004270046500210
B1014244557207N01343426EA004290046600210
B1014254557202N01343427EA004310046700210
B1014264557197N01343429EA004310046800210
B1014274557194N01343433EA004320046900210
B1014284557191N01343440EA004320047000210
B1014294557189N01343446EA004320047000210
B1014304557190N01343453EA004330047100210
B1014314557192N01343459EA004330047100210
B1014324557195N01343465EA004340047200210
B1014334557198N01343469EA004340047200210
B1014344557202N01343472EA004350047200210
B1014354557206N01343472EA004350047300210
B1014364557210N01343471EA004360047400210
B1014374557213N01343467EA004370047500210
B1014384557215N01343462EA004380047600210
B1014394557214N01343457EA004390047700210
B1014404557213N01343451EA004400047800210
B1014414557210N01343448EA004410047800210
B1014424557206N01343447EA004410047900210
B1014434557202N01343447EA004420048000209
B1014444557197N01343448EA004430048100209
B1014454557193N01343451EA004440048300209
B1014464557190N01343454EA004430048300209
B1014474557187N01343459EA004430048400209
B1014484557186N01343466EA004430048400209
B1014494557186N01343473EA004440048500209
B1014504557187N01343480EA004440048600209
B1014514557189N01343487EA004450048700209
B1014524557192N01343492EA004450048700209
B1014534557196N01343496EA004470048800209
B1014544557201N01343497EA004470048900209
B1014554557205N01343497EA004490049000209
B1014564557209N01343495EA004490049100209
B1014574557213N01343491EA004490049100209
B1014584557216N01343486EA004500049200209
B1014594557218N01343481EA004510049300209
B1015004557220N01343476EA004510049300209
B1015014557222N01343470EA004520049300209
B1015024557223N01343464EA004530049400209
B1015034557224N01343458EA004550049500209
B1015044557225N01343452EA004560049600209
B1015054557226N01343445EA004570049800209
B1015064557227N01343439EA004590050000209
B1015074557227N01343433EA004600050100209
B1015084557226N01343427EA004630050300209
B1015094557224N01343422EA004630050400209
B1015104557221N01343418EA004640050500209
B1015114557217N01343415EA004640050600209
B1015124557212N01343415EA004640050600209
B1015134557207N01343418EA004630050700209
B1015144557203N01343422EA004650050700209
B1015154557200N01343428EA004660050800209
B1015164557199N01343435EA004660050700209
B1015174557201N01343442EA004660050700209
B1015184557204N01343447EA004650050700209
B1015194557209N01343451EA004660050800209
B1015204557214N01343452EA004680050900209
B1015214557218N01343450EA004710051000209
B1015224557221N01343447EA004730051200209
B1015234557223N01343441EA004750051300209
B1015244557223N01343435EA004770051500209
B1015254557222N01343429EA004790051600209
B1015264557220N01343425EA004790051700209
B1015274557216N01343422EA004790051800209
B1015284557212N01343422EA004790051900209
B1015294557207N01343424EA004790052000209
B1015304557204N01343429EA004800052000209
B1015314557203N01343435EA004800052000209
B1015324557204N01343441EA004790052000208
B1015334557206N01343447EA004800052000209
B1015344557210N01343451EA004810052000208
B1015354557215N01343453EA004820052100208
B1015364557220N01343454EA004840052100208
B1015374557226N01343453EA004870052200208
B1015384557231N01343452EA004880052500208
B1015394557235N01343450EA004900052700208
B1015404557239N01343448EA004900052900208
B1015414557243N01343445EA004910053000209
B1015424557245N01343441EA004900053100209
B1015434557245N01343436EA004900053200209
B1015444557244N01343431EA004900053300209
B1015454557243N01343425EA004910053300209
B1015464557240N01343421EA004910053400209
B1015474557236N01343417EA004920053500209
B1015484557231N01343416EA004930053500209
B1015494557226N01343416EA004940053600209
B1015504557221N01343417EA004970053700209
B1015514557217N01343420EA004980054000209
B1015524557212N01343423EA004990054100209
B1015534557209N01343428EA004990054200209
B1015544557207N01343433EA004990054300209
B1015554557207N01343440EA004980054300209
B1015564557209N01343446EA004980054200209
B1015574557211N01343453EA004990054200209
B1015584557214N01343459EA005000054300209
B1015594557219N01343463EA005010054300209
B1016004557223N01343466EA005020054400209
B1016014557228N01343466EA005030054500209
B1016024557233N01343466EA005050054600209
B1016034557237N01343463EA005060054800209
B1016044557240N01343458EA005080054900209
B1016054557241N01343452EA005090055000209
B1016064557241N01343445EA005090055100209
B1016074557239N01343440EA005110055200209
B1016084557235N01343437EA005110055300209
B1016094557230N01343436EA005120055400209
B1016104557226N01343437EA005120055500209
B1016114557222N01343442EA005130055600209
B1016124557220N01343447EA005130055700209
B1016134557220N01343454EA005130055700209
B1016144557222N01343461EA005140055700209
B1016154557225N01343466EA005140055800209
B1016164557229N01343471EA005150055800208
B1016174557234N01343473EA005170055900208
B1016184557239N01343473EA005180056000208
B1016194557243N01343471EA005190056100208
B1016204557246N01343467EA005200056100208
B1016214557248N01343462EA005200056200209
B1016224557249N01343456EA005210056200209
B1016234557249N01343450EA005210056200209
B1016244557248N01343445EA005200056300209
B1016254557245N01343441EA005210056300209
B1016264557242N01343437EA005220056300209
B1016274557237N01343435EA005230056400209
B1016284557232N01343436EA005230056500209
B1016294557228N01343438EA005230056600209
B1016304557225N01343443EA005230056700209
B1016314557223N01343448EA005230056700209
B1016324557222N01343454EA005230056700209
B1016334557222N01343462EA005230056700209
B1016344557223N01343469EA005230056600209
B1016354557226N01343475EA005230056600209
B1016364557230N01343479EA005230056600209
B1016374557235N01343480EA005230056700209
B1016384557240N01343480EA005240056700209
B1016394557244N01343476EA005250056700209
B1016404557248N01343472EA005260056800209
B1016414557251N01343466EA005260056900209
B1016424557253N01343460EA005260057000209
B1016434557253N01343454EA005270057000209
B1016444557253N01343447EA005280057100209
B1016454557252N01343441EA005280057100209
B1016464557250N01343436EA005290057100209
B1016474557248N01343433EA005290057200209
B1016484557244N01343430EA005290057200209
B1016494557240N01343429EA005290057200209
B1016504557235N01343430EA005300057300209
B1016514557231N01343432EA005300057200209
B1016524557227N01343435EA005300057200209
B1016534557224N01343440EA005300057200209
B1016544557221N01343446EA005300057300209
B1016554557220N01343452EA005300057300209
B1016564557221N01343460EA005300057300210
B1016574557222N01343467EA005300057300210
B1016584557225N01343473EA005300057300210
B1016594557228N01343478EA005300057300210
B1017004557233N01343481EA005300057300210
B1017014557238N01343482EA005300057400210
B1017024557243N01343480EA005310057400210
B1017034557247N01343477EA005320057400210
B1017044557251N01343473EA005330057500210
B1017054557255N01343469EA005340057600210
B1017064557258N01343464EA005350057700210
B1017074557261N01343459EA005350057700210
B1017084557261N01343452EA005350057800210
B1017094557261N01343446EA005350057800210
B1017104557259N01343440EA005350057800210
B1017114557256N01343436EA005350057900210
B1017124557252N01343433EA005350057900210
B1017134557248N01343433EA005350057900210
B1017144557243N01343434EA005350057900210
B1017154557239N01343437EA005350057900210
B1017164557236N01343441EA005350058000210
B1017174557234N01343448EA005350058000210
B1017184557234N01343455EA005350058000210
B1017194557234N01343462EA005360057900210
B1017204557236N01343468EA005350057900210
B1017214557239N01343474EA005350057900210
B1017224557243N01343478EA005350057900210
B1017234557248N01343482EA005360057900210
B1017244557253N01343483EA005360058000210
B1017254557258N01343483EA005360058100210
B1017264557263N01343481EA005370058200210
B1017274557267N01343476EA005380058200210
B1017284557269N01343471EA005380058300210
B1017294557270N01343464EA005380058300210
B1017304557270N01343458EA005390058300210
B1017314557271N01343451EA005390058300210
B1017324557270N01343445EA005390058400210
B1017334557270N01343438EA005380058400210
B1017344557268N01343433EA005380058400210
B1017354557265N01343428EA005370058400210
B1017364557261N01343425EA005390058300210
B1017374557257N01343423EA005380058400210
B1017384557252N01343423EA005390058400210
B1017394557247N01343424EA005380058400210
B1017404557243N01343426EA005380058300210
B1017414557238N01343429EA005380058300210
B1017424557234N01343433EA005370058300210
B1017434557231N01343438EA005380058300210
B1017444557228N01343443EA005370058400210
B1017454557225N01343449EA005360058400210
B1017464557223N01343456EA005360058400210
B1017474557222N01343463EA005360058300210
B1017484557221N01343470EA005370058200210
B1017494557220N01343479EA005360058200210
B1017504557218N01343487EA005370058200210
B1017514557217N01343495EA005360058300210
B1017524557216N01343502EA005360058300210
B1017534557216N01343508EA005330058200210
B1017544557215N01343516EA005310058100210
B1017554557213N01343524EA005280058000210
B1017564557211N01343532EA005260057800210
B1017574557210N01343541EA005250057700210
B1017584557209N01343550EA005240057600210
B1017594557208N01343558EA005230057500210
B1018004557207N01343567EA005210057300210
B1018014557206N01343576EA005190057100209
B1018024557206N01343585EA005190056900210
B1018034557206N01343594EA005200056800210
B1018044557206N01343603EA005200056700210
B1018054557207N01343611EA005190056700210
B1018064557207N01343619EA005180056600210
B1018074557207N01343627EA005170056600209
B1018084557207N01343635EA005160056500210
B1018094557207N01343644EA005160056400209
B1018104557207N01343653EA005150056300209
B1018114557207N01343662EA005150056300209
B1018124557207N01343670EA005150056200209
B1018134557208N01343679EA005160056200209
B1018144557208N01343688EA005150056200209
B1018154557209N01343697EA005140056100209
B1018164557209N01343706EA005130056000209
B1018174557209N01343716EA005130055900209
B1018184557210N01343725EA005120055900209
B1018194557210N01343734EA005120055800209
B1018204557210N01343743EA005100055700209
B1018214557210N01343752EA005090055500208
B1018224557210N01343762EA005070055300208
B1018234557210N01343771EA005050055200208
B1018244557209N01343780EA005020055000208
B1018254557209N01343789EA005000054800208
B1018264557208N01343799EA005000054700209
B1018274557207N01343808EA004980054500209
B1018284557207N01343817EA004970054400209
B1018294557206N01343827EA004970054300209
B1018304557205N01343837EA004960054200209
B1018314557204N01343846EA004950054000209
B1018324557203N01343856EA004950054000209
B1018334557202N01343865EA004940053900209
B1018344557202N01343874EA004940053900209
B1018354557201N01343883EA004920053800209
B1018364557201N01343892EA004930053800209
B1018374557201N01343900EA004910053700209
B1018384557201N01343909EA004920053700209
B1018394557201N01343918EA004920053700209
B1018404557201N01343926EA004920053800209
B1018414557201N01343935EA004920053800209
B1018424557201N01343943EA004930053800209
B1018434557201N01343951EA004920053800209
B1018444557201N01343960EA004920053800209
B1018454557201N01343968EA004920053800209
B1018464557201N01343977EA004920053800209
B1018474557201N01343985EA004930053800209
B1018484557201N01343993EA004950053800209
B1018494557200N01344001EA004970053900209
B1018504557200N01344009EA005010054000209
B1018514557199N01344016EA005030054100209
B1018524557199N01344023EA005040054200209
B1018534557198N01344029EA005060054400209
B1018544557196N01344035EA005060054500209
B1018554557193N01344040EA005080054600209
B1018564557189N01344042EA005090054700209
B1018574557185N01344042EA005110054800209
B1018584557181N01344040EA005120054900209
B1018594557179N01344036EA005130055000209
B1019004557178N01344031EA005140055100209
B1019014557178N01344026EA005150055200209
B1019024557180N01344021EA005150055400209
B1019034557183N01344016EA005170055600209
B1019044557188N01344013EA005170055800209
B1019054557193N01344013EA005180055900209
B1019064557199N01344015EA005190055900209
B1019074557204N01344020EA005220056000209
B1019084557208N01344027EA005230056100209
B1019094557210N01344035EA005250056200209
B1019104557211N01344043EA005280056400209
B1019114557210N01344051EA005300056600209
B1019124557207N01344056EA005310056800209
B1019134557204N01344060EA005320056900209
B1019144557200N01344063EA005340057000209
B1019154557196N01344063EA005360057100209
B1019164557193N01344061EA005360057300209
B1019174557191N01344057EA005380057400209
B1019184557190N01344051EA005390057500209
B1019194557192N01344045EA005410057700209
B1019204557195N01344039EA005420057800209
B1019214557200N01344036EA005430057900209
B1019224557205N01344036EA005420058000209
B1019234557210N01344039EA005440058200209
B1019244557214N01344045EA005460058300209
B1019254557215N01344053EA005480058500209
B1019264557215N01344061EA005490058700209
B1019274557214N01344068EA005510058900209
B1019284557212N01344074EA005530059100209
B1019294557209N01344079EA005550059300210
B1019304557206N01344083EA005560059500210
B1019314557203N01344085EA005570059600210
B1019324557199N01344083EA005580059800210
B1019334557196N01344080EA005600059900210
B1019344557195N01344075EA005620060100210
B1019354557195N01344069EA005630060300210
B1019364557196N01344064EA005660060500210
B1019374557200N01344060EA005670060600209
B1019384557205N01344057EA005700060800210
B1019394557210N01344058EA005700060900210
B1019404557214N01344060EA005710061000210
B1019414557218N01344066EA005710061100210
B1019424557221N01344073EA005730061200210
B1019434557222N01344081EA005750061400210
B1019444557222N01344089EA005760061500210
B1019454557220N01344096EA005770061700210
B1019464557217N01344102EA005780061800210
B1019474557213N01344105EA005800061900210
B1019484557209N01344106EA005820062000210
B1019494557206N01344104EA005830062100210
B1019504557203N01344101EA005840062300210
B1019514557202N01344096EA005850062400210
B1019524557202N01344090EA005860062500210
B1019534557202N01344084EA005880062700210
B1019544557204N01344079EA005900062900210
B1019554557206N01344073EA005920063000210
B1019564557210N01344069EA005930063200210
B1019574557214N01344066EA005940063300210
B1019584557219N01344065EA005940063500210
B1019594557224N01344066EA005950063600210
B1020004557229N01344068EA005940063700210
B1020014557233N01344073EA005940063800210
B1020024557237N01344079EA005950063900210
B1020034557238N01344087EA005950064000210
B1020044557238N01344095EA005960064100210
B1020054557236N01344101EA005980064300210
B1020064557232N01344106EA006010064400210
B1020074557229N01344111EA006030064600210
B1020084557226N01344115EA006050064900210
B1020094557224N01344120EA006070065100210
B1020104557221N01344123EA006070065200210
B1020114557219N01344124EA006090065300210
B1020124557215N01344124EA006100065500210
B1020134557212N01344121EA006110065600210
B1020144557210N01344118EA006120065700210
B1020154557209N01344113EA006120065900210
B1020164557209N01344108EA006130066000210
B1020174557211N01344102EA006130066100210
B1020184557213N01344097EA006140066200210
B1020194557217N01344092EA006160066300210
B1020204557221N01344089EA006170066400210
B1020214557227N01344088EA006180066400210
B1020224557232N01344089EA006180066600210
B1020234557238N01344092EA006190066700210
B1020244557242N01344098EA006200066800210
B1020254557245N01344105EA006210066800210
B1020264557245N01344113EA006230067000210
B1020274557244N01344120EA006240067100210
B1020284557241N01344125EA006280067300210
B1020294557237N01344130EA006300067500210
B1020304557233N01344132EA006330067800210
B1020314557230N01344134EA006340068100210
B1020324557227N01344135EA006340068200210
B1020334557224N01344135EA006330068300210
B1020344557222N01344134EA006350068400210
B1020354557219N01344131EA006350068400210
B1020364557216N01344128EA006340068400210
B1020374557214N01344122EA006360068500210
B1020384557214N01344115EA006380068500210
B1020394557216N01344109EA006380068700210
B1020404557219N01344103EA006400068700210
B1020414557223N01344099EA006410068900210
B1020424557228N01344096EA006410069000210
B1020434557233N01344096EA006400069000210
B1020444557239N01344098EA006410069000210
B1020454557244N01344102EA006410069000210
B1020464557249N01344107EA006420069000210
B1020474557253N01344114EA006420069100210
B1020484557255N01344122EA006430069100210
B1020494557256N01344131EA006430069200210
B1020504557256N01344140EA006460069400210
B1020514557255N01344148EA006480069600210
B1020524557253N01344156EA006510069800210
B1020534557250N01344163EA006530070000210
B1020544557247N01344168EA006560070200210
B1020554557243N01344173EA006580070400210
B1020564557240N01344177EA006600070700210
B1020574557237N01344178EA006610071000210
B1020584557234N01344178EA006620071100210
B1020594557231N01344176EA006630071200210
B1021004557229N01344173EA006630071300210
B1021014557228N01344168EA006640071500210
B1021024557228N01344162EA006650071600210
B1021034557230N01344156EA006670071700210
B1021044557233N01344150EA006680071800210
B1021054557239N01344147EA006710071900210
B1021064557245N01344145EA006730072100210
B1021074557250N01344146EA006750072200210
B1021084557256N01344149EA006760072400210
B1021094557259N01344155EA006780072700209
B1021104557262N01344162EA006790072800209
B1021114557262N01344171EA006810073000209
B1021124557261N01344179EA006840073100209
B1021134557258N01344186EA006850073300209
B1021144557255N01344192EA006880073500209
B1021154557250N01344195EA006900073700209
B1021164557246N01344194EA006900073900209
B1021174557243N01344192EA006910074000209
B1021184557241N01344187EA006930074100209
B1021194557240N01344181EA006940074300209
B1021204557242N01344176EA006950074400209
B1021214557246N01344170EA006970074500209
B1021224557251N01344167EA006990074600209
B1021234557257N01344167EA007010074700209
B1021244557263N01344169EA007030074900209
B1021254557268N01344172EA007040075100209
B1021264557271N01344178EA007050075300209
B1021274557273N01344185EA007060075400209
B1021284557273N01344193EA007070075500209
B1021294557272N01344202EA007090075700209
B1021304557269N01344208EA007120075800209
B1021314557265N01344212EA007140075900209
B1021324557260N01344213EA007170076000209
B1021334557256N01344211EA007190076200209
B1021344557254N01344207EA007210076300209
B1021354557252N01344202EA007230076500209
B1021364557252N01344196EA007240076700209
B1021374557254N01344191EA007260076900209
B1021384557258N01344185EA007270077000209
B1021394557262N01344182EA007300077200209
B1021404557267N01344181EA007320077400209
B1021414557272N01344183EA007330077500209
B1021424557275N01344188EA007340077700209
B1021434557278N01344194EA007360077800209
B1021444557279N01344202EA007370078000209
B1021454557278N01344210EA007380078200209
B1021464557275N01344216EA007390078200209
B1021474557270N01344220EA007420078300209
B1021484557266N01344221EA007440078400209
B1021494557262N01344218EA007460078600209
B1021504557259N01344214EA007500078800209
B1021514557257N01344209EA007530079100209
B1021524557257N01344204EA007560079400209
B1021534557259N01344199EA007590079700209
B1021544557262N01344194EA007610079900209
B1021554557266N01344190EA007630080200209
B1021564557271N01344189EA007660080400209
B1021574557276N01344190EA007670080600209
B1021584557280N01344194EA007670080800209
B1021594557283N01344201EA007690081100209
B1022004557284N01344208EA007700081300209
B1022014557283N01344216EA007720081500209
B1022024557282N01344223EA007740081700209
B1022034557279N01344229EA007760081800209
B1022044557275N01344232EA007780082000209
B1022054557270N01344231EA007820082100209
B1022064557266N01344227EA007860082300209
B1022074557264N01344221EA007900082500209
B1022084557265N01344214EA007930082700209
B1022094557267N01344209EA007960083100209
B1022104557271N01344204EA007980083400209
B1022114557275N01344201EA007990083600209
B1022124557281N01344201EA008000083800209
B1022134557286N01344204EA008010084000209
B1022144557290N01344209EA008020084200209
B1022154557293N01344216EA008030084400209
B1022164557293N01344224EA008050084600209
B1022174557291N01344232EA008070084800209
B1022184557286N01344237EA008100085000209
B1022194557281N01344240EA008130085100209
B1022204557275N01344240EA008170085300209
B1022214557271N01344237EA008210085600209
B1022224557269N01344232EA008250085900209
B1022234557268N01344227EA008290086200209
B1022244557269N01344222EA008310086500209
B1022254557271N01344217EA008350086800209
B1022264557275N01344214EA008360087100209
B1022274557279N01344214EA008380087400209
B1022284557284N01344217EA008400087600209
B1022294557287N01344223EA008420087900209
B1022304557289N01344231EA008440088100209
B1022314557289N01344238EA008470088400209
B1022324557288N01344245EA008490088600209
B1022334557284N01344250EA008530088900209
B1022344557280N01344254EA008560089100209
B1022354557276N01344256EA008590089400209
B1022364557272N01344255EA008620089700209
B1022374557269N01344252EA008650090000209
B1022384557267N01344246EA008680090400209
B1022394557267N01344241EA008700090700209
B1022404557268N01344236EA008730091100209
B1022414557271N01344231EA008760091400209
B1022424557275N01344228EA008770091800209
B1022434557280N01344226EA008800092100209
B1022444557285N01344227EA008820092400209
B1022454557290N01344231EA008850092600209
B1022464557293N01344238EA008870092900209
B1022474557294N01344246EA008900093200209
B1022484557293N01344255EA008920093400209
B1022494557290N01344262EA008940093700209
B1022504557286N01344268EA008980094100209
B1022514557282N01344271EA009000094400209
B1022524557277N01344272EA009020094800209
B1022534557273N01344270EA009050095100209
B1022544557271N01344267EA009070095400209
B1022554557270N01344263EA009090095700209
B1022564557270N01344258EA009120096100209
B1022574557271N01344253EA009150096400209
B1022584557275N01344248EA009180096700209
B1022594557279N01344245EA009200097000209
B1023004557284N01344244EA009210097200209
B1023014557289N01344245EA009240097500209
B1023024557294N01344250EA009260097800209
B1023034557298N01344257EA009280098100209
B1023044557301N01344265EA009310098400209
B1023054557301N01344274EA009320098600209
B1023064557298N01344281EA009350098800209
B1023074557295N01344286EA009370099000209
B1023084557291N01344288EA009400099300209
B1023094557286N01344288EA009420099500209
B1023104557283N01344286EA009440099800209
B1023114557282N01344282EA009470100000209
B1023124557282N01344276EA009490100300209
B1023134557283N01344271EA009510100500209
B1023144557286N01344267EA009530100800209
B1023154557289N01344264EA009550101100209
B1023164557293N01344262EA009570101300209
B1023174557298N01344261EA009600101500209
B1023184557303N01344262EA009630101700209
B1023194557309N01344265EA009660101900209
B1023204557313N01344271EA009670102100209
B1023214557316N01344278EA009700102300209
B1023224557317N01344286EA009730102500209
B1023234557315N01344294EA009750102700209
B1023244557312N01344299EA009780103000209
B1023254557308N01344303EA009800103200209
B1023264557304N01344304EA009830103500209
B1023274557300N01344303EA009850103800209
B1023284557296N01344300EA009870104000209
B1023294557294N01344295EA009900104200209
B1023304557294N01344290EA009920104500209
B1023314557296N01344285EA009950104700209
B1023324557299N01344281EA009980104900209
B1023334557304N01344279EA010010105100209
B1023344557310N01344279EA010040105400209
B1023354557315N01344281EA010060105700209
B1023364557320N01344286EA010090106000209
B1023374557323N01344292EA010120106200209
B1023384557326N01344300EA010140106600209
B1023394557328N01344307EA010180106900209
B1023404557329N01344315EA010200107200209
B1023414557328N01344323EA010230107500209
B1023424557326N01344330EA010250107700209
B1023434557321N01344334EA010280108000209
B1023444557316N01344336EA010320108300209
B1023454557311N01344336EA010360108600209
B1023464557307N01344333EA010380108900209
B1023474557306N01344328EA010410109100209
B1023484557307N01344323EA010440109400209
B1023494557309N01344318EA010470109600209
B1023504557314N01344315EA010510110000209
B1023514557319N01344314EA010530110300209
B1023524557324N01344316EA010560110500209
B1023534557329N01344321EA010580110800209
B1023544557333N01344327EA010590111100209
B1023554557334N01344335EA010610111400209
B1023564557335N01344343EA010630111600209
B1023574557333N01344350EA010660111900209
B1023584557330N01344357EA010700112200209
B1023594557326N01344362EA010730112500209
B1024004557322N01344366EA010750112800209
B1024014557317N01344366EA010770113100209
B1024024557312N01344365EA010810113500209
B1024034557309N01344362EA010850113800209
B1024044557307N01344358EA010880114100209
B1024054557305N01344354EA010900114400209
B1024064557305N01344350EA010940114700209
B1024074557306N01344345EA010970115000209
B1024084557308N01344340EA011010115300209
B1024094557311N01344337EA011050115700209
B1024104557316N01344336EA011080116000209
B1024114557320N01344339EA011090116400209
B1024124557323N01344343EA011110116700209
B1024134557325N01344349EA011130117000209
B1024144557327N01344355EA011160117300209
B1024154557327N01344362EA011190117600209
B1024164557325N01344369EA011220117800209
B1024174557321N01344375EA011260118000209
B1024184557316N01344378EA011300118400209
B1024194557312N01344379EA011320118700209
B1024204557309N01344378EA011340119000209
B1024214557307N01344376EA011360119300209
B1024224557304N01344374EA011390119500209
B1024234557300N01344371EA011410119800209
B1024244557298N01344367EA011420120100209
B1024254557296N01344362EA011440120300209
B1024264557297N01344357EA011450120500209
B1024274557299N01344353EA011470120700209
B1024284557302N01344350EA011500120900209
B1024294557306N01344347EA011540121100209
B1024304557311N01344346EA011560121300209
B1024314557316N01344348EA011600121700209
B1024324557320N01344353EA011620121900209
B1024334557322N01344359EA011620122100209
B1024344557324N01344367EA011650122300209
B1024354557324N01344374EA011670122600209
B1024364557322N01344382EA011690122900209
B1024374557319N01344389EA011720123200209
B1024384557314N01344395EA011750123400209
B1024394557309N01344400EA011780123700209
B1024404557303N01344402EA011800123900209
B1024414557298N01344403EA011800124100209
B1024424557293N01344404EA011810124300209
B1024434557289N01344403EA011820124500209
B1024444557286N01344402EA011820124700209
B1024454557282N01344400EA011820124800209
B1024464557280N01344398EA011830125000209
B1024474557278N01344394EA011820125100209
B1024484557277N01344390EA011820125100209
B1024494557278N01344385EA011830125000209
B1024504557281N01344382EA011820125000209
B1024514557285N01344380EA011860125100209
B1024524557290N01344379EA011900125300209
B1024534557295N01344381EA011930125500209
B1024544557298N01344384EA011960125700209
B1024554557301N01344388EA011980125900209
B1024564557304N01344394EA012000126100209
B1024574557307N01344401EA012020126300209
B1024584557310N01344409EA012050126500209
B1024594557313N01344417EA012070126700209
B1025004557314N01344425EA012090126900209
B1025014557315N01344434EA012090127200209
B1025024557314N01344442EA012100127400209
B1025034557311N01344449EA012110127600209
B1025044557307N01344455EA012090127700209
B1025054557303N01344458EA012090127800209
B1025064557298N01344459EA012080127900209
B1025074557295N01344458EA012070127900209
B1025084557291N01344455EA012050127900209
B1025094557289N01344451EA012030128100209
B1025104557288N01344447EA012020128200209
B1025114557287N01344441EA012020128100209
B1025124557288N01344435EA012030127900209
B1025134557290N01344429EA012060127900209
B1025144557293N01344423EA012080127900209
B1025154557296N01344419EA012110127900209
B1025164557299N01344416EA012120128100209
B1025174557302N01344414EA012120128200209
B1025184557305N01344412EA012120128200209
B1025194557309N01344411EA012120128200209
B1025204557313N01344410EA012130128300209
B1025214557317N01344410EA012150128400209
B1025224557322N01344411EA012160128500209
B1025234557326N01344412EA012180128600209
B1025244557330N01344414EA012200128600209
B1025254557334N01344417EA012210128800209
B1025264557337N01344422EA012230128900209
B1025274557340N01344427EA012240129000209
B1025284557343N01344433EA012250129100209
B1025294557345N01344440EA012270129300209
B1025304557347N01344447EA012290129400209
B1025314557347N01344454EA012300129600209
B1025324557347N01344462EA012310129800209
B1025334557345N01344470EA012310129900209
B1025344557342N01344477EA012320130000209
B1025354557338N01344482EA012330130100209
B1025364557333N01344484EA012350130000209
B1025374557328N01344484EA012350130000209
B1025384557323N01344482EA012370130100209
B1025394557320N01344479EA012390130200209
B1025404557318N01344475EA012400130300209
B1025414557317N01344470EA012410130400209
B1025424557317N01344465EA012430130600209
B1025434557318N01344461EA012440130700209
B1025444557321N01344458EA012440130800209
B1025454557325N01344456EA012450130900209
B1025464557328N01344455EA012450130900209
B1025474557332N01344454EA012480131000209
B1025484557336N01344455EA012470131100209
B1025494557340N01344458EA012480131200209
B1025504557344N01344463EA012490131200210
B1025514557346N01344469EA012520131400210
B1025524557348N01344477EA012530131500210
B1025534557350N01344485EA012530131700210
B1025544557351N01344494EA012540131900210
B1025554557351N01344503EA012550132000210
B1025564557349N01344511EA012550132000210
B1025574557346N01344518EA012540132000210
B1025584557342N01344523EA012530131900210
B1025594557338N01344526EA012530131900210
B1026004557333N01344527EA012530131900210
B1026014557328N01344524EA012530131900210
B1026024557324N01344521EA012540131900210
B1026034557321N01344517EA012550131900210
B1026044557318N01344513EA012560132000210
B1026054557316N01344508EA012570132100210
B1026064557314N01344503EA012570132200210
B1026074557312N01344498EA012580132400210
B1026084557312N01344493EA012590132500210
B1026094557312N01344489EA012580132600210
B1026104557313N01344484EA012580132600210
B1026114557316N01344480EA012590132700210
B1026124557318N01344477EA012600132700210
B1026134557321N01344473EA012620132900210
B1026144557324N01344471EA012630133000210
B1026154557327N01344469EA012630133100210
B1026164557331N01344469EA012640133200210
B1026174557334N01344470EA012660133300210
B1026184557338N01344471EA012680133400210
B1026194557342N01344474EA012700133500210
B1026204557345N01344478EA012720133700210
B1026214557348N01344482EA012730133900210
B1026224557351N01344488EA012740134000210
B1026234557354N01344494EA012770134100210
B1026244557357N01344500EA012790134300210
B1026254557359N01344507EA012810134600210
B1026264557360N01344514EA012820134700210
B1026274557360N01344522EA012830134900210
B1026284557359N01344529EA012850135100210
B1026294557357N01344537EA012860135200210
B1026304557353N01344543EA012870135300210
B1026314557350N01344549EA012870135400210
B1026324557346N01344553EA012860135400210
B1026334557343N01344557EA012860135300210
B1026344557338N01344559EA012850135200210
B1026354557333N01344560EA012850135100210
B1026364557328N01344560EA012850135100210
B1026374557323N01344559EA012840135100210
B1026384557319N01344557EA012850135100210
B1026394557315N01344553EA012850135000210
B1026404557311N01344549EA012840135000210
B1026414557308N01344545EA012840134900210
B1026424557306N01344540EA012830134900210
B1026434557303N01344536EA012830134900210
B1026444557301N01344532EA012850134900210
B1026454557299N01344527EA012840134900210
B1026464557299N01344522EA012840134900210
B1026474557299N01344517EA012840134900210
B1026484557298N01344513EA012850135000210
B1026494557297N01344508EA012850135100210
B1026504557297N01344503EA012860135100210
B1026514557296N01344498EA012860135100210
B1026524557297N01344492EA012870135200210
B1026534557298N01344487EA012870135300210
B1026544557299N01344484EA012870135400210
B1026554557301N01344481EA012860135400210
B1026564557304N01344478EA012870135400210
B1026574557307N01344475EA012860135400210
B1026584557309N01344471EA012860135400210
B1026594557312N01344468EA012850135400210
B1027004557315N01344465EA012820135300210
B1027014557318N01344463EA012810135100210
B1027024557322N01344461EA012780134900210
B1027034557327N01344460EA012760134700210
B1027044557332N01344461EA012740134600210
B1027054557336N01344465EA012720134500210
B1027064557339N01344471EA012720134400210
B1027074557342N01344478EA012720134400210
B1027084557343N01344487EA012720134400210
B1027094557342N01344494EA012710134300210
B1027104557339N01344503EA012710134300210
B1027114557337N01344510EA012720134300210
B1027124557333N01344519EA012730134300210
B1027134557329N01344526EA012750134300210
B1027144557325N01344532EA012770134300210
B1027154557320N01344537EA012770134400210
B1027164557315N01344541EA012780134500210
B1027174557311N01344546EA012780134500210
B1027184557307N01344551EA012780134500210
B1027194557302N01344556EA012780134600210
B1027204557298N01344561EA012770134600210
B1027214557294N01344567EA012770134600210
B1027224557290N01344571EA012760134500210
B1027234557285N01344576EA012750134400210
B1027244557280N01344580EA012730134300210
B1027254557274N01344583EA012720134100210
B1027264557269N01344583EA012700134000210
B1027274557264N01344582EA012700134000210
B1027284557260N01344580EA012700133900210
B1027294557256N01344578EA012670133900210
B1027304557253N01344576EA012650133700210
B1027314557249N01344574EA012610133500210
B1027324557245N01344571EA012600133300210
B1027334557241N01344567EA012580133100210
B1027344557236N01344563EA012570132900210
B1027354557233N01344558EA012560132800210
B1027364557229N01344553EA012540132700210
B1027374557226N01344548EA012530132600210
B1027384557222N01344544EA012500132400210
B1027394557218N01344539EA012480132100210
B1027404557214N01344535EA012450131900210
B1027414557209N01344532EA012430131500210
B1027424557204N01344531EA012400131200210
B1027434557198N01344532EA012390131000210
B1027444557193N01344534EA012380130800210
B1027454557188N01344537EA012380130600210
B1027464557183N01344541EA012370130500210
B1027474557179N01344545EA012360130400210
B1027484557175N01344550EA012350130400210
B1027494557171N01344554EA012320130200210
B1027504557168N01344559EA012320130100210
B1027514557166N01344564EA012300130000210
B1027524557164N01344569EA012280129800210
B1027534557162N01344575EA012260129700210
B1027544557160N01344581EA012260129600210
B1027554557158N01344587EA012240129500210
B1027564557157N01344593EA012220129300210
B1027574557156N01344599EA012210129100210
B1027584557155N01344606EA012190128800210
B1027594557155N01344613EA012160128600210
B1028004557155N01344621EA012120128400210
B1028014557155N01344629EA012120128100210
B1028024557156N01344636EA012090127900210
B1028034557156N01344644EA012070127700210
B1028044557157N01344652EA012050127400210
B1028054557158N01344660EA012040127100210
B1028064557159N01344669EA012010126900210
B1028074557160N01344677EA011990126800210
B1028084557160N01344685EA011970126600210
B1028094557160N01344693EA011960126500210
B1028104557160N01344700EA011930126300210
B1028114557161N01344709EA011910126100210
B1028124557160N01344717EA011910125900210
B1028134557160N01344725EA011890125800210
B1028144557160N01344733EA011880125600210
B1028154557159N01344741EA011870125500210
B1028164557159N01344748EA011850125300210
B1028174557158N01344756EA011830125100210
B1028184557156N01344764EA011810125000210
B1028194557155N01344773EA011810124900210
B1028204557154N01344781EA011790124800210
B1028214557153N01344790EA011800124700210
B1028224557152N01344798EA011780124600210
B1028234557150N01344806EA011760124500210
B1028244557149N01344814EA011740124400210
B1028254557148N01344823EA011730124200210
B1028264557147N01344832EA011720124100210
B1028274557146N01344840EA011720124000210
B1028284557145N01344848EA011700123900210
B1028294557144N01344856EA011690123800210
B1028304557142N01344864EA011700123700210
B1028314557141N01344872EA011680123600210
B1028324557140N01344880EA011670123500210
B1028334557138N01344889EA011660123400210
B1028344557137N01344897EA011650123300210
B1028354557136N01344905EA011640123200210
B1028364557135N01344914EA011630123100210
B1028374557133N01344921EA011600122900210
B1028384557132N01344930EA011600122800210
B1028394557131N01344937EA011590122700210
B1028404557129N01344946EA011580122500210
B1028414557128N01344954EA011570122400210
B1028424557127N01344963EA011560122400210
B1028434557126N01344971EA011560122300210
B1028444557125N01344979EA011540122200210
B1028454557124N01344988EA011540122100210
B1028464557123N01344996EA011520122000210
B1028474557122N01345004EA011500121800210
B1028484557121N01345013EA011480121600210
B1028494557121N01345021EA011470121400210
B1028504557121N01345031EA011440121200210
B1028514557121N01345040EA011440121100210
B1028524557120N01345048EA011430121000210
B1028534557119N01345056EA011410120800210
B1028544557118N01345064EA011390120600210
B1028554557118N01345073EA011370120400209
B1028564557117N01345081EA011360120200209
B1028574557116N01345091EA011340120100209
B1028584557115N01345100EA011340120000209
B1028594557113N01345108EA011330119900209
B1029004557112N01345117EA011320119800209
B1029014557111N01345126EA011300119700209
B1029024557108N01345134EA011290119500209
B1029034557105N01345143EA011290119400209
B1029044557103N01345150EA011280119400209
B1029054557101N01345158EA011270119200209
B1029064557099N01345166EA011250119100209
B1029074557097N01345173EA011240119000209
B1029084557094N01345181EA011230118900209
B1029094557093N01345189EA011220118700209
B1029104557091N01345197EA011210118600209
B1029114557089N01345204EA011190118500209
B1029124557087N01345212EA011180118400209
B1029134557084N01345220EA011160118200209
B1029144557082N01345227EA011140118100209
B1029154557080N01345235EA011120117800209
B1029164557078N01345243EA011100117600210
B1029174557076N01345252EA011090117400210
B1029184557074N01345260EA011070117300209
B1029194557071N01345268EA011060117100209
B1029204557069N01345275EA011050117000209
B1029214557066N01345282EA011030116900210
B1029224557063N01345288EA011010116800210
B1029234557060N01345295EA010990116600209
B1029244557058N01345302EA010970116300210
B1029254557055N01345309EA010970116100209
B1029264557052N01345317EA010950116000210
B1029274557049N01345325EA010940115800209
B1029284557046N01345332EA010940115700209
B1029294557044N01345338EA010920115500209
B1029304557041N01345345EA010890115300210
B1029314557039N01345351EA010860115100210
B1029324557036N01345358EA010840114800210
B1029334557034N01345365EA010820114600210
B1029344557031N01345372EA010810114400210
B1029354557029N01345379EA010810114300210
B1029364557027N01345387EA010790114100210
B1029374557025N01345394EA010780114100210
B1029384557022N01345401EA010760114000210
B1029394557020N01345407EA010750113800210
B1029404557018N01345413EA010720113600210
B1029414557015N01345419EA010690113400210
B1029424557011N01345425EA010680113200210
B1029434557008N01345431EA010660113000210
B1029444557005N01345437EA010650112800210
B1029454557001N01345443EA010640112600210
B1029464556998N01345450EA010620112500210
B1029474556994N01345456EA010620112300210
B1029484556990N01345462EA010600112300210
B1029494556987N01345468EA010600112200210
B1029504556984N01345474EA010590112100210
B1029514556980N01345480EA010580112100210
B1029524556977N01345486EA010570112000210
B1029534556973N01345492EA010560111900210
B1029544556969N01345499EA010560111900210
B1029554556966N01345505EA010550111800210
B1029564556962N01345512EA010540111700210
B1029574556958N01345519EA010530111600210
B1029584556955N01345526EA010530111600210
B1029594556951N01345534EA010510111500210
B1030004556947N01345541EA010500111400210
B1030014556944N01345549EA010490111300210
B1030024556941N01345558EA010480111100210
B1030034556938N01345567EA010480111000210
B1030044556936N01345577EA010460111000210
B1030054556933N01345587EA010470111000210
B1030064556931N01345597EA010470111000210
B1030074556929N01345607EA010470111000210
B1030084556927N01345617EA010460111000210
B1030094556925N01345627EA010450111000209
B1030104556924N01345638EA010450110900209
B1030114556922N01345648EA010440110800209
B1030124556921N01345659EA010460110800209
B1030134556920N01345670EA010480110900209
B1030144556919N01345680EA010500111000209
B1030154556916N01345689EA010520111200209
B1030164556914N01345698EA010530111300209
B1030174556912N01345706EA010550111400209
B1030184556911N01345714EA010540111500209
B1030194556909N01345722EA010560111600209
B1030204556907N01345729EA010560111700210
B1030214556904N01345736EA010580111800210
B1030224556901N01345743EA010600111900210
B1030234556897N01345749EA010620112000210
B1030244556893N01345753EA010630112100210
B1030254556889N01345755EA010630112200210
B1030264556885N01345755EA010630112300210
B1030274556881N01345754EA010640112300210
B1030284556877N01345751EA010660112500210
B1030294556874N01345748EA010660112600210
B1030304556872N01345743EA010660112600210
B1030314556870N01345736EA010680112700210
B1030324556868N01345729EA010680112700210
B1030334556865N01345723EA010690112700210
B1030344556863N01345717EA010700112800210
B1030354556861N01345712EA010700112900210
B1030364556860N01345706EA010700113000210
B1030374556860N01345700EA010710113100210
B1030384556862N01345694EA010710113100210
B1030394556864N01345688EA010730113200210
B1030404556868N01345683EA010730113300210
B1030414556872N01345680EA010740113400210
B1030424556877N01345679EA010770113500210
B1030434556882N01345679EA010790113600210
B1030444556888N01345680EA010830113800210
B1030454556893N01345683EA010850114100210
B1030464556898N01345687EA010880114500210
B1030474556902N01345690EA010890114800210
B1030484556907N01345692EA010910115000210
B1030494556912N01345693EA010940115100210
B1030504556917N01345693EA010960115300210
B1030514556922N01345693EA010980115500210
B1030524556927N01345693EA010990115700210
B1030534556931N01345694EA010990115900210
B1030544556936N01345695EA010990116000210
B1030554556939N01345696EA010990116100210
B1030564556943N01345697EA010990116100210
B1030574556947N01345698EA010990116200210
B1030584556952N01345699EA011000116200210
B1030594556956N01345699EA011020116400210
B1031004556961N01345699EA011030116500210
B1031014556965N01345697EA011030116700210
B1031024556968N01345695EA011040116700210
B1031034556972N01345690EA011030116800210
B1031044556974N01345685EA011030116800210
B1031054556975N01345679EA011020116900210
B1031064556975N01345673EA011010116900210
B1031074556974N01345668EA011000116900210
B1031084556972N01345663EA010990116800210
B1031094556968N01345659EA010990116700210
B1031104556964N01345657EA010990116700210
B1031114556960N01345657EA010990116600210
B1031124556955N01345658EA010990116600210
B1031134556950N01345662EA010990116700210
B1031144556945N01345667EA010980116700210
B1031154556939N01345673EA010980116700210
B1031164556934N01345679EA010990116700210
B1031174556929N01345683EA010990116700210
B1031184556923N01345687EA010990116700210
B1031194556918N01345690EA011000116700210
B1031204556913N01345695EA011000116500210
B1031214556908N01345699EA011010116500210
B1031224556903N01345704EA011030116600210
B1031234556897N01345707EA011050116700210
B1031244556892N01345710EA011060116800210
B1031254556887N01345712EA011060116900210
B1031264556883N01345716EA011070117000210
B1031274556878N01345719EA011080117100210
B1031284556873N01345722EA011090117100210
B1031294556869N01345726EA011090117200210
B1031304556865N01345730EA011100117200210
B1031314556861N01345736EA011100117200210
B1031324556858N01345742EA011090117200210
B1031334556855N01345748EA011080117200210
B1031344556852N01345754EA011080117200210
B1031354556850N01345761EA011070117100210
B1031364556850N01345769EA011050116900210
B1031374556852N01345777EA011050116800210
B1031384556855N01345784EA011050116800210
B1031394556859N01345789EA011050116800210
B1031404556864N01345793EA011040116800210
B1031414556869N01345794EA011040116800210
B1031424556875N01345793EA011030116700210
B1031434556880N01345791EA011040116700210
B1031444556885N01345789EA011040116700210
B1031454556891N01345785EA011050116800210
B1031464556896N01345783EA011060116900210
B1031474556900N01345780EA011070117100210
B1031484556904N01345776EA011080117100210
B1031494556907N01345772EA011080117200210
B1031504556909N01345767EA011080117200210
B1031514556911N01345762EA011090117200210
B1031524556911N01345755EA011090117300210
B1031534556910N01345749EA011080117300210
B1031544556909N01345744EA011100117300210
B1031554556907N01345739EA011090117300210
B1031564556904N01345734EA011090117300210
B1031574556900N01345731EA011090117300210
B1031584556896N01345729EA011080117200210
B1031594556892N01345727EA011070117200210
B1032004556887N01345727EA011070117100210
B1032014556882N01345727EA011060117000210
B1032024556877N01345729EA011070116900210
B1032034556872N01345732EA011070117000210
B1032044556867N01345736EA011070117000210
B1032054556863N01345741EA011070117000210
B1032064556860N01345748EA011050116900210
B1032074556858N01345755EA011040116900210
B1032084556857N01345764EA011030116800210
B1032094556857N01345772EA011020116800210
B1032104556858N01345779EA011000116700210
B1032114556861N01345786EA010980116500210
B1032124556865N01345791EA010970116300210
B1032134556871N01345793EA010960116200210
B1032144556876N01345793EA010960116200210
B1032154556881N01345790EA010950116100210
B1032164556884N01345785EA010930116100210
B1032174556885N01345779EA010940116000210
B1032184556883N01345774EA010930115900210
B1032194556880N01345770EA010920115800210
B1032204556876N01345769EA010900115700210
B1032214556872N01345770EA010900115600210
B1032224556868N01345772EA010880115500210
B1032234556863N01345775EA010870115300210
B1032244556858N01345779EA010840115100210
B1032254556853N01345784EA010820114800210
B1032264556849N01345789EA010800114600210
B1032274556846N01345794EA010770114400210
B1032284556843N01345801EA010750114100210
B1032294556840N01345808EA010710113800210
B1032304556837N01345815EA010690113500210
B1032314556835N01345823EA010650113200210
B1032324556832N01345830EA010610112800210
B1032334556829N01345837EA010580112500210
B1032344556826N01345844EA010560112200210
B1032354556824N01345852EA010520111900210
B1032364556821N01345859EA010500111700210
B1032374556818N01345867EA010480111500210
B1032384556815N01345874EA010460111300210
B1032394556812N01345882EA010430111100210
B1032404556809N01345888EA010410110900210
B1032414556807N01345895EA010380110600210
B1032424556804N01345902EA010350110300210
B1032434556801N01345909EA010340110100210
B1032444556798N01345915EA010330109900210
B1032454556795N01345921EA010320109800210
B1032464556792N01345927EA010300109600210
B1032474556789N01345932EA010280109500210
B1032484556786N01345937EA010250109200210
B1032494556783N01345942EA010210108900210
B1032504556780N01345948EA010180108600210
B1032514556776N01345954EA010160108300210
B1032524556773N01345960EA010130108100210
B1032534556771N01345965EA010110107800210
B1032544556769N01345971EA010090107600210
B1032554556767N01345977EA010050107200210
B1032564556766N01345984EA010020106900210
B1032574556764N01345990EA010000106600210
B1032584556763N01345997EA009970106300210
B1032594556762N01346004EA009930106000210
B1033004556761N01346011EA009900105700210
B1033014556760N01346018EA009870105400210
B1033024556758N01346025EA009860105100210
B1033034556757N01346032EA009840104900210
B1033044556755N01346039EA009820104700210
B1033054556753N01346046EA009820104600210
B1033064556752N01346052EA009810104500210
B1033074556752N01346058EA009780104300210
B1033084556751N01346064EA009760104100210
B1033094556750N01346071EA009730103800210
B1033104556750N01346079EA009720103600210
B1033114556749N01346087EA009710103400210
B1033124556748N01346095EA009690103300210
B1033134556747N01346102EA009680103200210
B1033144556746N01346110EA009660103100209
B1033154556746N01346117EA009640102900210
B1033164556745N01346124EA009630102800210
B1033174556745N01346131EA009610102500210
B1033184556744N01346138EA009590102400210
B1033194556744N01346145EA009570102200210
B1033204556743N01346151EA009560102000210
B1033214556743N01346158EA009530101800210
B1033224556743N01346166EA009500101600210
B1033234556741N01346173EA009490101300210
B1033244556739N01346181EA009480101100210
B1033254556736N01346188EA009460101000210
B1033264556734N01346196EA009440100800210
B1033274556731N01346202EA009420100700210
B1033284556729N01346209EA009400100500210
B1033294556727N01346216EA009380100200210
B1033304556726N01346224EA009360100000210
B1033314556725N01346231EA009350099800210
B1033324556724N01346240EA009340099700209
B1033334556723N01346247EA009310099500209
B1033344556722N01346255EA009290099300209
B1033354556721N01346262EA009270099100209
B1033364556720N01346269EA009260098900209
B1033374556717N01346275EA009240098700209
B1033384556713N01346280EA009210098400209
B1033394556708N01346282EA009180098200209
B1033404556704N01346282EA009160098000209
B1033414556699N01346280EA009130097800209
B1033424556694N01346278EA009120097600209
B1033434556690N01346276EA009100097400209
B1033444556685N01346275EA009060097200209
B1033454556681N01346272EA009040096900209
B1033464556677N01346269EA009020096600209
B1033474556673N01346266EA009000096400209
B1033484556669N01346263EA008980096100209
B1033494556665N01346260EA008950095800209
B1033504556661N01346256EA008940095600209
B1033514556657N01346253EA008920095400209
B1033524556654N01346249EA008930095300209
B1033534556650N01346246EA008920095200209
B1033544556646N01346244EA008920095100209
B1033554556642N01346241EA008920095100209
B1033564556639N01346239EA008920095200209
B1033574556637N01346237EA008920095200209
B1033584556634N01346234EA008910095200209
B1033594556632N01346231EA008900095100209
B1034004556630N01346227EA008890094900209
B1034014556628N01346224EA008870094800209
B1034024556625N01346221EA008860094700209
B1034034556622N01346218EA008840094600209
B1034044556619N01346216EA008830094400209
B1034054556615N01346214EA008800094200209
B1034064556611N01346210EA008780094000209
B1034074556607N01346207EA008760093800209
B1034084556604N01346203EA008750093600209
B1034094556600N01346199EA008740093500209
B1034104556596N01346196EA008720093400209
B1034114556592N01346192EA008710093200209
B1034124556589N01346188EA008690093100209
B1034134556585N01346184EA008670092900209
B1034144556581N01346180EA008660092800209
B1034154556578N01346176EA008650092700209
B1034164556574N01346172EA008630092500209
B1034174556570N01346168EA008620092400209
B1034184556566N01346165EA008600092200209
B1034194556562N01346162EA008570092000209
B1034204556557N01346159EA008560091800209
B1034214556553N01346156EA008540091600209
B1034224556549N01346153EA008530091500209
B1034234556544N01346151EA008520091300209
B1034244556539N01346149EA008500091100209
B1034254556535N01346147EA008490091000209
B1034264556530N01346145EA008490090900209
B1034274556525N01346144EA008480090800209
B1034284556520N01346141EA008480090700209
B1034294556515N01346139EA008480090700209
B1034304556510N01346136EA008480090700209
B1034314556505N01346134EA008490090700209
B1034324556500N01346131EA008500090800209
B1034334556495N01346129EA008500090800209
B1034344556490N01346128EA008510090900209
B1034354556486N01346126EA008530091000209
B1034364556481N01346124EA008530091100209
B1034374556477N01346123EA008530091200209
B1034384556473N01346122EA008530091200209
B1034394556469N01346121EA008530091200209
B1034404556465N01346120EA008520091200209
B1034414556460N01346120EA008510091200209
B1034424556456N01346120EA008500091100209
B1034434556450N01346120EA008510091100209
B1034444556446N01346122EA008510091100209
B1034454556441N01346124EA008520091100209
B1034464556438N01346128EA008520091200209
B1034474556436N01346133EA008530091100209
B1034484556434N01346140EA008520091200209
B1034494556434N01346146EA008530091200209
B1034504556436N01346152EA008520091100209
B1034514556440N01346157EA008510091200209
B1034524556444N01346161EA008530091200209
B1034534556450N01346162EA008550091200209
B1034544556455N01346161EA008530091200209
B1034554556459N01346157EA008540091200209
B1034564556462N01346151EA008550091300209
B1034574556464N01346145EA008560091300209
B1034584556466N01346138EA008560091400209
B1034594556468N01346132EA008560091400209
B1035004556471N01346127EA008560091400209
B1035014556473N01346121EA008560091400209
B1035024556476N01346116EA008550091300209
B1035034556479N01346112EA008550091300209
B1035044556483N01346109EA008540091200209
B1035054556487N01346109EA008540091200209
B1035064556491N01346111EA008530091200209
B1035074556495N01346116EA008530091100209
B1035084556497N01346123EA008520091100209
B1035094556498N01346130EA008520091100209
B1035104556496N01346138EA008520091000209
B1035114556492N01346144EA008530090900209
B1035124556488N01346149EA008520090900209
B1035134556483N01346151EA008520090900209
B1035144556478N01346153EA008520090900209
B1035154556473N01346154EA008510090800209
B1035164556468N01346155EA008510090800209
B1035174556463N01346155EA008500090800209
B1035184556458N01346156EA008510090800209
B1035194556452N01346156EA008510090700209
B1035204556448N01346155EA008500090700209
B1035214556443N01346154EA008500090700209
B1035224556439N01346152EA008500090600209
B1035234556434N01346149EA008490090500209
B1035244556430N01346146EA008480090400209
B1035254556425N01346141EA008470090300209
B1035264556422N01346136EA008450090200209
B1035274556419N01346130EA008450090000209
B1035284556418N01346123EA008430089900209
B1035294556417N01346115EA008410089700209
B1035304556417N01346108EA008390089400209
B1035314556418N01346100EA008390089200209
B1035324556420N01346093EA008370089100209
B1035334556423N01346087EA008340088900209
B1035344556426N01346083EA008320088800209
B1035354556430N01346079EA008300088500209
B1035364556435N01346078EA008280088400209
B1035374556440N01346080EA008280088200209
B1035384556444N01346083EA008260088100209
B1035394556447N01346089EA008260088000209
B1035404556449N01346097EA008250087900209
B1035414556451N01346105EA008240087800209
B1035424556451N01346114EA008250087800209
B1035434556451N01346122EA008240087800209
B1035444556450N01346129EA008230087700209
B1035454556449N01346136EA008230087700209
B1035464556448N01346144EA008230087500209
B1035474556447N01346151EA008220087400209
B1035484556445N01346159EA008200087300209
B1035494556442N01346167EA008210087200209
B1035504556440N01346175EA008220087300209
B1035514556438N01346183EA008220087300209
B1035524556436N01346191EA008220087400209
B1035534556434N01346198EA008240087400209
B1035544556433N01346206EA008240087500209
B1035554556432N01346213EA008270087600209
B1035564556431N01346221EA008290087800209
B1035574556433N01346228EA008310087900209
B1035584556435N01346233EA008330088100209
B1035594556439N01346237EA008340088200209
B1036004556443N01346239EA008350088300209
B1036014556448N01346238EA008360088400209
B1036024556451N01346234EA008360088500209
B1036034556453N01346227EA008380088600209
B1036044556453N01346220EA008390088700209
B1036054556451N01346213EA008420088900209
B1036064556449N01346209EA008430089100209
B1036074556445N01346207EA008430089200209
B1036084556441N01346208EA008450089300209
B1036094556438N01346213EA008450089400209
B1036104556436N01346219EA008470089500209
B1036114556436N01346226EA008490089700209
B1036124556437N01346233EA008520089900209
B1036134556440N01346238EA008540090100209
B1036144556443N01346243EA008550090300209
B1036154556447N01346245EA008550090400209
B1036164556451N01346246EA008560090600209
B1036174556455N01346244EA008580090700209
B1036184556458N01346240EA008580090800209
B1036194556460N01346234EA008590090900209
B1036204556460N01346228EA008610091000209
B1036214556458N01346221EA008630091100209
B1036224556455N01346216EA008650091300209
B1036234556450N01346213EA008660091400209
B1036244556446N01346212EA008670091400209
B1036254556441N01346214EA008670091600209
B1036264556437N01346218EA008680091700209
B1036274556434N01346224EA008700091800209
B1036284556432N01346231EA008710091900209
B1036294556432N01346238EA008720092000209
B1036304556432N01346245EA008750092100209
B1036314556434N01346251EA008760092300209
B1036324556438N01346256EA008790092500209
B1036334556442N01346259EA008800092600209
B1036344556445N01346259EA008810092800209
B1036354556448N01346256EA008820092900209
B1036364556450N01346252EA008840093100209
B1036374556451N01346246EA008850093200209
B1036384556451N01346240EA008870093400210
B1036394556449N01346234EA008870093600210
B1036404556446N01346230EA008870093700210
B1036414556441N01346226EA008880093800210
B1036424556435N01346225EA008900093900210
B1036434556430N01346226EA008920094100210
B1036444556425N01346229EA008920094200210
B1036454556422N01346234EA008920094300210
B1036464556421N01346240EA008910094400210
B1036474556421N01346247EA008910094400210
B1036484556422N01346253EA008910094400210
B1036494556425N01346259EA008920094500210
B1036504556429N01346263EA008920094500210
B1036514556433N01346266EA008930094600210
B1036524556438N01346267EA008950094700210
B1036534556443N01346265EA008960094800210
B1036544556448N01346263EA008990095000210
B1036554556453N01346261EA009000095200210
B1036564556457N01346259EA009030095500210
B1036574556462N01346257EA009050095600210
B1036584556465N01346253EA009070095800210
B1036594556468N01346248EA009070096000210
B1037004556469N01346242EA009080096100210
B1037014556468N01346236EA009090096200210
B1037024556465N01346230EA009120096400210
B1037034556461N01346225EA009130096600210
B1037044556457N01346223EA009150096700210
B1037054556452N01346222EA009150096800210
B1037064556447N01346224EA009150096900210
B1037074556444N01346229EA009170097000210
B1037084556441N01346235EA009190097200210
B1037094556439N01346243EA009200097400210
B1037104556439N01346250EA009220097500210
B1037114556439N01346256EA009230097700210
B1037124556441N01346263EA009250097800210
B1037134556445N01346268EA009280098000210
B1037144556449N01346272EA009300098200210
B1037154556454N01346275EA009320098400210
B1037164556459N01346274EA009340098500210
B1037174556462N01346271EA009360098600210
B1037184556464N01346265EA009360098800210
B1037194556464N01346259EA009370098900210
B1037204556462N01346254EA009390099100210
B1037214556458N01346251EA009390099200210
B1037224556453N01346250EA009400099200210
B1037234556448N01346252EA009420099400210
B1037244556443N01346256EA009440099500210
B1037254556440N01346262EA009470099700210
B1037264556439N01346269EA009470099800210
B1037274556439N01346276EA009490100000210
B1037284556442N01346283EA009510100100210
B1037294556445N01346289EA009530100300210
B1037304556450N01346295EA009550100500210
B1037314556455N01346298EA009560100700210
B1037324556461N01346299EA009590100900210
B1037334556466N01346298EA009600101100210
B1037344556471N01346295EA009630101200210
B1037354556475N01346291EA009660101400210
B1037364556477N01346285EA009670101500210
B1037374556478N01346278EA009690101700210
B1037384556476N01346273EA009700101900210
B1037394556473N01346269EA009720102100210
B1037404556469N01346267EA009730102200210
B1037414556464N01346267EA009750102400210
B1037424556460N01346269EA009780102600210
B1037434556455N01346273EA009790102800210
B1037444556451N01346279EA009800102900210
B1037454556450N01346287EA009830103200210
B1037464556450N01346294EA009840103400210
B1037474556453N01346301EA009860103600210
B1037484556456N01346307EA009880103800210
B1037494556461N01346311EA009890104000210
B1037504556466N01346314EA009910104200210
B1037514556472N01346314EA009930104400210
B1037524556477N01346313EA009940104600210
B1037534556482N01346311EA009970104800210
B1037544556487N01346308EA010000105000210
B1037554556490N01346304EA010010105300210
B1037564556492N01346299EA010010105500210
B1037574556493N01346293EA010010105500210
B1037584556492N01346286EA010010105600210
B1037594556489N01346280EA010030105600210
B1038004556485N01346275EA010050105700210
B1038014556480N01346272EA010090105900210
B1038024556475N01346270EA010120106100210
B1038034556470N01346270EA010140106500210
B1038044556466N01346272EA010160106800210
B1038054556462N01346274EA010170107100210
B1038064556459N01346278EA010190107400210
B1038074556457N01346283EA010190107600210
B1038084556456N01346290EA010200107800210
B1038094556457N01346298EA010230108000210
B1038104556459N01346305EA010260108200210
B1038114556463N01346311EA010290108400210
B1038124556467N01346316EA010310108700210
B1038134556471N01346319EA010310108900210
B1038144556476N01346320EA010320109100210
B1038154556481N01346319EA010340109200210
B1038164556486N01346317EA010360109300210
B1038174556491N01346312EA010370109500210
B1038184556494N01346307EA010390109700210
B1038194556496N01346300EA010400109900210
B1038204556496N01346293EA010410110100210
B1038214556495N01346285EA010420110200210
B1038224556492N01346279EA010440110400210
B1038234556490N01346273EA010440110500210
B1038244556487N01346267EA010450110600210
B1038254556485N01346262EA010460110800210
B1038264556482N01346257EA010460110900210
B1038274556479N01346254EA010490111000210
B1038284556474N01346251EA010500111100210
B1038294556468N01346250EA010530111200210
B1038304556462N01346252EA010550111400210
B1038314556458N01346255EA010570111600210
B1038324556456N01346260EA010580111800210
B1038334556455N01346267EA010600111900210
B1038344556455N01346274EA010630112100210
B1038354556457N01346281EA010650112300210
B1038364556460N01346287EA010670112500210
B1038374556463N01346293EA010700112700210
B1038384556469N01346295EA010720112800210
B1038394556474N01346295EA010730113100210
B1038404556479N01346293EA010740113300210
B1038414556483N01346288EA010750113400210
B1038424556483N01346281EA010760113600210
B1038434556483N01346274EA010780113700210
B1038444556481N01346267EA010790113800210
B1038454556478N01346262EA010810113900210
B1038464556475N01346258EA010800114100210
B1038474556470N01346256EA010830114200210
B1038484556466N01346257EA010860114300210
B1038494556462N01346261EA010880114500210
B1038504556459N01346266EA010910114600210
B1038514556459N01346273EA010940114800210
B1038524556460N01346279EA010970115000210
B1038534556463N01346284EA010990115200209
B1038544556467N01346288EA011010115300209
B1038554556472N01346290EA011030115500209
B1038564556477N01346289EA011040115600209
B1038574556480N01346286EA011040115800209
B1038584556483N01346281EA011050116000209
B1038594556484N01346275EA011050116100209
B1039004556484N01346269EA011060116100209
B1039014556484N01346262EA011070116200209
B1039024556482N01346256EA011090116300209
B1039034556479N01346251EA011100116400209
B1039044556476N01346249EA011130116500209
B1039054556471N01346248EA011140116700209
B1039064556467N01346248EA011160116900209
B1039074556462N01346249EA011170117100209
B1039084556458N01346250EA011200117300209
B1039094556454N01346252EA011200117500209
B1039104556450N01346254EA011230117700209
B1039114556447N01346257EA011240117900209
B1039124556446N01346261EA011250118100209
B1039134556445N01346266EA011250118300308
B1039144556444N01346272EA011260118400209
B1039154556444N01346279EA011270118500209
B1039164556444N01346287EA011270118600209
B1039174556445N01346294EA011270118700209
B1039184556448N01346302EA011290118900209
B1039194556452N01346308EA011300119000209
B1039204556458N01346312EA011320119100209
B1039214556463N01346313EA011340119300209
B1039224556469N01346312EA011380119500209
B1039234556473N01346308EA011400119700209
B1039244556476N01346304EA011410119800209
B1039254556477N01346299EA011410120000209
B1039264556477N01346292EA011420120100209
B1039274556476N01346285EA011420120200209
B1039284556474N01346279EA011440120400209
B1039294556470N01346272EA011460120500209
B1039304556465N01346267EA011490120600209
B1039314556460N01346264EA011520120700209
B1039324556455N01346264EA011550120900209
B1039334556450N01346265EA011560121100209
B1039344556447N01346268EA011570121400209
B1039354556443N01346273EA011580121500209
B1039364556440N01346278EA011560121700209
B1039374556439N01346285EA011540121700209
B1039384556441N01346293EA011510121800209
B1039394556444N01346301EA011540121800209
B1039404556449N01346307EA011550121800209
B1039414556454N01346310EA011590121900209
B1039424556460N01346311EA011610122100209
B1039434556464N01346309EA011630122200209
B1039444556468N01346307EA011650122500209
B1039454556471N01346303EA011660122700209
B1039464556474N01346300EA011660122900209
B1039474556476N01346295EA011670123100209
B1039484556479N01346290EA011670123200209
B1039494556480N01346283EA011670123300209
B1039504556480N01346276EA011680123400209
B1039514556479N01346268EA011690123400209
B1039524556478N01346260EA011710123500209
B1039534556475N01346253EA011730123700209
B1039544556472N01346247EA011770123800209
B1039554556468N01346242EA011790124000209
B1039564556463N01346240EA011820124200209
B1039574556459N01346240EA011810124400209
B1039584556455N01346243EA011820124600209
B1039594556453N01346248EA011830124700209
B1040004556454N01346255EA011840124800209
B1040014556456N01346263EA011870125000209
B1040024556459N01346269EA011890125300209
B1040034556463N01346274EA011910125500209
B1040044556467N01346276EA011930125600209
B1040054556471N01346277EA011920125800209
B1040064556475N01346275EA011930125900209
B1040074556478N01346272EA011920125900209
B1040084556481N01346268EA011920126000209
B1040094556485N01346262EA011940125900209
B1040104556488N01346256EA011940126000209
B1040114556490N01346249EA011940126100209
B1040124556490N01346241EA011940126100209
B1040134556489N01346234EA011960126200209
B1040144556486N01346226EA011970126200209
B1040154556483N01346220EA011990126300209
B1040164556480N01346213EA012020126400209
B1040174556476N01346208EA012030126500209
B1040184556473N01346203EA012020126600209
B1040194556470N01346200EA012020126700209
B1040204556467N01346199EA011980126700209
B1040214556463N01346200EA011980126600209
B1040224556459N01346201EA011970126500209
B1040234556454N01346202EA011980126500209
B1040244556449N01346203EA011970126500209
B1040254556444N01346205EA011960126500209
B1040264556441N01346210EA011940126400209
B1040274556439N01346216EA011920126300209
B1040284556439N01346222EA011900126200209
B1040294556440N01346228EA011890126000209
B1040304556441N01346235EA011860125900209
B1040314556442N01346242EA011870125700209
B1040324556443N01346250EA011870125600209
B1040334556444N01346259EA011870125600209
B1040344556447N01346265EA011890125600209
B1040354556450N01346269EA011890125700209
B1040364556454N01346270EA011890125700209
B1040374556458N01346270EA011890125800209
B1040384556462N01346269EA011900125900209
B1040394556466N01346268EA011890125900209
B1040404556471N01346266EA011900125900209
B1040414556475N01346265EA011900125900209
B1040424556479N01346263EA011900126000209
B1040434556483N01346261EA011900125900209
B1040444556487N01346258EA011900125900209
B1040454556490N01346254EA011900125900209
B1040464556494N01346249EA011910125800209
B1040474556498N01346244EA011910125700209
B1040484556502N01346240EA011920125800209
B1040494556507N01346238EA011920125700209
B1040504556511N01346239EA011920125800209
B1040514556514N01346242EA011910125800209
B1040524556518N01346248EA011910125800209
B1040534556521N01346254EA011920125800209
B1040544556524N01346261EA011920125800209
B1040554556526N01346267EA011920125800209
B1040564556529N01346272EA011920125800209
B1040574556532N01346279EA011920125800209
B1040584556535N01346285EA011920125700209
B1040594556538N01346292EA011910125700209
B1041004556541N01346298EA011920125700209
B1041014556544N01346305EA011910125700209
B1041024556547N01346311EA011910125700209
B1041034556549N01346317EA011910125600209
B1041044556551N01346324EA011910125500209
B1041054556554N01346331EA011900125500209
B1041064556556N01346339EA011920125600209
B1041074556558N01346347EA011940125700209
B1041084556560N01346355EA011960125900209
B1041094556561N01346363EA011980126100209
B1041104556563N01346370EA012000126300209
B1041114556565N01346377EA012010126600209
B1041124556567N01346384EA012030126700209
B1041134556569N01346390EA012040126900209
B1041144556571N01346396EA012060127000209
B1041154556574N01346402EA012070127200209
B1041164556576N01346408EA012090127300209
B1041174556579N01346414EA012110127600209
B1041184556581N01346419EA012130127800209
B1041194556582N01346426EA012140127900209
B1041204556585N01346432EA012150128100209
B1041214556586N01346440EA012180128200209
B1041224556588N01346447EA012210128400209
B1041234556590N01346455EA012240128600209
B1041244556590N01346463EA012250128900209
B1041254556589N01346470EA012290129100209
B1041264556587N01346475EA012310129400209
B1041274556585N01346481EA012310129600209
B1041284556582N01346485EA012330129700209
B1041294556578N01346489EA012340129800209
B1041304556574N01346492EA012340130000209
B1041314556570N01346495EA012350130000209
B1041324556566N01346498EA012360130100209
B1041334556562N01346500EA012340130100209
B1041344556557N01346502EA012320130200209
B1041354556554N01346503EA012300130200209
B1041364556550N01346504EA012260130200209
B1041374556546N01346504EA012230130300209
B1041384556542N01346504EA012200130100209
B1041394556537N01346502EA012170130000209
B1041404556533N01346498EA012140129900209
B1041414556531N01346492EA012120129900209
B1041424556532N01346485EA012100129800209
B1041434556534N01346478EA012080129700209
B1041444556539N01346473EA012060129400209
B1041454556544N01346470EA012030129100209
B1041464556550N01346470EA012010129000209
B1041474556555N01346473EA012020128800209
B1041484556560N01346479EA012000128700209
B1041494556565N01346485EA011990128500209
B1041504556570N01346491EA012000128300209
B1041514556577N01346496EA012010128300209
B1041524556583N01346502EA012040128200209
B1041534556588N01346508EA012060128200209
B1041544556592N01346513EA012090128200209
B1041554556597N01346518EA012100128200209
B1041564556601N01346521EA012110128200209
B1041574556606N01346525EA012130128300209
B1041584556610N01346528EA012140128400209
B1041594556615N01346531EA012150128400209
B1042004556619N01346535EA012160128500209
B1042014556623N01346538EA012170128600209
B1042024556628N01346540EA012170128700209
B1042034556632N01346541EA012190128700209
B1042044556637N01346539EA012200128800209
B1042054556641N01346535EA012220128900209
B1042064556645N01346530EA012230129000209
B1042074556646N01346525EA012250129200209
B1042084556646N01346520EA012250129300209
B1042094556644N01346515EA012260129400209
B1042104556641N01346511EA012260129400209
B1042114556636N01346509EA012290129400209
B1042124556631N01346508EA012300129500209
B1042134556626N01346509EA012320129700209
B1042144556622N01346512EA012340130000209
B1042154556619N01346517EA012340130200209
B1042164556617N01346523EA012340130300209
B1042174556616N01346530EA012340130300209
B1042184556617N01346538EA012340130400209
B1042194556618N01346546EA012360130400209
B1042204556621N01346552EA012370130500209
B1042214556625N01346558EA012380130600209
B1042224556629N01346561EA012390130700209
B1042234556634N01346564EA012390130700209
B1042244556640N01346564EA012400130800209
B1042254556644N01346564EA012400130900209
B1042264556649N01346562EA012420131000209
B1042274556653N01346558EA012430131000209
B1042284556657N01346554EA012450131100209
B1042294556660N01346548EA012470131300209
B1042304556662N01346542EA012470131400209
B1042314556663N01346536EA012480131600209
B1042324556663N01346530EA012490131600209
B1042334556661N01346524EA012500131700209
B1042344556659N01346519EA012500131700209
B1042354556656N01346513EA012510131700209
B1042364556652N01346508EA012530131800209
B1042374556649N01346505EA012530132100209
B1042384556644N01346503EA012540132200209
B1042394556641N01346501EA012550132400209
B1042404556637N01346501EA012550132500209
B1042414556633N01346502EA012560132600209
B1042424556628N01346503EA012570132700209
B1042434556624N01346506EA012580132800209
B1042444556620N01346510EA012580132900209
B1042454556617N01346515EA012600133000209
B1042464556614N01346521EA012580133100209
B1042474556612N01346528EA012590133100209
B1042484556610N01346535EA012590133100209
B1042494556608N01346542EA012590133100209
B1042504556608N01346550EA012600133200209
B1042514556608N01346557EA012600133300209
B1042524556610N01346565EA012600133200209
B1042534556614N01346572EA012610133300209
B1042544556618N01346578EA012620133400209
B1042554556623N01346583EA012630133400209
B1042564556628N01346587EA012640133500209
B1042574556633N01346589EA012640133500209
B1042584556639N01346590EA012650133600209
B1042594556644N01346590EA012660133800209
B1043004556650N01346589EA012670133800209
B1043014556655N01346588EA012680133900209
B1043024556660N01346586EA012700133900209
B1043034556664N01346583EA012710133900209
B1043044556667N01346578EA012710134000209
B1043054556670N01346574EA012720134100209
B1043064556672N01346568EA012720134200209
B1043074556673N01346562EA012710134200209
B1043084556672N01346556EA012730134300209
B1043094556670N01346551EA012740134300209
B1043104556668N01346545EA012750134400209
B1043114556665N01346540EA012760134400209
B1043124556662N01346536EA012770134500209
B1043134556658N01346532EA012780134600209
B1043144556654N01346529EA012780134700209
B1043154556650N01346529EA012790134700209
B1043164556645N01346531EA012800134800209
B1043174556641N01346535EA012810135000209
B1043184556639N01346541EA012830135100209
B1043194556636N01346548EA012830135200209
B1043204556635N01346555EA012830135200209
B1043214556635N01346563EA012830135200209
B1043224556636N01346571EA012830135200209
B1043234556638N01346579EA012850135300209
B1043244556642N01346585EA012850135400209
B1043254556646N01346591EA012860135500209
B1043264556650N01346596EA012870135600209
B1043274556654N01346601EA012860135700209
B1043284556659N01346605EA012860135800209
B1043294556664N01346609EA012860135800209
B1043304556669N01346611EA012860135800209
B1043314556674N01346613EA012860135800209
B1043324556680N01346614EA012870135800209
B1043334556684N01346617EA012870135800209
B1043344556689N01346622EA012860135800209
B1043354556692N01346627EA012860135900209
B1043364556694N01346634EA012860135900209
B1043374556695N01346641EA012850135900209
B1043384556695N01346648EA012830135900209
B1043394556695N01346654EA012800135900209
B1043404556694N01346660EA012780135900209
B1043414556693N01346666EA012750135800209
B1043424556690N01346671EA012710135500209
B1043434556686N01346675EA012660135200209
B1043444556682N01346675EA012630135000209
B1043454556678N01346672EA012600134800209
B1043464556674N01346666EA012600134700209
B1043474556672N01346657EA012600134500209
B1043484556673N01346649EA012620134400209
B1043494556673N01346641EA012620134400209
B1043504556673N01346634EA012620134400209
B1043514556672N01346629EA012630134400209
B1043524556671N01346623EA012620134400209
B1043534556671N01346618EA012610134200209
B1043544556671N01346613EA012610134100209
B1043554556672N01346608EA012580133900209
B1043564556673N01346602EA012580133700209
B1043574556676N01346597EA012590133500209
B1043584556679N01346591EA012570133400209
B1043594556681N01346586EA012580133300209
B1044004556683N01346579EA012580133300209
B1044014556685N01346572EA012580133200209
B1044024556687N01346566EA012590133200209
B1044034556689N01346560EA012580133200209
B1044044556692N01346554EA012570133100209
B1044054556694N01346548EA012570133100209
B1044064556697N01346541EA012560133000209
B1044074556699N01346535EA012570133000209
B1044084556701N01346528EA012580133000209
B1044094556702N01346520EA012580133000209
B1044104556703N01346513EA012610133000209
B1044114556703N01346505EA012640133000209
B1044124556703N01346498EA012660133100209
B1044134556701N01346491EA012680133200209
B1044144556699N01346487EA012700133200209
B1044154556696N01346484EA012720133300209
B1044164556693N01346483EA012730133400209
B1044174556689N01346485EA012750133400209
B1044184556686N01346490EA012770133500209
B1044194556685N01346496EA012800133700209
B1044204556685N01346503EA012810133900209
B1044214556687N01346509EA012820134100209
B1044224556690N01346512EA012830134100209
B1044234556694N01346513EA012840134200209
B1044244556698N01346514EA012850134300209
B1044254556702N01346514EA012850134400209
B1044264556705N01346512EA012850134500209
B1044274556708N01346508EA012850134500209
B1044284556711N01346503EA012870134700209
B1044294556712N01346496EA012890134800209
B1044304556712N01346489EA012900135000209
B1044314556710N01346483EA012930135100209
B1044324556708N01346477EA012950135200209
B1044334556706N01346471EA012980135400209
B1044344556704N01346467EA013020135600209
B1044354556701N01346463EA013040135800209
B1044364556699N01346461EA013050136000209
B1044374556696N01346461EA013060136100209
B1044384556693N01346465EA013100136300209
B1044394556690N01346472EA013130136500209
B1044404556688N01346479EA013160136700209
B1044414556688N01346486EA013200137000209
B1044424556689N01346491EA013230137300209
B1044434556692N01346496EA013240137500209
B1044444556695N01346499EA013250137800209
B1044454556700N01346500EA013260138000209
B1044464556705N01346500EA013280138200209
B1044474556710N01346499EA013290138400209
B1044484556715N01346497EA013310138600209
B1044494556720N01346494EA013320138900209
B1044504556723N01346490EA013340139100210
B1044514556726N01346486EA013350139300210
B1044524556729N01346480EA013370139500210
B1044534556731N01346473EA013390139700210
B1044544556733N01346465EA013410139900210
B1044554556734N01346458EA013440140200210
B1044564556733N01346451EA013460140500210
B1044574556732N01346445EA013480140800210
B1044584556729N01346440EA013490141000210
B1044594556727N01346435EA013510141300210
B1045004556724N01346430EA013550141500210
B1045014556721N01346426EA013560141800210
B1045024556717N01346422EA013590142000210
B1045034556714N01346420EA013620142300210
B1045044556710N01346419EA013650142500210
B1045054556706N01346420EA013680142800210
B1045064556702N01346423EA013700143000210
B1045074556699N01346429EA013730143200210
B1045084556698N01346436EA013770143400210
B1045094556699N01346444EA013780144000210
B1045104556701N01346450EA013790144300210
B1045114556704N01346454EA013800144600210
B1045124556709N01346457EA013800144800210
B1045134556714N01346458EA013830144900210
B1045144556720N01346456EA013850145100210
B1045154556725N01346451EA013890145400210
B1045164556729N01346446EA013930145600210
B1045174556731N01346439EA013950146000210
B1045184556733N01346432EA013970146300210
B1045194556733N01346425EA013990146500210
B1045204556733N01346417EA014010146800210
B1045214556733N01346410EA014020147000210
B1045224556732N01346403EA014020147200210
B1045234556730N01346397EA014030147300210
B1045244556727N01346391EA014050147400210
B1045254556723N01346387EA014080147500210
B1045264556718N01346382EA014110147700210
B1045274556713N01346378EA014150147900210
B1045284556708N01346375EA014170148300210
B1045294556704N01346372EA014190148500210
B1045304556700N01346371EA014210148800210
B1045314556697N01346371EA014210149000210
B1045324556693N01346371EA014220149100210
B1045334556691N01346373EA014210149200210
B1045344556688N01346376EA014220149300210
B1045354556686N01346380EA014210149400210
B1045364556686N01346385EA014210149400210
B1045374556687N01346390EA014210149500210
B1045384556690N01346395EA014230149500210
B1045394556695N01346399EA014240149600210
B1045404556700N01346402EA014270149700210
B1045414556705N01346403EA014300149900210
B1045424556711N01346402EA014330150000210
B1045434556716N01346399EA014350150200210
B1045444556720N01346395EA014370150400210
B1045454556724N01346389EA014390150600210
B1045464556727N01346382EA014420150800210
B1045474556729N01346375EA014430151100210
B1045484556730N01346367EA014460151300210
B1045494556729N01346359EA014470151400210
B1045504556728N01346352EA014490151500210
B1045514556725N01346346EA014500151600210
B1045524556721N01346341EA014510151700210
B1045534556716N01346338EA014510151900210
B1045544556712N01346338EA014510152000210
B1045554556708N01346341EA014510152100210
B1045564556706N01346345EA014520152100210
B1045574556705N01346351EA014520152200210
B1045584556706N01346357EA014530152300210
B1045594556707N01346362EA014540152400210
B1046004556709N01346368EA014540152500210
B1046014556712N01346374EA014550152600210
B1046024556714N01346380EA014570152800210
B1046034556717N01346385EA014580152900210
B1046044556722N01346389EA014610153000210
B1046054556727N01346391EA014630153300210
B1046064556732N01346391EA014660153400210
B1046074556737N01346389EA014670153600210
B1046084556742N01346387EA014680153800210
B1046094556746N01346383EA014690154000210
B1046104556750N01346380EA014720154200210
B1046114556754N01346376EA014730154300210
B1046124556759N01346372EA014740154500210
B1046134556763N01346367EA014770154700210
B1046144556767N01346362EA014770154900210
B1046154556770N01346357EA014770155100210
B1046164556772N01346351EA014790155200210
B1046174556773N01346344EA014790155200210
B1046184556772N01346337EA014800155300210
B1046194556771N01346330EA014800155300210
B1046204556768N01346323EA014800155300210
B1046214556765N01346318EA014810155400210
B1046224556761N01346313EA014840155500210
B1046234556756N01346309EA014860155600210
B1046244556752N01346305EA014870155800210
B1046254556748N01346303EA014880155900210
B1046264556744N01346302EA014890156000210
B1046274556740N01346302EA014900156100210
B1046284556735N01346303EA014900156200210
B1046294556732N01346306EA014910156300210
B1046304556729N01346310EA014910156300210
B1046314556727N01346315EA014900156300210
B1046324556726N01346320EA014890156300210
B1046334556727N01346325EA014900156200210
B1046344556728N01346331EA014890156200210
B1046354556731N01346337EA014890156200210
B1046364556734N01346341EA014890156200210
B1046374556738N01346345EA014900156200210
B1046384556744N01346348EA014890156300210
B1046394556749N01346349EA014900156300210
B1046404556755N01346349EA014910156300210
B1046414556760N01346346EA014920156400210
B1046424556766N01346340EA014930156500210
B1046434556769N01346333EA014950156500210
B1046444556770N01346324EA014970156600210
B1046454556770N01346315EA014970156700210
B1046464556769N01346307EA014990156800210
B1046474556766N01346301EA015000156900210
B1046484556762N01346296EA015010156900210
B1046494556758N01346294EA015010156900210
B1046504556753N01346294EA015020157000210
B1046514556749N01346295EA015020157000210
B1046524556746N01346298EA015000157000210
B1046534556743N01346302EA014990156900210
B1046544556742N01346307EA014980156900210
B1046554556742N01346313EA014970156800210
B1046564556743N01346318EA014960156700210
B1046574556745N01346324EA014960156600210
B1046584556748N01346330EA014950156600210
B1046594556753N01346334EA014950156600210
B1047004556758N01346338EA014960156700210
B1047014556764N01346340EA014970156700210
B1047024556769N01346341EA014980156800210
B1047034556775N01346340EA014980156900210
B1047044556780N01346337EA015000157100210
B1047054556785N01346334EA015010157300210
B1047064556790N01346330EA015020157400210
B1047074556795N01346325EA015020157500210
B1047084556798N01346320EA015030157700210
B1047094556801N01346313EA015030157800210
B1047104556802N01346306EA015020157800210
B1047114556802N01346299EA015020157900210
B1047124556801N01346291EA015010157900210
B1047134556799N01346284EA015010157900210
B1047144556796N01346278EA015010157900210
B1047154556793N01346272EA015000157900210
B1047164556788N01346268EA015010157900210
B1047174556784N01346264EA015010157900210
B1047184556779N01346261EA015010157900210
B1047194556774N01346258EA015020158000210
B1047204556770N01346255EA015010157900210
B1047214556766N01346253EA015000157900210
B1047224556762N01346252EA014990157900210
B1047234556757N01346251EA014980157800210
B1047244556753N01346252EA014960157700210
B1047254556749N01346254EA014970157600210
B1047264556745N01346256EA014960157500210
B1047274556742N01346259EA014970157400210
B1047284556738N01346262EA014960157400210
B1047294556735N01346266EA014960157400210
B1047304556733N01346270EA014950157300210
B1047314556731N01346275EA014950157300210
B1047324556729N01346280EA014950157200210
B1047334556727N01346285EA014950157200210
B1047344556726N01346291EA014950157200210
B1047354556725N01346297EA014950157200210
B1047364556724N01346302EA014940157200210
B1047374556724N01346307EA014930157200210
B1047384556723N01346311EA014930157100210
B1047394556723N01346316EA014930157000210
B1047404556724N01346322EA014940157000210
B1047414556725N01346327EA014930157000210
B1047424556725N01346333EA014920157000210
B1047434556725N01346338EA014910156900210
B1047444556724N01346343EA014900156800210
B1047454556722N01346348EA014890156700210
B1047464556720N01346353EA014880156600210
B1047474556719N01346358EA014860156500210
B1047484556720N01346364EA014840156300210
B1047494556722N01346369EA014820156000210
B1047504556725N01346375EA014800155900210
B1047514556730N01346378EA014790155800210
B1047524556735N01346380EA014780155700210
B1047534556741N01346379EA014770155500210
B1047544556747N01346377EA014760155400210
B1047554556752N01346373EA014740155300210
B1047564556757N01346368EA014720155100210
B1047574556762N01346362EA014700154900210
B1047584556765N01346354EA014690154700210
B1047594556769N01346346EA014670154500210
B1048004556772N01346337EA014650154300210
B1048014556775N01346328EA014630154100210
B1048024556778N01346319EA014630154000210
B1048034556780N01346309EA014610153800210
B1048044556781N01346301EA014640153700210
B1048054556782N01346293EA014630153700210
B1048064556781N01346287EA014620153700210
B1048074556780N01346281EA014620153600210
B1048084556778N01346275EA014610153500210
B1048094556776N01346269EA014600153500210
B1048104556774N01346263EA014590153500210
B1048114556772N01346258EA014580153400210
B1048124556770N01346253EA014560153300210
B1048134556767N01346248EA014540153100210
B1048144556764N01346245EA014510152900210
B1048154556760N01346243EA014490152700210
B1048164556756N01346242EA014480152500210
B1048174556752N01346244EA014460152400210
B1048184556749N01346248EA014440152200210
B1048194556747N01346253EA014440152100210
B1048204556744N01346258EA014430151900210
B1048214556742N01346263EA014420151900210
B1048224556739N01346267EA014420151800210
B1048234556736N01346270EA014410151700210
B1048244556732N01346272EA014410151700210
B1048254556728N01346273EA014410151600210
B1048264556724N01346274EA014420151600210
B1048274556720N01346276EA014420151600210
B1048284556717N01346278EA014430151700210
B1048294556713N01346279EA014430151700210
B1048304556709N01346280EA014440151700210
B1048314556705N01346280EA014440151800210
B1048324556702N01346281EA014430151800210
B1048334556699N01346283EA014430151800210
B1048344556696N01346286EA014420151800210
B1048354556695N01346290EA014420151700210
B1048364556694N01346295EA014420151700210
B1048374556694N01346301EA014420151700210
B1048384556696N01346308EA014450151700210
B1048394556699N01346315EA014450151800210
B1048404556703N01346322EA014450151900210
B1048414556707N01346329EA014470152000210
B1048424556709N01346335EA014470152100210
B1048434556711N01346341EA014470152100210
B1048444556711N01346348EA014480152100210
B1048454556711N01346355EA014490152200210
B1048464556710N01346362EA014510152300210
B1048474556709N01346368EA014530152500210
B1048484556706N01346374EA014550152700210
B1048494556704N01346379EA014560152800210
B1048504556701N01346384EA014590153000210
B1048514556697N01346388EA014610153200210
B1048524556693N01346391EA014640153300210
B1048534556688N01346391EA014650153500210
B1048544556683N01346389EA014690153700210
B1048554556679N01346386EA014700153900210
B1048564556675N01346382EA014710154100210
B1048574556671N01346378EA014710154200210
B1048584556667N01346374EA014700154400210
B1048594556664N01346369EA014690154400210
B1049004556660N01346364EA014690154500210
B1049014556657N01346359EA014670154400210
B1049024556654N01346353EA014660154400210
B1049034556651N01346346EA014650154400210
B1049044556649N01346337EA014640154400210
B1049054556647N01346329EA014630154300210
B1049064556647N01346321EA014610154200210
B1049074556648N01346314EA014600154100210
B1049084556650N01346307EA014570154000210
B1049094556653N01346302EA014550153900210
B1049104556656N01346297EA014550153800210
B1049114556661N01346293EA014530153600210
B1049124556666N01346290EA014530153500210
B1049134556671N01346288EA014530153400210
B1049144556677N01346287EA014540153300210
B1049154556683N01346288EA014560153300210
B1049164556689N01346289EA014590153400210
B1049174556695N01346291EA014590153600210
B1049184556700N01346293EA014610153800210
B1049194556704N01346296EA014640153900210
B1049204556708N01346298EA014650154000210
B1049214556713N01346301EA014680154200210
B1049224556718N01346303EA014690154400210
B1049234556723N01346305EA014720154600210
B1049244556728N01346308EA014740154700210
B1049254556732N01346311EA014740154900210
B1049264556737N01346314EA014740155000210
B1049274556741N01346318EA014750155100210
B1049284556745N01346323EA014760155100210
B1049294556748N01346329EA014770155100210
B1049304556751N01346335EA014780155200210
B1049314556753N01346342EA014800155300210
B1049324556754N01346349EA014820155500210
B1049334556754N01346355EA014820155600210
B1049344556753N01346361EA014840155800210
B1049354556752N01346366EA014840155900210
B1049364556749N01346372EA014850155900210
B1049374556745N01346376EA014860156000210
B1049384556742N01346380EA014890156100210
B1049394556738N01346383EA014920156200210
B1049404556734N01346388EA014950156500210
B1049414556731N01346391EA014970156800210
B1049424556727N01346393EA014990157000210
B1049434556722N01346393EA015010157200210
B1049444556718N01346390EA015040157400210
B1049454556714N01346385EA015060157600210
B1049464556711N01346379EA015080157800210
B1049474556710N01346371EA015100158000210
B1049484556710N01346362EA015120158200210
B1049494556711N01346354EA015150158400210
B1049504556713N01346346EA015160158600210
B1049514556716N01346339EA015180158800210
B1049524556719N01346334EA015180159100210
B1049534556723N01346330EA015190159300210
B1049544556728N01346329EA015210159400210
B1049554556733N01346329EA015220159600210
B1049564556738N01346330EA015250159900210
B1049574556743N01346333EA015270160100210
B1049584556748N01346336EA015290160300210
B1049594556753N01346340EA015320160500210
B1050004556757N01346344EA015340160700210
B1050014556759N01346350EA015340160800210
B1050024556761N01346356EA015350161000210
B1050034556762N01346363EA015360161100210
B1050044556762N01346371EA015370161200210
B1050054556762N01346379EA015390161400210
B1050064556762N01346387EA015430161700210
B1050074556763N01346394EA015440162000210
B1050084556762N01346401EA015460162200210
B1050094556761N01346406EA015470162400210
B1050104556758N01346411EA015500162600210
B1050114556755N01346416EA015510162800210
B1050124556751N01346419EA015510163000210
B1050134556747N01346421EA015530163100210
B1050144556742N01346422EA015550163300210
B1050154556737N01346421EA015560163400210
B1050164556731N01346420EA015570163500210
B1050174556726N01346418EA015580163700210
B1050184556721N01346414EA015590163800210
B1050194556716N01346409EA015590163800210
B1050204556711N01346404EA015570163900210
B1050214556706N01346399EA015570163900210
B1050224556702N01346392EA015560163800210
B1050234556698N01346384EA015560163800210
B1050244556696N01346375EA015550163800210
B1050254556696N01346366EA015550163800210
B1050264556697N01346357EA015540163800210
B1050274556699N01346349EA015540163800210
B1050284556703N01346342EA015530163800210
B1050294556707N01346336EA015520163700210
B1050304556713N01346330EA015510163500210
B1050314556718N01346326EA015490163300210
B1050324556724N01346322EA015470163000210
B1050334556731N01346319EA015460162800210
B1050344556737N01346318EA015450162700210
B1050354556744N01346318EA015440162600210
B1050364556750N01346319EA015450162600210
B1050374556757N01346322EA015480162600210
B1050384556762N01346325EA015510162700210
B1050394556768N01346330EA015530162800210
B1050404556772N01346335EA015570163000210
B1050414556775N01346341EA015600163100210
B1050424556777N01346347EA015630163400210
B1050434556779N01346353EA015660163700210
B1050444556780N01346359EA015680164000210
B1050454556781N01346365EA015710164200210
B1050464556780N01346372EA015740164400210
B1050474556780N01346378EA015760164700210
B1050484556779N01346385EA015790165000210
B1050494556777N01346391EA015800165300210
B1050504556775N01346397EA015820165400210
B1050514556772N01346403EA015830165500210
B1050524556768N01346407EA015830165500210
B1050534556764N01346411EA015850165600210
B1050544556759N01346414EA015870165700210
B1050554556754N01346416EA015890165900210
B1050564556748N01346416EA015900166100210
B1050574556743N01346416EA015900166300210
B1050584556738N01346414EA015910166400210
B1050594556733N01346412EA015910166400210
B1051004556728N01346408EA015930166400210
B1051014556723N01346403EA015910166500210
B1051024556719N01346397EA015900166600210
B1051034556716N01346389EA015890166700210
B1051044556715N01346382EA015870166700210
B1051054556715N01346374EA015850166700210
B1051064556716N01346366EA015820166600210
B1051074556717N01346357EA015820166500210
B1051084556720N01346349EA015800166400210
B1051094556724N01346341EA015790166300210
B1051104556729N01346335EA015770166100210
B1051114556734N01346330EA015750166000210
B1051124556739N01346326EA015740165800210
B1051134556745N01346324EA015720165700210
B1051144556752N01346322EA015700165500210
B1051154556759N01346322EA015690165300210
B1051164556767N01346323EA015700165200210
B1051174556775N01346324EA015700165100210
B1051184556782N01346327EA015700165000210
B1051194556789N01346331EA015710165000210
B1051204556795N01346336EA015730165100210
B1051214556801N01346342EA015750165200210
B1051224556805N01346349EA015760165300210
B1051234556808N01346356EA015780165300210
B1051244556809N01346363EA015810165500210
B1051254556810N01346371EA015830165700210
B1051264556810N01346378EA015850165900210
B1051274556810N01346385EA015880166200210
B1051284556808N01346391EA015900166500210
B1051294556807N01346397EA015910166700210
B1051304556805N01346403EA015920166900210
B1051314556802N01346409EA015940167000210
B1051324556799N01346414EA015960167100210
B1051334556795N01346419EA015980167300210
B1051344556791N01346423EA016000167400210
B1051354556786N01346425EA016020167600210
B1051364556781N01346426EA016040167800210
B1051374556777N01346427EA016060168000210
B1051384556772N01346427EA016070168200210
B1051394556767N01346425EA016090168400210
B1051404556762N01346423EA016110168500210
B1051414556758N01346419EA016110168600210
B1051424556753N01346415EA016120168700210
B1051434556749N01346410EA016120168800210
B1051444556745N01346405EA016120168900210
B1051454556742N01346399EA016100168900210
B1051464556741N01346392EA016080168800210
B1051474556741N01346385EA016060168800210
B1051484556742N01346377EA016030168800210
B1051494556744N01346370EA016010168800210
B1051504556748N01346363EA015990168800210
B1051514556752N01346357EA015950168800210
B1051524556758N01346352EA015960168700210
B1051534556765N01346348EA015960168600210
B1051544556773N01346344EA015970168600210
B1051554556780N01346342EA015980168600210
B1051564556787N01346340EA016000168600210
B1051574556794N01346339EA016010168700210
B1051584556800N01346338EA016030168600210
B1051594556807N01346338EA016030168700210
B1052004556813N01346339EA016050168700210
B1052014556819N01346341EA016060168700210
B1052024556825N01346344EA016080168800210
B1052034556831N01346348EA016110169000210
B1052044556837N01346352EA016130169200210
B1052054556842N01346356EA016150169400210
B1052064556846N01346360EA016180169600210
B1052074556851N01346364EA016190169800210
B1052084556854N01346370EA016220170100210
B1052094556858N01346376EA016250170300210
B1052104556860N01346381EA016270170500210
B1052114556863N01346386EA016270170800210
B1052124556864N01346391EA016280170900210
B1052134556865N01346397EA016280171000210
B1052144556866N01346402EA016290171100210
B1052154556866N01346409EA016310171200210
B1052164556866N01346415EA016320171300210
B1052174556866N01346421EA016320171400210
B1052184556865N01346426EA016340171500210
B1052194556863N01346431EA016340171500210
B1052204556859N01346435EA016360171600210
B1052214556856N01346438EA016370171800210
B1052224556851N01346440EA016390172000210
B1052234556847N01346441EA016420172100210
B1052244556843N01346441EA016440172300210
B1052254556838N01346441EA016460172500210
B1052264556834N01346440EA016480172700210
B1052274556830N01346439EA016490172900210
B1052284556826N01346436EA016520173100210
B1052294556823N01346432EA016540173200210
B1052304556820N01346427EA016550173500210
B1052314556818N01346421EA016560173700210
B1052324556816N01346414EA016580173800210
B1052334556815N01346407EA016600173900210
B1052344556814N01346400EA016620174000210
B1052354556814N01346392EA016640174200210
B1052364556814N01346384EA016660174400210
B1052374556814N01346376EA016700174700210
B1052384556815N01346369EA016720175000210
B1052394556817N01346362EA016740175200210
B1052404556819N01346355EA016750175400210
B1052414556823N01346349EA016760175600210
B1052424556828N01346343EA016790175800210
B1052434556834N01346339EA016810176000209
B1052444556841N01346338EA016820176200210
B1052454556847N01346338EA016830176400210
B1052464556852N01346341EA016840176500210
B1052474556857N01346345EA016850176700210
B1052484556861N01346350EA016860176800210
B1052494556865N01346356EA016870176800210
B1052504556868N01346363EA016870176800210
B1052514556870N01346370EA016880176800210
B1052524556870N01346378EA016890176800210
B1052534556869N01346385EA016900176800210
B1052544556867N01346392EA016920177000209
B1052554556864N01346398EA016930177100209
B1052564556862N01346405EA016930177200209
B1052574556860N01346411EA016930177300209
B1052584556857N01346418EA016940177300209
B1052594556854N01346425EA016940177300209
B1053004556850N01346430EA016970177300209
B1053014556845N01346434EA016980177500209
B1053024556841N01346437EA017000177600209
B1053034556836N01346439EA017010177700209
B1053044556832N01346441EA017040177900209
B1053054556827N01346444EA017040178100209
B1053064556821N01346446EA017070178400209
B1053074556816N01346449EA017090178600209
B1053084556811N01346450EA017100178800209
B1053094556806N01346452EA017110178900209
B1053104556801N01346452EA017110179100209
B1053114556796N01346451EA017100179100210
B1053124556791N01346451EA017070179200210
B1053134556786N01346450EA017060179200210
B1053144556781N01346450EA017050179100210
B1053154556776N01346449EA017030179000210
B1053164556772N01346448EA017000178800210
B1053174556767N01346447EA016980178600210
B1053184556762N01346446EA016970178300210
B1053194556758N01346444EA016950178200210
B1053204556754N01346441EA016930178000210
B1053214556750N01346437EA016910177900210
B1053224556747N01346432EA016900177800210
B1053234556745N01346426EA016880177700210
B1053244556743N01346419EA016880177500210
B1053254556741N01346412EA016880177400210
B1053264556740N01346404EA016870177400210
B1053274556740N01346397EA016870177300210
B1053284556741N01346389EA016850177300210
B1053294556743N01346381EA016840177200210
B1053304556745N01346373EA016830177100210
B1053314556748N01346366EA016810177000210
B1053324556753N01346360EA016780176900210
B1053334556758N01346356EA016780176700210
B1053344556763N01346354EA016770176500210
B1053354556769N01346354EA016750176400210
B1053364556775N01346356EA016730176300210
B1053374556780N01346359EA016720176200210
B1053384556785N01346363EA016700175900210
B1053394556790N01346368EA016670175600210
B1053404556794N01346374EA016650175300210
B1053414556798N01346380EA016620175000210
B1053424556801N01346388EA016610174700210
B1053434556803N01346396EA016610174500210
B1053444556805N01346403EA016600174400210
B1053454556805N01346410EA016590174200210
B1053464556806N01346417EA016560173900210
B1053474556806N01346425EA016550173700210
B1053484556806N01346433EA016530173600210
B1053494556806N01346441EA016530173500210
B1053504556806N01346448EA016510173400210
B1053514556805N01346455EA016510173300210
B1053524556804N01346462EA016500173200210
B1053534556803N01346468EA016490173100210
B1053544556802N01346475EA016470173000210
B1053554556800N01346482EA016470172900210
B1053564556798N01346488EA016470172800210
B1053574556796N01346495EA016460172800210
B1053584556794N01346500EA016460172700210
B1053594556791N01346506EA016450172700210
B1054004556788N01346511EA016430172600210
B1054014556785N01346517EA016420172400210
B1054024556782N01346522EA016400172200210
B1054034556778N01346527EA016380172000210
B1054044556774N01346532EA016360171800210
B1054054556771N01346538EA016340171600210
B1054064556767N01346543EA016310171400210
B1054074556763N01346548EA016300171200210
B1054084556759N01346553EA016270171000210
B1054094556755N01346558EA016270170700210
B1054104556750N01346563EA016250170600210
B1054114556746N01346568EA016240170500210
B1054124556742N01346572EA016230170400210
B1054134556737N01346576EA016220170300210
B1054144556733N01346579EA016200170200210
B1054154556729N01346581EA016190170000210
B1054164556726N01346582EA016170169800210
B1054174556721N01346583EA016160169600210
B1054184556717N01346582EA016140169400210
B1054194556713N01346580EA016130169200210
B1054204556709N01346576EA016120169000210
B1054214556706N01346571EA016100168900210
B1054224556705N01346564EA016090168700210
B1054234556703N01346557EA016070168600210
B1054244556703N01346550EA016060168400210
B1054254556704N01346543EA016040168300210
B1054264556705N01346536EA016020168100210
B1054274556707N01346529EA016010167900210
B1054284556711N01346523EA015990167700210
B1054294556715N01346518EA015970167500210
B1054304556720N01346514EA015950167300210
B1054314556725N01346513EA015920167100210
B1054324556731N01346514EA015910166900210
B1054334556735N01346517EA015880166800210
B1054344556738N01346523EA015860166600210
B1054354556740N01346529EA015840166400210
B1054364556739N01346537EA015820166200210
B1054374556737N01346542EA015800166000210
B1054384556734N01346547EA015770165800210
B1054394556731N01346552EA015740165500210
B1054404556727N01346558EA015740165300210
B1054414556723N01346564EA015730165200210
B1054424556719N01346570EA015720165100210
B1054434556715N01346574EA015720165000210
B1054444556710N01346577EA015710165000210
B1054454556705N01346581EA015710164800210
B1054464556701N01346585EA015690164600210
B1054474556697N01346590EA015680164400210
B1054484556691N01346595EA015650164200210
B1054494556686N01346600EA015660164100210
B1054504556680N01346604EA015670164100210
B1054514556675N01346609EA015660164100210
B1054524556670N01346613EA015660164200210
B1054534556665N01346618EA015650164100210
B1054544556660N01346622EA015650164100210
B1054554556655N01346628EA015660164100210
B1054564556650N01346633EA015650164100210
B1054574556646N01346639EA015640164100210
B1054584556642N01346645EA015650164200210
B1054594556637N01346650EA015650164100210
B1055004556633N01346656EA015620164100210
B1055014556628N01346662EA015610164000210
B1055024556624N01346668EA015610163900210
B1055034556620N01346674EA015620163900210
B1055044556616N01346680EA015600163800210
B1055054556612N01346686EA015590163700210
B1055064556608N01346693EA015580163500210
B1055074556605N01346700EA015560163400210
B1055084556601N01346707EA015560163300210
B1055094556596N01346714EA015560163200210
B1055104556592N01346721EA015550163200210
B1055114556588N01346727EA015540163100210
B1055124556584N01346733EA015520163000210
B1055134556580N01346739EA015490162800210
B1055144556576N01346744EA015480162600210
B1055154556570N01346748EA015480162400210
B1055164556565N01346753EA015480162300210
B1055174556561N01346759EA015470162300210
B1055184556556N01346764EA015470162300210
B1055194556552N01346770EA015460162300210
B1055204556548N01346775EA015460162300210
B1055214556543N01346780EA015450162200210
B1055224556539N01346786EA015420162100210
B1055234556534N01346792EA015410162000210
B1055244556530N01346798EA015400161800210
B1055254556526N01346804EA015380161700210
B1055264556521N01346810EA015370161500210
B1055274556516N01346817EA015350161400210
B1055284556513N01346825EA015350161200210
B1055294556509N01346831EA015340161100210
B1055304556504N01346838EA015320161000210
B1055314556500N01346844EA015300160900210
B1055324556496N01346850EA015290160700210
B1055334556492N01346857EA015300160600210
B1055344556487N01346863EA015300160500210
B1055354556483N01346869EA015290160400210
B1055364556479N01346873EA015290160400210
B1055374556475N01346877EA015250160200210
B1055384556472N01346882EA015210160000210
B1055394556469N01346887EA015180159800210
B1055404556465N01346892EA015160159500210
B1055414556461N01346897EA015140159300210
B1055424556457N01346902EA015120159100210
B1055434556454N01346907EA015100158900210
B1055444556451N01346913EA015070158700210
B1055454556448N01346919EA015040158400210
B1055464556444N01346924EA015010158100210
B1055474556440N01346928EA014970157800210
B1055484556436N01346934EA014970157600210
B1055494556433N01346940EA014940157400210
B1055504556429N01346946EA014910157100210
B1055514556425N01346950EA014880156900210
B1055524556421N01346954EA014840156500210
B1055534556417N01346959EA014830156200210
B1055544556413N01346965EA014800155900210
B1055554556410N01346970EA014780155700210
B1055564556406N01346975EA014760155400210
B1055574556403N01346979EA014710155200210
B1055584556400N01346984EA014680154800210
B1055594556396N01346989EA014650154400210
B1056004556393N01346994EA014600154100210
B1056014556389N01346999EA014580153700210
B1056024556386N01347005EA014550153500210
B1056034556382N01347010EA014530153200210
B1056044556378N01347016EA014520153000210
B1056054556375N01347022EA014500152800210
B1056064556372N01347027EA014490152600210
B1056074556368N01347032EA014460152400210
B1056084556365N01347038EA014440152200210
B1056094556361N01347044EA014440152000210
B1056104556358N01347051EA014440151900210
B1056114556354N01347057EA014430151800210
B1056124556351N01347062EA014430151600210
B1056134556347N01347066EA014410151500210
B1056144556344N01347070EA014380151300210
B1056154556341N01347074EA014350151100210
B1056164556338N01347079EA014320150900210
B1056174556334N01347086EA014300150600210
B1056184556330N01347092EA014300150500210
B1056194556326N01347098EA014300150300210
B1056204556322N01347103EA014300150100210
B1056214556318N01347109EA014290150000210
B1056224556314N01347115EA014290150000210
B1056234556310N01347121EA014300150000210
B1056244556306N01347128EA014310150000210
B1056254556302N01347135EA014330150100210
B1056264556297N01347142EA014360150200209
B1056274556293N01347148EA014380150200209
B1056284556289N01347156EA014390150100209
B1056294556286N01347162EA014390150000209
B1056304556283N01347169EA014410150000210
B1056314556281N01347176EA014420150000210
B1056324556278N01347184EA014440150200210
B1056334556275N01347192EA014470150400210
B1056344556272N01347200EA014520150800210
B1056354556270N01347208EA014560151200210
B1056364556268N01347215EA014600151700210
B1056374556266N01347222EA014640152100210
B1056384556265N01347228EA014670152500210
B1056394556262N01347233EA014680152900210
B1056404556260N01347238EA014690153100210
B1056414556257N01347243EA014700153300210
B1056424556255N01347248EA014700153400210
B1056434556252N01347253EA014690153500210
B1056444556250N01347258EA014640153500210
B1056454556248N01347264EA014620153500210
B1056464556245N01347270EA014600153400210
B1056474556243N01347277EA014580153300210
B1056484556240N01347283EA014570153200210
B1056494556237N01347289EA014540153000210
B1056504556234N01347295EA014520152800210
B1056514556232N01347301EA014500152600210
B1056524556229N01347307EA014470152400210
B1056534556226N01347313EA014460152200210
B1056544556223N01347318EA014430152100210
B1056554556220N01347324EA014420151900210
B1056564556217N01347331EA014410151700210
B1056574556214N01347337EA014380151500210
B1056584556210N01347342EA014350151200210
B1056594556206N01347348EA014320150900210
B1057004556202N01347354EA014280150600210
B1057014556197N01347360EA014280150300210
B1057024556193N01347367EA014270150100210
B1057034556188N01347373EA014270149800210
B1057044556184N01347377EA014260149600210
B1057054556180N01347380EA014240149500210
B1057064556177N01347384EA014230149300210
B1057074556174N01347389EA014200149100210
B1057084556170N01347394EA014180148900210
B1057094556166N01347399EA014180148800210
B1057104556162N01347404EA014180148800210
B1057114556159N01347410EA014190148800210
B1057124556156N01347415EA014190148800210
B1057134556153N01347421EA014180148800210
B1057144556150N01347427EA014190148800210
B1057154556147N01347434EA014180148700210
B1057164556144N01347440EA014180148700210
B1057174556141N01347448EA014190148800210
B1057184556139N01347455EA014200148900210
B1057194556136N01347462EA014190148900210
B1057204556134N01347469EA014180149000210
B1057214556131N01347475EA014180149000209
B1057224556129N01347482EA014170148900210
B1057234556126N01347489EA014180148900210
B1057244556124N01347497EA014180148900210
B1057254556121N01347504EA014180148900210
B1057264556119N01347511EA014210149000210
B1057274556116N01347518EA014170149000210
B1057284556114N01347525EA014190149000210
B1057294556111N01347532EA014190149100210
B1057304556109N01347538EA014180149100210
B1057314556106N01347543EA014160149000210
B1057324556104N01347548EA014130148900210
B1057334556101N01347554EA014120148800210
B1057344556098N01347561EA014120148700210
B1057354556095N01347568EA014120148600210
B1057364556092N01347574EA014110148600210
B1057374556089N01347580EA014100148600210
B1057384556086N01347586EA014090148400210
B1057394556084N01347592EA014080148300210
B1057404556082N01347598EA014060148200210
B1057414556079N01347605EA014060148100210
B1057424556077N01347612EA014050147900210
B1057434556076N01347620EA014030147800210
B1057444556074N01347627EA014020147700210
B1057454556072N01347634EA014010147600210
B1057464556070N01347642EA013990147400210
B1057474556068N01347649EA013990147300210
B1057484556067N01347656EA013970147200210
B1057494556065N01347663EA013970147100210
B1057504556063N01347670EA013960147000210
B1057514556062N01347677EA013960147000210
B1057524556060N01347683EA013950147000210
B1057534556057N01347688EA013940146900210
B1057544556055N01347694EA013910146700210
B1057554556053N01347699EA013890146500210
B1057564556051N01347704EA013860146300210
B1057574556049N01347710EA013840146100210
B1057584556047N01347716EA013810145800210
B1057594556045N01347721EA013780145500210
B1058004556043N01347726EA013750145200210
B1058014556040N01347731EA013720144900210
B1058024556038N01347736EA013710144700210
B1058034556036N01347742EA013680144400210
B1058044556034N01347746EA013660144200210
B1058054556032N01347751EA013630144000210
B1058064556029N01347756EA013610143700210
B1058074556027N01347760EA013590143500210
B1058084556025N01347766EA013570143200210
B1058094556023N01347772EA013570143100210
B1058104556022N01347779EA013550143000210
B1058114556021N01347785EA013560142900210
B1058124556020N01347792EA013540142900210
B1058134556020N01347798EA013540142800210
B1058144556020N01347804EA013530142700210
B1058154556020N01347811EA013510142600210
B1058164556019N01347817EA013500142500210
B1058174556019N01347823EA013490142400210
B1058184556019N01347829EA013470142200210
B1058194556019N01347835EA013440142000210
B1058204556020N01347842EA013420141700210
B1058214556021N01347848EA013400141500210
B1058224556022N01347855EA013360141200210
B1058234556023N01347862EA013340140900210
B1058244556023N01347869EA013320140700210
B1058254556023N01347876EA013300140500210
B1058264556023N01347883EA013280140300210
B1058274556024N01347891EA013260140100210
B1058284556025N01347898EA013250139900210
B1058294556026N01347906EA013230139700210
B1058304556026N01347913EA013210139600210
B1058314556026N01347920EA013190139400210
B1058324556026N01347927EA013180139200210
B1058334556026N01347935EA013160139000210
B1058344556026N01347942EA013150138800210
B1058354556024N01347949EA013140138700210
B1058364556022N01347955EA013140138600210
B1058374556019N01347961EA013130138500210
B1058384556017N01347966EA013120138300210
B1058394556014N01347971EA013120138100210
B1058404556010N01347974EA013080137900210
B1058414556006N01347978EA013080137800210
B1058424556003N01347982EA013080137800210
B1058434555999N01347986EA013080137800210
B1058444555995N01347989EA013080137800210
B1058454555992N01347992EA013060137800210
B1058464555989N01347995EA013060137700210
B1058474555986N01347998EA013050137600210
B1058484555983N01348002EA013050137500210
B1058494555981N01348006EA013040137400210
B1058504555979N01348011EA013030137400210
B1058514555977N01348017EA013020137300210
B1058524555977N01348023EA013010137300210
B1058534555977N01348030EA013020137300210
B1058544555977N01348037EA013020137200210
B1058554555978N01348044EA013030137300210
B1058564555978N01348051EA013040137400210
B1058574555979N01348058EA013060137500210
B1058584555980N01348065EA013080137600210
B1058594555981N01348072EA013100137800210
B1059004555982N01348079EA013120138000210
B1059014555984N01348086EA013140138200210
B1059024555987N01348093EA013160138400210
B1059034555992N01348099EA013170138500210
B1059044555998N01348103EA013190138500210
B1059054556004N01348105EA013210138600210
B1059064556009N01348104EA013220138800210
B1059074556013N01348102EA013210138900210
B1059084556017N01348099EA013200138900210
B1059094556019N01348095EA013200138900210
B1059104556020N01348090EA013200138800210
B1059114556020N01348084EA013190138700210
B1059124556017N01348081EA013200138800210
B1059134556014N01348079EA013220138700210
B1059144556010N01348080EA013240138800210
B1059154556006N01348083EA013270138900210
B1059164556003N01348088EA013290139100210
B1059174556002N01348094EA013330139500210
B1059184556002N01348101EA013350139800210
B1059194556002N01348109EA013390140100210
B1059204556002N01348117EA013410140300210
B1059214556002N01348125EA013440140700210
B1059224556003N01348132EA013460141000210
B1059234556005N01348140EA013460141200210
B1059244556010N01348146EA013480141200210
B1059254556015N01348151EA013490141300210
B1059264556022N01348154EA013510141400210
B1059274556029N01348157EA013530141600210
B1059284556036N01348157EA013550141700210
B1059294556041N01348155EA013560141900210
B1059304556045N01348151EA013580142000210
B1059314556047N01348146EA013590142200210
B1059324556046N01348141EA013600142400210
B1059334556044N01348139EA013610142500210
B1059344556041N01348140EA013630142600210
B1059354556038N01348143EA013670142700210
B1059364556036N01348148EA013680142900210
B1059374556036N01348155EA013700143100210
B1059384556038N01348162EA013700143300210
B1059394556042N01348169EA013710143400210
B1059404556048N01348173EA013730143500210
B1059414556055N01348176EA013770143800210
B1059424556061N01348178EA013800144000210
B1059434556068N01348177EA013820144200210
B1059444556074N01348175EA013840144400210
B1059454556078N01348171EA013850144600210
B1059464556081N01348166EA013860144800210
B1059474556082N01348161EA013850145000210
B1059484556082N01348157EA013850145000210
B1059494556079N01348155EA013850145100210
B1059504556077N01348155EA013890145100210
B1059514556073N01348156EA013920145200210
B1059524556068N01348157EA013980145500210
B1059534556064N01348159EA014030145700210
B1059544556060N01348161EA014070146100210
B1059554556057N01348164EA014080146400210
B1059564556056N01348169EA014120146700210
B1059574556057N01348175EA014140147000210
B1059584556060N01348181EA014170147200210
B1059594556064N01348186EA014180147500210
B1100004556070N01348189EA014200147800210
B1100014556076N01348190EA014230148100210
B1100024556082N01348188EA014280148300210
B1100034556088N01348185EA014320148600210
B1100044556092N01348179EA014360149000210
B1100054556094N01348174EA014390149300210
B1100064556094N01348169EA014440149700210
B1100074556092N01348167EA014480150000210
B1100084556089N01348168EA014520150400210
B1100094556088N01348172EA014550150600210
B1100104556087N01348177EA014570151100209
B1100114556088N01348184EA014600151400209
B1100124556091N01348190EA014620151700209
B1100134556095N01348195EA014650152000209
B1100144556102N01348198EA014670152300209
B1100154556109N01348199EA014700152500209
B1100164556115N01348197EA014740152800209
B1100174556119N01348194EA014760153100210
B1100184556122N01348189EA014780153300210
B1100194556122N01348184EA014810153600210
B1100204556120N01348181EA014840153800210
B1100214556118N01348181EA014890154100210
B1100224556115N01348183EA014920154400210
B1100234556112N01348186EA014940154800210
B1100244556111N01348190EA014970155200210
B1100254556110N01348195EA014990155600210
B1100264556111N01348202EA015040155900210
B1100274556113N01348210EA015080156300210
B1100284556115N01348217EA015120156800210
B1100294556119N01348222EA015150157200210
B1100304556125N01348226EA015170157600210
B1100314556132N01348227EA015200157900210
B1100324556139N01348227EA015230158200210
B1100334556146N01348225EA015270158500210
B1100344556152N01348222EA015290158900210
B1100354556157N01348217EA015310159200210
B1100364556159N01348211EA015340159500210
B1100374556160N01348205EA015350159900210
B1100384556158N01348200EA015380160200210
B1100394556156N01348195EA015410160400210
B1100404556152N01348192EA015450160600210
B1100414556149N01348190EA015480160900210
B1100424556145N01348191EA015510161200210
B1100434556142N01348192EA015550161600210
B1100444556139N01348195EA015590161900210
B1100454556137N01348199EA015630162300210
B1100464556135N01348204EA015660162700210
B1100474556135N01348210EA015690163100210
B1100484556136N01348218EA015720163500210
B1100494556140N01348225EA015760163800210
B1100504556145N01348231EA015800164200210
B1100514556152N01348235EA015830164500210
B1100524556158N01348236EA015870164900210
B1100534556165N01348234EA015900165300210
B1100544556171N01348230EA015950165600210
B1100554556175N01348224EA016000166000210
B1100564556178N01348218EA016020166400210
B1100574556179N01348211EA016030166700210
B1100584556179N01348205EA016060167000210
B1100594556178N01348201EA016090167300210
B1101004556178N01348197EA016100167600210
B1101014556176N01348194EA016120167800210
B1101024556174N01348192EA016140168000210
B1101034556171N01348191EA016170168200210
B1101044556167N01348190EA016200168500210
B1101054556163N01348190EA016230168900210
B1101064556159N01348190EA016270169300210
B1101074556156N01348192EA016300169600210
B1101084556153N01348194EA016310170000210
B1101094556151N01348198EA016330170300210
B1101104556149N01348202EA016360170500210
B1101114556147N01348207EA016380170900210
B1101124556146N01348213EA016420171200210
B1101134556146N01348220EA016430171400210
B1101144556148N01348227EA016450171700210
B1101154556153N01348233EA016480172000210
B1101164556159N01348237EA016520172300210
B1101174556166N01348239EA016550172500210
B1101184556173N01348239EA016590172900210
B1101194556179N01348235EA016610173100210
B1101204556183N01348229EA016630173400210
B1101214556186N01348222EA016660173600210
B1101224556188N01348216EA016680173900210
B1101234556187N01348210EA016710174200210
B1101244556185N01348206EA016730174400210
B1101254556182N01348204EA016750174700210
B1101264556179N01348203EA016770175000210
B1101274556176N01348204EA016780175200210
B1101284556173N01348207EA016800175500210
B1101294556170N01348211EA016830175700210
B1101304556168N01348215EA016850176000210
B1101314556167N01348221EA016880176200210
B1101324556167N01348227EA016890176500210
B1101334556169N01348234EA016910176600210
B1101344556172N01348240EA016920176800210
B1101354556176N01348246EA016930177000210
B1101364556182N01348250EA016950177100210
B1101374556189N01348252EA016960177200210
B1101384556196N01348253EA016990177400210
B1101394556203N01348250EA017020177500210
B1101404556209N01348246EA017050177600210
B1101414556214N01348239EA017070177800210
B1101424556217N01348231EA017100178100210
B1101434556217N01348224EA017130178400210
B1101444556217N01348217EA017150178600210
B1101454556215N01348213EA017170178800210
B1101464556212N01348210EA017190178900210
B1101474556209N01348208EA017200179100210
B1101484556206N01348207EA017210179300210
B1101494556203N01348207EA017220179400210
B1101504556200N01348208EA017230179600210
B1101514556197N01348210EA017230179700210
B1101524556194N01348214EA017250179900210
B1101534556191N01348219EA017270180000210
B1101544556189N01348226EA017280180200210
B1101554556188N01348233EA017300180400210
B1101564556187N01348241EA017320180600210
B1101574556188N01348249EA017330180900210
B1101584556188N01348257EA017360181100210
B1101594556189N01348264EA017370181400210
B1102004556190N01348271EA017370181600210
B1102014556194N01348277EA017380181700210
B1102024556199N01348282EA017400181900210
B1102034556204N01348285EA017420182000210
B1102044556210N01348286EA017440182200210
B1102054556217N01348286EA017440182300210
B1102064556222N01348283EA017460182400210
B1102074556226N01348278EA017490182500210
B1102084556229N01348271EA017500182700210
B1102094556229N01348264EA017530182800210
B1102104556228N01348257EA017530182900210
B1102114556226N01348252EA017570183000210
B1102124556223N01348248EA017580183200210
B1102134556220N01348246EA017580183300210
B1102144556218N01348243EA017600183500210
B1102154556215N01348241EA017610183600210
B1102164556211N01348240EA017610183800210
B1102174556208N01348239EA017620184000210
B1102184556204N01348239EA017630184100210
B1102194556201N01348241EA017620184200210
B1102204556198N01348243EA017640184200210
B1102214556194N01348246EA017640184300210
B1102224556191N01348250EA017650184400210
B1102234556188N01348254EA017660184500210
B1102244556185N01348260EA017670184700210
B1102254556183N01348266EA017690184800210
B1102264556182N01348273EA017700185000210
B1102274556181N01348280EA017730185200210
B1102284556181N01348288EA017740185400210
B1102294556183N01348296EA017750185500210
B1102304556186N01348303EA017760185600210
B1102314556190N01348310EA017770185700210
B1102324556196N01348315EA017780185800210
B1102334556202N01348317EA017800186000210
B1102344556208N01348317EA017810186100210
B1102354556213N01348315EA017820186200210
B1102364556217N01348311EA017830186300210
B1102374556220N01348306EA017830186400210
B1102384556221N01348300EA017850186600210
B1102394556221N01348293EA017880186700210
B1102404556219N01348287EA017890186800210
B1102414556217N01348282EA017910186900210
B1102424556214N01348278EA017930187100210
B1102434556211N01348275EA017940187300210
B1102444556207N01348275EA017960187400210
B1102454556203N01348276EA017980187600210
B1102464556198N01348278EA018000187800210
B1102474556194N01348282EA018010187900210
B1102484556191N01348287EA018030188100210
B1102494556189N01348294EA018050188300210
B1102504556189N01348302EA018060188500210
B1102514556190N01348310EA018080188600210
B1102524556193N01348318EA018090188800210
B1102534556197N01348324EA018110188900210
B1102544556202N01348329EA018120189000210
B1102554556207N01348331EA018130189100210
B1102564556213N01348332EA018160189300210
B1102574556218N01348331EA018170189500210
B1102584556223N01348327EA018200189700210
B1102594556227N01348323EA018220189900210
B1103004556229N01348318EA018250190200210
B1103014556231N01348311EA018250190400210
B1103024556231N01348305EA018260190500210
B1103034556230N01348300EA018280190700210
B1103044556228N01348295EA018270190900210
B1103054556226N01348292EA018280191000210
B1103064556222N01348291EA018290191000210
B1103074556218N01348290EA018270191100210
B1103084556214N01348291EA018280191100210
B1103094556210N01348293EA018280191200210
B1103104556206N01348297EA018280191300210
B1103114556203N01348303EA018290191300210
B1103124556200N01348311EA018310191400210
B1103134556199N01348319EA018330191500210
B1103144556198N01348328EA018350191600210
B1103154556199N01348337EA018370191800210
B1103164556200N01348346EA018380191900210
B1103174556203N01348354EA018390192100210
B1103184556207N01348361EA018410192300210
B1103194556211N01348368EA018410192400210
B1103204556216N01348373EA018430192600210
B1103214556221N01348378EA018430192700210
B1103224556226N01348380EA018430192800210
B1103234556231N01348380EA018440192900210
B1103244556236N01348379EA018450193000210
B1103254556240N01348376EA018450193000210
B1103264556244N01348372EA018460193100210
B1103274556247N01348367EA018480193200210
B1103284556249N01348362EA018490193400210
B1103294556251N01348356EA018500193600210
B1103304556251N01348350EA018520193700210
B1103314556251N01348345EA018530193800210
B1103324556249N01348340EA018550194000210
B1103334556246N01348336EA018560194100210
B1103344556243N01348333EA018560194200210
B1103354556240N01348332EA018560194300210
B1103364556237N01348332EA018550194300210
B1103374556233N01348333EA018530194200210
B1103384556229N01348335EA018520194100210
B1103394556225N01348337EA018520193900210
B1103404556220N01348341EA018520193900210
B1103414556216N01348346EA018500193800210
B1103424556213N01348353EA018500193900210
B1103434556211N01348362EA018490194000210
B1103444556211N01348371EA018500194000210
B1103454556213N01348380EA018500194100210
B1103464556216N01348388EA018500194100210
B1103474556220N01348394EA018500194100210
B1103484556225N01348399EA018490194100210
B1103494556231N01348401EA018490194000210
B1103504556238N01348403EA018490193900210
B1103514556245N01348403EA018510193900210
B1103524556252N01348403EA018510193900210
B1103534556258N01348403EA018500193900210
B1103544556263N01348401EA018480193900210
B1103554556269N01348398EA018480193700210
B1103564556275N01348395EA018480193600210
B1103574556281N01348393EA018480193600210
B1103584556286N01348389EA018490193600210
B1103594556291N01348386EA018490193600210
B1104004556294N01348380EA018490193600210
B1104014556296N01348374EA018490193600210
B1104024556297N01348368EA018500193600210
B1104034556297N01348361EA018510193600210
B1104044556295N01348356EA018520193700210
B1104054556293N01348351EA018540193800210
B1104064556290N01348347EA018550193900210
B1104074556286N01348344EA018570194000210
B1104084556282N01348342EA018580194300210
B1104094556279N01348340EA018590194400210
B1104104556275N01348340EA018590194500210
B1104114556271N01348341EA018580194500210
B1104124556267N01348343EA018590194400210
B1104134556262N01348346EA018580194300210
B1104144556258N01348352EA018580194300210
B1104154556255N01348359EA018600194400210
B1104164556252N01348366EA018610194500210
B1104174556250N01348375EA018620194500210
B1104184556249N01348383EA018610194600210
B1104194556249N01348392EA018610194600210
B1104204556250N01348402EA018600194600210
B1104214556253N01348411EA018590194500210
B1104224556257N01348419EA018580194500210
B1104234556261N01348424EA018570194500210
B1104244556266N01348429EA018560194400210
B1104254556271N01348434EA018530194200210
B1104264556278N01348438EA018500193900210
B1104274556284N01348441EA018480193700210
B1104284556291N01348443EA018480193500210
B1104294556298N01348446EA018460193500210
B1104304556304N01348448EA018450193400210
B1104314556310N01348449EA018450193300210
B1104324556316N01348451EA018420193200210
B1104334556322N01348451EA018410193000210
B1104344556329N01348450EA018390192900210
B1104354556334N01348448EA018400192800210
B1104364556339N01348444EA018380192700210
B1104374556343N01348440EA018360192600210
B1104384556347N01348435EA018350192500210
B1104394556350N01348430EA018330192300210
B1104404556354N01348425EA018310192000210
B1104414556357N01348419EA018300191800210
B1104424556360N01348412EA018300191600210
B1104434556361N01348406EA018290191600210
B1104444556362N01348400EA018290191500210
B1104454556362N01348395EA018280191400210
B1104464556360N01348391EA018260191400210
B1104474556358N01348388EA018260191200210
B1104484556355N01348385EA018250191100210
B1104494556353N01348382EA018230191000210
B1104504556350N01348380EA018230190900210
B1104514556346N01348378EA018220190800210
B1104524556343N01348376EA018220190800210
B1104534556340N01348374EA018210190700210
B1104544556337N01348372EA018200190700210
B1104554556333N01348370EA018200190600210
B1104564556330N01348367EA018210190600210
B1104574556327N01348363EA018230190600210
B1104584556324N01348360EA018230190700210
B1104594556320N01348358EA018230190700210
B1105004556317N01348356EA018230190700210
B1105014556313N01348355EA018230190700210
B1105024556310N01348354EA018240190700210
B1105034556306N01348353EA018220190700210
B1105044556303N01348352EA018230190700210
B1105054556299N01348351EA018230190700210
B1105064556295N01348351EA018240190700210
B1105074556292N01348350EA018240190700210
B1105084556288N01348350EA018250190800210
B1105094556284N01348348EA018270190900210
B1105104556280N01348347EA018290191000210
B1105114556276N01348346EA018310191200210
B1105124556272N01348346EA018320191400210
B1105134556269N01348347EA018320191600210
B1105144556266N01348348EA018320191600210
B1105154556262N01348349EA018320191600210
B1105164556259N01348349EA018310191500210
B1105174556255N01348350EA018320191400210
B1105184556251N01348350EA018320191500210
B1105194556246N01348350EA018320191500210
B1105204556242N01348350EA018330191600210
B1105214556238N01348351EA018320191600210
B1105224556234N01348352EA018330191500210
B1105234556230N01348353EA018330191500210
B1105244556227N01348354EA018330191500209
B1105254556222N01348355EA018330191600210
B1105264556218N01348356EA018350191700210
B1105274556215N01348355EA018350191700210
B1105284556211N01348354EA018340191800210
B1105294556208N01348353EA018350191900210
B1105304556205N01348352EA018360191900210
B1105314556201N01348349EA018360191900210
B1105324556199N01348346EA018360192000210
B1105334556196N01348343EA018370192000210
B1105344556192N01348340EA018370192000210
B1105354556188N01348339EA018360192000210
B1105364556184N01348340EA018360192000210
B1105374556180N01348341EA018370192000210
B1105384556176N01348344EA018360192000210
B1105394556172N01348346EA018360192000210
B1105404556168N01348350EA018340191900210
B1105414556165N01348353EA018330191700210
B1105424556161N01348357EA018300191500210
B1105434556157N01348360EA018270191200210
B1105444556152N01348362EA018240191000210
B1105454556147N01348364EA018230190800210
B1105464556143N01348367EA018190190500210
B1105474556139N01348369EA018170190300210
B1105484556135N01348372EA018130190000210
B1105494556131N01348375EA018100189700210
B1105504556126N01348377EA018060189400210
B1105514556121N01348379EA018050189100210
B1105524556116N01348382EA018030188900210
B1105534556112N01348385EA018010188700210
B1105544556109N01348388EA018000188600210
B1105554556105N01348391EA017980188400210
B1105564556102N01348394EA017960188200210
B1105574556098N01348398EA017960188000210
B1105584556095N01348402EA017940187900210
B1105594556091N01348405EA017940187800210
B1106004556087N01348409EA017920187800210
B1106014556084N01348412EA017920187600210
B1106024556079N01348415EA017900187400210
B1106034556075N01348417EA017880187200210
B1106044556070N01348419EA017860187100210
B1106054556066N01348421EA017860187000210
B1106064556062N01348423EA017840186900210
B1106074556058N01348426EA017830186700210
B1106084556054N01348429EA017810186600210
B1106094556050N01348433EA017800186400210
B1106104556046N01348438EA017780186300210
B1106114556042N01348443EA017770186100210
B1106124556039N01348448EA017740185900210
B1106134556036N01348453EA017740185800210
B1106144556033N01348459EA017720185700210
B1106154556029N01348464EA017720185600210
B1106164556026N01348470EA017710185500210
B1106174556022N01348475EA017710185500210
B1106184556019N01348480EA017700185400210
B1106194556016N01348485EA017700185400210
B1106204556013N01348490EA017680185200210
B1106214556009N01348496EA017680185100210
B1106224556006N01348502EA017670185000210
B1106234556002N01348508EA017650185000210
B1106244556000N01348514EA017650184800210
B1106254555997N01348520EA017630184600210
B1106264555996N01348527EA017600184400210
B1106274555995N01348534EA017570184200210
B1106284555994N01348542EA017560184000210
B1106294555993N01348549EA017550183900210
B1106304555992N01348556EA017540183800210
B1106314555991N01348563EA017530183700210
B1106324555990N01348569EA017500183500210
B1106334555989N01348576EA017470183200210
B1106344555988N01348582EA017430183000210
B1106354555986N01348590EA017400182600210
B1106364555984N01348597EA017400182400210
B1106374555982N01348605EA017390182200210
B1106384555980N01348612EA017390182100210
B1106394555978N01348620EA017390182000210
B1106404555977N01348626EA017390182000210
B1106414555975N01348632EA017370182000210
B1106424555974N01348637EA017360182000210
B1106434555972N01348643EA017350181800210
B1106444555970N01348649EA017350181600210
B1106454555968N01348657EA017320181500210
B1106464555967N01348664EA017330181400210
B1106474555965N01348671EA017330181400210
B1106484555964N01348678EA017320181400210
B1106494555963N01348685EA017310181300210
B1106504555961N01348692EA017300181200210
B1106514555959N01348700EA017290181100210
B1106524555958N01348707EA017310181100210
B1106534555956N01348715EA017300181100210
B1106544555955N01348722EA017300181100210
B1106554555953N01348729EA017290181100210
B1106564555952N01348737EA017280181000210
B1106574555950N01348744EA017260181000210
B1106584555949N01348752EA017260180900210
B1106594555947N01348760EA017250180700210
B1107004555945N01348768EA017240180600210
B1107014555944N01348777EA017240180500210
B1107024555942N01348786EA017220180500210
B1107034555940N01348795EA017220180500210
B1107044555939N01348803EA017230180400210
B1107054555938N01348812EA017210180400210
B1107064555937N01348822EA017200180300210
B1107074555936N01348831EA017200180200210
B1107084555935N01348841EA017190180200210
B1107094555935N01348851EA017200180200210
B1107104555934N01348860EA017200180200210
B1107114555934N01348870EA017200180200210
B1107124555935N01348880EA017200180200210
B1107134555936N01348889EA017200180200210
B1107144555937N01348899EA017200180200210
B1107154555937N01348908EA017210180100210
B1107164555936N01348916EA017210180100210
B1107174555936N01348924EA017210180200210
B1107184555936N01348932EA017200180200210
B1107194555936N01348939EA017190180200210
B1107204555935N01348945EA017160180100210
B1107214555934N01348951EA017150179900210
B1107224555932N01348957EA017140179700210
B1107234555930N01348963EA017130179600210
B1107244555927N01348968EA017110179400210
B1107254555925N01348973EA017070179200210
B1107264555923N01348979EA017030178900210
B1107274555920N01348985EA017000178600210
B1107284555917N01348992EA016980178300210
B1107294555913N01348998EA016970178100210
B1107304555910N01349003EA016960178000210
B1107314555907N01349009EA016950177900210
B1107324555904N01349015EA016950177800210
B1107334555901N01349020EA016930177700210
B1107344555898N01349025EA016920177500210
B1107354555895N01349031EA016910177400210
B1107364555892N01349037EA016900177300210
B1107374555890N01349043EA016880177100210
B1107384555888N01349049EA016870177000210
B1107394555885N01349055EA016860176900210
B1107404555883N01349061EA016860176800210
B1107414555880N01349066EA016860176700210
B1107424555878N01349071EA016840176600210
B1107434555876N01349076EA016820176500210
B1107444555874N01349081EA016790176400210
B1107454555871N01349086EA016780176200210
B1107464555867N01349091EA016770176100210
B1107474555865N01349096EA016760175900210
B1107484555863N01349102EA016740175700210
B1107494555860N01349108EA016720175600210
B1107504555857N01349114EA016720175500210
B1107514555854N01349120EA016720175400210
B1107524555851N01349127EA016710175400210
B1107534555849N01349133EA016710175300210
B1107544555847N01349139EA016690175300210
B1107554555844N01349145EA016670175100210
B1107564555841N01349150EA016660175000210
B1107574555838N01349156EA016650174800210
B1107584555835N01349162EA016660174800210
B1107594555834N01349168EA016660174700210
B1108004555832N01349173EA016660174600210
B1108014555830N01349177EA016640174500210
B1108024555828N01349182EA016610174400210
B1108034555826N01349187EA016590174300210
B1108044555823N01349193EA016590174100210
B1108054555821N01349199EA016590174000210
B1108064555819N01349204EA016590174000210
B1108074555816N01349209EA016580174000210
B1108084555814N01349214EA016560173900210
B1108094555811N01349219EA016540173800210
B1108104555809N01349224EA016530173600210
B1108114555807N01349230EA016510173400210
B1108124555804N01349236EA016520173400210
B1108134555802N01349242EA016510173300210
B1108144555801N01349249EA016500173300210
B1108154555799N01349254EA016510173300210
B1108164555798N01349260EA016500173200210
B1108174555797N01349266EA016490173100210
B1108184555796N01349273EA016480173000210
B1108194555796N01349279EA016460172900210
B1108204555796N01349286EA016460172900210
B1108214555796N01349293EA016460172800210
B1108224555796N01349300EA016440172700210
B1108234555796N01349306EA016420172600210
B1108244555796N01349312EA016410172400210
B1108254555795N01349319EA016380172200210
B1108264555794N01349326EA016360172000210
B1108274555792N01349333EA016350171800210
B1108284555791N01349340EA016360171800210
B1108294555789N01349347EA016350171700210
B1108304555788N01349353EA016340171700210
B1108314555788N01349360EA016320171500210
B1108324555786N01349366EA016290171400210
B1108334555785N01349372EA016280171300210
B1108344555784N01349380EA016280171200210
B1108354555783N01349387EA016300171100210
B1108364555782N01349395EA016290171100210
B1108374555781N01349402EA016270171100210
B1108384555781N01349408EA016260171100210
B1108394555781N01349415EA016250171000210
B1108404555781N01349421EA016240170800210
B1108414555780N01349428EA016240170700210
B1108424555779N01349436EA016230170600210
B1108434555778N01349444EA016230170600210
B1108444555777N01349452EA016230170600210
B1108454555776N01349461EA016240170600210
B1108464555774N01349468EA016230170600210
B1108474555773N01349476EA016220170600210
B1108484555771N01349483EA016220170500210
B1108494555770N01349489EA016220170400210
B1108504555769N01349496EA016220170300210
B1108514555768N01349501EA016200170300210
B1108524555766N01349507EA016210170200210
B1108534555765N01349513EA016180170100210
B1108544555763N01349519EA016150170000210
B1108554555761N01349525EA016140169800210
B1108564555759N01349531EA016130169700210
B1108574555757N01349537EA016160169700210
B1108584555756N01349542EA016160169700210
B1108594555754N01349546EA016150169700210
B1109004555753N01349550EA016150169600210
B1109014555752N01349553EA016130169500210
B1109024555750N01349557EA016100169300210
B1109034555749N01349561EA016080169100210
B1109044555747N01349566EA016070168900210
B1109054555746N01349570EA016050168800210
B1109064555744N01349575EA016030168600210
B1109074555742N01349580EA016020168400210
B1109084555741N01349585EA016000168200210
B1109094555740N01349590EA015990168000210
B1109104555739N01349595EA015960167800210
B1109114555738N01349601EA015970167600210
B1109124555736N01349607EA015960167500210
B1109134555733N01349612EA015970167500210
B1109144555731N01349616EA015970167500210
B1109154555729N01349620EA015950167400210
B1109164555728N01349625EA015950167300210
B1109174555727N01349631EA015920167100210
B1109184555726N01349638EA015920166900210
B1109194555725N01349645EA015910166800210
B1109204555724N01349652EA015910166800210
B1109214555723N01349659EA015910166800210
B1109224555724N01349666EA015900166700210
B1109234555724N01349672EA015910166700210
B1109244555724N01349677EA015910166700210
B1109254555724N01349682EA015890166600210
B1109264555723N01349687EA015900166600210
B1109274555723N01349692EA015910166600210
B1109284555722N01349697EA015910166700210
B1109294555721N01349703EA015920166800210
B1109304555720N01349708EA015920166900210
B1109314555719N01349714EA015930167000210
B1109324555718N01349719EA015940167000210
B1109334555717N01349725EA015940167100210
B1109344555717N01349731EA015950167200210
B1109354555717N01349738EA015970167300210
B1109364555716N01349744EA015980167500210
B1109374555716N01349750EA015990167600210
B1109384555714N01349755EA015990167700210
B1109394555713N01349760EA016000167800210
B1109404555713N01349765EA015990167800210
B1109414555712N01349769EA015980167800210
B1109424555712N01349773EA015950167700210
B1109434555710N01349777EA015920167600210
B1109444555708N01349781EA015900167400210
B1109454555706N01349785EA015890167200210
B1109464555704N01349788EA015860167000210
B1109474555701N01349792EA015850166700210
B1109484555697N01349794EA015830166500210
B1109494555693N01349795EA015830166400210
B1109504555690N01349796EA015820166300210
B1109514555686N01349798EA015820166300210
B1109524555683N01349801EA015820166200210
B1109534555682N01349805EA015820166200210
B1109544555680N01349809EA015800166100210
B1109554555679N01349814EA015790166000210
B1109564555679N01349818EA015770166000210
B1109574555680N01349823EA015750165800210
B1109584555681N01349829EA015740165700210
B1109594555683N01349835EA015730165600210
B1110004555685N01349841EA015740165500210
B1110014555688N01349847EA015750165500210
B1110024555692N01349852EA015740165600210
B1110034555696N01349856EA015730165600210
B1110044555701N01349859EA015720165500210
B1110054555706N01349863EA015700165400210
B1110064555712N01349867EA015680165200210
B1110074555717N01349870EA015660165000210
B1110084555724N01349874EA015650164800210
B1110094555730N01349876EA015650164700210
B1110104555737N01349878EA015640164600210
B1110114555743N01349879EA015640164500210
B1110124555750N01349880EA015610164400210
B1110134555756N01349881EA015600164200210
B1110144555763N01349882EA015590164000210
B1110154555770N01349883EA015570163900210
B1110164555777N01349882EA015560163800210
B1110174555783N01349879EA015530163600210
B1110184555788N01349876EA015520163400210
B1110194555793N01349871EA015500163100210
B1110204555797N01349866EA015470162800210
B1110214555801N01349859EA015450162500210
B1110224555804N01349852EA015430162300210
B1110234555806N01349845EA015410162100210
B1110244555807N01349836EA015410161900210
B1110254555808N01349828EA015390161800210
B1110264555808N01349820EA015390161700210
B1110274555808N01349814EA015370161600210
B1110284555809N01349807EA015360161500210
B1110294555808N01349799EA015350161300210
B1110304555808N01349792EA015340161200210
B1110314555807N01349785EA015330161200210
B1110324555807N01349779EA015320161100210
B1110334555806N01349774EA015310161000210
B1110344555804N01349768EA015320160900210
B1110354555803N01349762EA015310160800210
B1110364555801N01349756EA015300160800210
B1110374555800N01349750EA015300160700210
B1110384555798N01349744EA015290160700210
B1110394555797N01349737EA015280160600210
B1110404555796N01349731EA015280160400210
B1110414555795N01349725EA015280160400210
B1110424555793N01349718EA015280160300210
B1110434555792N01349712EA015260160300210
B1110444555791N01349705EA015260160300210
B1110454555791N01349698EA015270160300210
B1110464555790N01349691EA015260160300210
B1110474555789N01349685EA015270160300210
B1110484555787N01349678EA015270160300210
B1110494555786N01349672EA015270160300210
B1110504555784N01349665EA015270160300210
B1110514555783N01349659EA015280160400210
B1110524555782N01349653EA015280160500210
B1110534555780N01349648EA015270160500210
B1110544555779N01349643EA015260160500210
B1110554555777N01349637EA015270160400210
B1110564555775N01349632EA015260160300210
B1110574555773N01349628EA015260160300210
B1110584555770N01349623EA015250160200210
B1110594555767N01349620EA015240160100210
B1111004555764N01349618EA015230160100210
B1111014555761N01349616EA015220160100210
B1111024555757N01349613EA015210160000210
B1111034555754N01349609EA015210159900210
B1111044555751N01349605EA015210159900210
B1111054555748N01349601EA015190159800210
B1111064555745N01349599EA015180159800210
B1111074555743N01349597EA015160159700210
B1111084555740N01349596EA015130159600210
B1111094555737N01349595EA015100159400210
B1111104555734N01349596EA015090159300210
B1111114555730N01349597EA015080159200210
B1111124555727N01349600EA015060159100210
B1111134555723N01349604EA015070159000210
B1111144555720N01349609EA015060158900210
B1111154555718N01349614EA015060158800210
B1111164555715N01349620EA015050158700210
B1111174555713N01349626EA015050158600210
B1111184555710N01349631EA015040158600210
B1111194555707N01349637EA015040158500210
B1111204555704N01349643EA015050158500210
B1111214555701N01349649EA015040158400210
B1111224555699N01349655EA015040158400210
B1111234555696N01349662EA015030158300210
B1111244555693N01349668EA015020158300210
B1111254555690N01349674EA015030158200210
B1111264555687N01349681EA015020158100210
B1111274555684N01349688EA015020158100210
B1111284555681N01349694EA015030158100210
B1111294555679N01349701EA015030158100210
B1111304555677N01349708EA015030158100210
B1111314555675N01349716EA015020158100210
B1111324555674N01349724EA015030158100210
B1111334555674N01349731EA015020158000210
B1111344555673N01349738EA015030158000210
B1111354555672N01349745EA015030158000210
B1111364555671N01349752EA015030158000210
B1111374555671N01349758EA015030158000210
B1111384555672N01349764EA015050158000210
B1111394555672N01349770EA015050158000210
B1111404555672N01349776EA015070158100210
B1111414555672N01349782EA015080158200210
B1111424555671N01349788EA015090158400210
B1111434555670N01349794EA015090158500210
B1111444555670N01349800EA015100158600210
B1111454555671N01349807EA015110158600210
B1111464555672N01349814EA015110158700210
B1111474555673N01349821EA015120158700210
B1111484555673N01349828EA015130158800210
B1111494555673N01349835EA015140158800210
B1111504555671N01349842EA015160158900210
B1111514555669N01349847EA015170158900210
B1111524555667N01349852EA015190159000210
B1111534555663N01349855EA015200159100210
B1111544555659N01349855EA015220159200210
B1111554555656N01349853EA015240159300210
B1111564555654N01349849EA015260159400210
B1111574555653N01349844EA015260159500210
B1111584555653N01349838EA015260159600210
B1111594555654N01349831EA015270159700210
B1112004555657N01349824EA015260159900210
B1112014555662N01349818EA015260160000210
B1112024555667N01349814EA015260160100210
B1112034555673N01349812EA015260160000210
B1112044555680N01349813EA015260160000210
B1112054555686N01349816EA015250160000210
B1112064555691N01349821EA015250160000210
B1112074555694N01349828EA015260160000210
B1112084555695N01349835EA015270160000210
B1112094555694N01349842EA015280160000210
B1112104555692N01349849EA015310160100210
B1112114555689N01349855EA015330160400210
B1112124555686N01349860EA015350160600210
B1112134555683N01349863EA015360160800210
B1112144555680N01349867EA015370160900210
B1112154555678N01349870EA015370161000210
B1112164555675N01349872EA015370161000210
B1112174555673N01349873EA015360161100210
B1112184555670N01349873EA015360161100210
B1112194555667N01349872EA015350161200210
B1112204555664N01349871EA015340161200210
B1112214555662N01349868EA015340161100210
B1112224555661N01349864EA015330161000210
B1112234555661N01349859EA015320160900210
B1112244555662N01349854EA015310160800210
B1112254555663N01349848EA015310160700210
B1112264555666N01349843EA015310160700210
B1112274555669N01349837EA015300160600210
B1112284555674N01349833EA015290160600210
B1112294555679N01349829EA015290160600210
B1112304555685N01349826EA015290160500210
B1112314555691N01349824EA015280160500210
B1112324555698N01349824EA015280160400210
B1112334555705N01349825EA015270160400210
B1112344555712N01349827EA015260160300210
B1112354555718N01349829EA015280160200210
B1112364555725N01349831EA015280160200210
B1112374555731N01349833EA015300160200210
B1112384555737N01349837EA015300160200210
B1112394555743N01349841EA015320160300210
B1112404555748N01349845EA015350160500210
B1112414555754N01349849EA015350160600210
B1112424555759N01349853EA015370160800210
B1112434555764N01349856EA015390160900210
B1112444555769N01349860EA015400161100210
B1112454555773N01349864EA015430161300210
B1112464555777N01349869EA015450161500210
B1112474555781N01349875EA015470161700210
B1112484555784N01349881EA015500161900210
B1112494555787N01349888EA015510162100210
B1112504555787N01349894EA015520162200210
B1112514555787N01349900EA015530162300210
B1112524555786N01349905EA015550162500210
B1112534555784N01349910EA015570162700210
B1112544555781N01349914EA015580162900210
B1112554555778N01349916EA015580163100210
B1112564555774N01349915EA015600163300210
B1112574555770N01349913EA015620163500210
B1112584555768N01349909EA015630163600210
B1112594555766N01349904EA015650163700210
B1113004555765N01349898EA015660164000210
B1113014555765N01349893EA015680164100210
B1113024555766N01349887EA015680164300210
B1113034555768N01349881EA015690164400210
B1113044555771N01349876EA015670164400210
B1113054555775N01349870EA015680164500210
B1113064555779N01349864EA015690164500210
B1113074555784N01349860EA015690164500210
B1113084555789N01349855EA015700164500210
B1113094555794N01349851EA015710164600210
B1113104555800N01349848EA015720164800210
B1113114555806N01349845EA015740164900210
B1113124555812N01349843EA015760165100210
B1113134555818N01349842EA015790165300210
B1113144555823N01349842EA015800165500210
B1113154555828N01349843EA015820165700210
B1113164555834N01349845EA015820165800210
B1113174555839N01349846EA015830165900210
B1113184555845N01349849EA015840165900210
B1113194555850N01349854EA015850166000210
B1113204555855N01349860EA015860166200210
B1113214555859N01349868EA015890166300210
B1113224555861N01349876EA015910166400210
B1113234555862N01349884EA015930166600210
B1113244555862N01349891EA015960166800210
B1113254555860N01349898EA015980167100210
B1113264555859N01349903EA016000167300210
B1113274555856N01349906EA016020167500210
B1113284555852N01349907EA016030167700210
B1113294555849N01349905EA016030167800210
B1113304555848N01349900EA016050167900210
B1113314555848N01349894EA016070168000210
B1113324555850N01349888EA016080168100210
B1113334555853N01349882EA016090168300210
B1113344555858N01349878EA016100168400210
B1113354555864N01349876EA016120168600210
B1113364555870N01349876EA016130168800210
B1113374555876N01349879EA016140169000210
B1113384555882N01349884EA016170169200210
B1113394555886N01349891EA016190169400210
B1113404555890N01349899EA016210169600210
B1113414555891N01349907EA016230169800210
B1113424555891N01349915EA016250170000210
B1113434555890N01349921EA016260170200210
B1113444555888N01349926EA016270170400210
B1113454555885N01349929EA016280170600210
B1113464555881N01349930EA016280170800210
B1113474555878N01349929EA016290170900210
B1113484555875N01349926EA016290171000210
B1113494555873N01349922EA016300171100210
B1113504555871N01349917EA016310171100210
B1113514555871N01349910EA016320171200210
B1113524555871N01349904EA016330171300210
B1113534555871N01349898EA016340171400210
B1113544555873N01349892EA016350171500210
B1113554555875N01349886EA016360171500210
B1113564555879N01349880EA016370171600210
B1113574555883N01349875EA016380171600210
B1113584555888N01349872EA016390171700210
B1113594555894N01349869EA016400171700210
B1114004555901N01349869EA016410171800210
B1114014555907N01349870EA016430172000210
B1114024555914N01349872EA016440172100210
B1114034555920N01349878EA016460172200210
B1114044555925N01349885EA016470172300210
B1114054555929N01349892EA016490172500210
B1114064555932N01349900EA016510172600210
B1114074555934N01349908EA016530172800210
B1114084555934N01349916EA016560173000210
B1114094555934N01349924EA016580173200210
B1114104555932N01349932EA016590173300210
B1114114555931N01349939EA016600173500210
B1114124555929N01349945EA016610173600210
B1114134555926N01349949EA016610173700210
B1114144555923N01349951EA016610173900210
B1114154555919N01349952EA016610174000210
B1114164555916N01349952EA016610174100210
B1114174555912N01349951EA016610174200210
B1114184555909N01349948EA016620174200210
B1114194555905N01349945EA016620174300210
B1114204555902N01349941EA016610174300210
B1114214555900N01349937EA016610174200210
B1114224555898N01349931EA016610174200210
B1114234555897N01349925EA016620174200210
B1114244555897N01349917EA016610174100210
B1114254555899N01349910EA016610174100210
B1114264555901N01349903EA016610174100210
B1114274555904N01349895EA016600174100210
B1114284555907N01349888EA016590174000210
B1114294555911N01349881EA016590173900210
B1114304555915N01349875EA016600173900210
B1114314555920N01349869EA016610173900210
B1114324555925N01349862EA016610174000210
B1114334555931N01349856EA016640174100210
B1114344555935N01349850EA016650174200210
B1114354555940N01349845EA016640174300210
B1114364555944N01349839EA016660174400210
B1114374555949N01349835EA016670174500210
B1114384555955N01349832EA016680174500210
B1114394555961N01349830EA016690174600210
B1114404555967N01349831EA016700174700210
B1114414555974N01349833EA016710174700210
B1114424555980N01349837EA016720174800210
B1114434555986N01349842EA016730174900210
B1114444555990N01349848EA016740175100210
B1114454555995N01349856EA016760175200210
B1114464555999N01349864EA016770175300210
B1114474556002N01349872EA016790175400210
B1114484556004N01349882EA016820175600210
B1114494556006N01349891EA016840175900210
B1114504556007N01349900EA016860176200210
B1114514556009N01349908EA016880176500210
B1114524556010N01349917EA016900176600210
B1114534556011N01349924EA016910176800210
B1114544556011N01349931EA016930176900210
B1114554556011N01349938EA016930177000210
B1114564556010N01349944EA016940177200210
B1114574556008N01349950EA016960177300210
B1114584556006N01349955EA016950177400210
B1114594556004N01349960EA016970177500210
B1115004556001N01349964EA016980177500210
B1115014555999N01349968EA016990177600210
B1115024555995N01349971EA017000177700210
B1115034555992N01349972EA017010177800210
B1115044555988N01349973EA017000177800210
B1115054555984N01349971EA017010177900210
B1115064555981N01349969EA017020178000210
B1115074555979N01349966EA017020178000210
B1115084555977N01349961EA017030178000210
B1115094555975N01349957EA017020178100210
B1115104555973N01349951EA017020178100210
B1115114555972N01349946EA017030178100210
B1115124555971N01349940EA017020178100210
B1115134555971N01349935EA017020178100210
B1115144555971N01349929EA017030178100210
B1115154555972N01349922EA017040178200210
B1115164555974N01349915EA017050178300210
B1115174555976N01349908EA017050178400210
B1115184555979N01349901EA017050178400210
B1115194555983N01349895EA017040178500210
B1115204555988N01349891EA017040178500210
B1115214555994N01349888EA017040178500210
B1115224556000N01349887EA017060178600210
B1115234556007N01349888EA017090178600210
B1115244556013N01349891EA017090178700210
B1115254556020N01349896EA017100178800210
B1115264556026N01349901EA017110178900210
B1115274556031N01349909EA017110179200210
B1115284556036N01349917EA017120179200210
B1115294556039N01349925EA017130179200210
B1115304556041N01349934EA017140179300210
B1115314556042N01349943EA017150179400210
B1115324556043N01349952EA017160179500210
B1115334556044N01349961EA017180179600210
B1115344556043N01349970EA017190179700210
B1115354556042N01349980EA017210179800210
B1115364556041N01349989EA017230179900210
B1115374556039N01349999EA017240180100210
B1115384556036N01350008EA017280180400210
B1115394556034N01350015EA017300180600210
B1115404556030N01350021EA017300180800210
B1115414556026N01350025EA017300180900210
B1115424556022N01350026EA017290181000210
B1115434556018N01350026EA017290181100210
B1115444556014N01350026EA017270181000210
B1115454556011N01350024EA017250180900210
B1115464556010N01350021EA017230180800210
B1115474556009N01350016EA017210180600210
B1115484556010N01350010EA017200180400210
B1115494556012N01350004EA017190180300210
B1115504556016N01349998EA017210180300210
B1115514556022N01349994EA017220180500210
B1115524556030N01349993EA017230180600210
B1115534556037N01349995EA017260180700210
B1115544556045N01349998EA017280180800210
B1115554556051N01350002EA017320181000210
B1115564556057N01350007EA017350181200210
B1115574556061N01350014EA017390181400210
B1115584556064N01350023EA017390181600210
B1115594556065N01350032EA017410181800210
B1116004556064N01350042EA017420181900210
B1116014556062N01350049EA017430182100210
B1116024556059N01350053EA017430182300210
B1116034556055N01350055EA017430182400210
B1116044556052N01350056EA017420182500210
B1116054556048N01350056EA017400182400210
B1116064556044N01350055EA017380182400210
B1116074556041N01350054EA017360182300210
B1116084556040N01350051EA017340182300210
B1116094556039N01350045EA017330182300210
B1116104556040N01350038EA017340182300210
B1116114556042N01350031EA017350182200210
B1116124556046N01350024EA017360182200210
B1116134556051N01350019EA017370182200210
B1116144556057N01350016EA017380182200210
B1116154556063N01350015EA017390182200210
B1116164556070N01350016EA017410182300210
B1116174556077N01350018EA017430182300210
B1116184556083N01350024EA017450182400210
B1116194556089N01350032EA017490182500210
B1116204556092N01350042EA017520182700210
B1116214556095N01350052EA017530182900210
B1116224556096N01350062EA017560183100210
B1116234556097N01350072EA017570183300210
B1116244556098N01350083EA017590183500210
B1116254556099N01350093EA017600183600210
B1116264556099N01350102EA017620183800210
B1116274556098N01350110EA017640184000210
B1116284556096N01350117EA017650184200210
B1116294556095N01350122EA017660184400210
B1116304556093N01350127EA017650184400210
B1116314556091N01350130EA017630184500210
B1116324556088N01350132EA017630184500210
B1116334556085N01350133EA017630184500210
B1116344556081N01350132EA017630184500210
B1116354556078N01350129EA017630184500210
B1116364556076N01350125EA017630184500210
B1116374556075N01350119EA017620184500210
B1116384556075N01350114EA017610184500210
B1116394556076N01350109EA017600184400210
B1116404556078N01350103EA017590184300210
B1116414556081N01350097EA017600184200210
B1116424556084N01350091EA017600184100210
B1116434556088N01350086EA017600184100210
B1116444556094N01350083EA017610184100210
B1116454556101N01350082EA017620184100210
B1116464556107N01350084EA017620184100210
B1116474556113N01350090EA017630184100210
B1116484556118N01350098EA017630184100210
B1116494556120N01350107EA017630184000210
B1116504556122N01350118EA017640184000210
B1116514556122N01350128EA017640184000210
B1116524556120N01350137EA017650184100210
B1116534556118N01350145EA017640184200210
B1116544556117N01350154EA017650184300210
B1116554556116N01350162EA017650184300210
B1116564556115N01350171EA017630184300210
B1116574556113N01350179EA017610184300210
B1116584556112N01350187EA017600184200210
B1116594556111N01350196EA017590184100210
B1117004556109N01350204EA017590184000210
B1117014556107N01350212EA017590184000210
B1117024556106N01350220EA017590183900210
B1117034556104N01350228EA017590183900210
B1117044556102N01350235EA017590183900210
B1117054556098N01350240EA017570183800210
B1117064556094N01350245EA017570183800210
B1117074556091N01350251EA017560183700210
B1117084556087N01350257EA017560183700210
B1117094556083N01350262EA017550183600210
B1117104556079N01350266EA017540183600210
B1117114556075N01350270EA017520183500210
B1117124556072N01350274EA017490183400210
B1117134556069N01350279EA017450183300210
B1117144556066N01350285EA017410183100210
B1117154556062N01350290EA017380182800210
B1117164556056N01350295EA017380182600210
B1117174556051N01350298EA017380182500210
B1117184556046N01350302EA017370182500210
B1117194556042N01350306EA017360182500210
B1117204556038N01350309EA017320182300210
B1117214556034N01350312EA017270182200210
B1117224556029N01350316EA017230181800210
B1117234556024N01350320EA017220181600210
B1117244556018N01350327EA017210181300210
B1117254556013N01350334EA017190181100210
B1117264556009N01350340EA017190181000210
B1117274556004N01350346EA017170180800210
B1117284556000N01350351EA017150180700210
B1117294555996N01350356EA017130180400210
B1117304555993N01350362EA017100180200210
B1117314555989N01350368EA017080179900210
B1117324555985N01350373EA017060179600210
B1117334555980N01350379EA017030179400210
B1117344555975N01350385EA017020179100210
B1117354555971N01350392EA017000178900210
B1117364555968N01350399EA016990178700210
B1117374555964N01350406EA016980178500210
B1117384555960N01350412EA016950178300210
B1117394555956N01350418EA016920178100210
B1117404555952N01350424EA016900177800210
B1117414555948N01350431EA016880177500210
B1117424555944N01350438EA016860177300210
B1117434555939N01350445EA016860177000210
B1117444555935N01350451EA016840176800210
B1117454555931N01350457EA016830176600210
B1117464555927N01350463EA016820176400210
B1117474555923N01350468EA016810176200210
B1117484555920N01350474EA016790176100210
B1117494555915N01350480EA016780175900210
B1117504555911N01350486EA016760175700210
B1117514555907N01350492EA016740175600210
B1117524555902N01350498EA016740175500210
B1117534555899N01350503EA016720175300210
B1117544555895N01350508EA016680175100210
B1117554555891N01350514EA016650174800210
B1117564555888N01350520EA016660174600210
B1117574555884N01350526EA016660174500210
B1117584555881N01350532EA016660174300210
B1117594555878N01350537EA016660174200210
B1118004555875N01350542EA016670174000210
B1118014555872N01350547EA016700174000210
B1118024555869N01350553EA016710174000210
B1118034555866N01350558EA016730174000210
B1118044555863N01350561EA016740174000210
B1118054555860N01350562EA016760174100210
B1118064555858N01350564EA016730174200210
B1118074555855N01350567EA016730174200210
B1118084555852N01350569EA016720174100210
B1118094555850N01350572EA016700174000210
B1118104555847N01350574EA016690174000210
B1118114555845N01350576EA016660173800210
B1118124555841N01350576EA016660173700210
B1118134555837N01350576EA016640173600210
B1118144555833N01350576EA016630173500210
B1118154555828N01350576EA016610173500210
B1118164555824N01350578EA016590173400210
B1118174555820N01350580EA016570173200210
B1118184555816N01350583EA016530173000210
B1118194555812N01350586EA016530172800210
B1118204555808N01350589EA016520172700210
B1118214555805N01350593EA016500172600210
B1118224555802N01350597EA016480172400210
B1118234555799N01350601EA016440172200210
B1118244555796N01350605EA016410171900210
B1118254555793N01350610EA016400171700210
B1118264555790N01350614EA016370171500210
B1118274555786N01350619EA016370171300210
B1118284555782N01350623EA016360171200210
B1118294555777N01350626EA016360171100210
B1118304555772N01350631EA016380171200210
B1118314555768N01350637EA016380171300210
B1118324555764N01350642EA016380171300210
B1118334555761N01350648EA016380171400210
B1118344555758N01350653EA016370171400210
B1118354555754N01350657EA016350171300210
B1118364555751N01350661EA016340171200210
B1118374555747N01350665EA016330171100210
B1118384555743N01350670EA016320171000210
B1118394555740N01350673EA016290170800210
B1118404555736N01350675EA016290170700210
B1118414555732N01350676EA016260170500210
B1118424555730N01350676EA016230170300210
B1118434555727N01350677EA016190170000210
B1118444555725N01350679EA016140169700210
B1118454555721N01350681EA016120169300210
B1118464555717N01350683EA016090169100210
B1118474555712N01350686EA016070168900210
B1118484555709N01350691EA016050168700210
B1118494555705N01350696EA016040168500210
B1118504555702N01350701EA016020168300210
B1118514555699N01350706EA015970168000210
B1118524555695N01350713EA015950167700210
B1118534555692N01350721EA015930167400210
B1118544555688N01350729EA015920167200210
B1118554555685N01350738EA015920167000210
B1118564555681N01350745EA015910166800210
B1118574555678N01350752EA015900166700210
B1118584555675N01350758EA015880166600210
B1118594555671N01350765EA015870166400210
B1119004555667N01350771EA015840166200210
B1119014555663N01350777EA015830166100210
B1119024555658N01350782EA015810166000210
B1119034555653N01350788EA015810165800210
B1119044555649N01350793EA015790165700210
B1119054555644N01350799EA015780165600210
B1119064555640N01350803EA015770165500210
B1119074555635N01350808EA015770165300210
B1119084555630N01350812EA015750165100210
B1119094555625N01350816EA015730165000210
B1119104555619N01350821EA015690164800210
B1119114555614N01350825EA015700164700210
B1119124555609N01350828EA015680164600210
B1119134555604N01350831EA015650164400210
B1119144555600N01350835EA015640164200210
B1119154555595N01350839EA015600163900210
B1119164555590N01350843EA015590163700210
B1119174555585N01350847EA015570163500210
B1119184555580N01350851EA015550163300210
B1119194555575N01350856EA015540163200210
B1119204555571N01350861EA015510163000210
B1119214555567N01350867EA015510162800210
B1119224555562N01350874EA015490162600210
B1119234555558N01350880EA015490162500210
B1119244555553N01350886EA015490162600210
B1119254555549N01350893EA015490162600210
B1119264555545N01350900EA015490162500210
B1119274555541N01350907EA015510162600210
B1119284555537N01350914EA015510162700210
B1119294555534N01350921EA015510162700210
B1119304555531N01350927EA015510162700210
B1119314555528N01350933EA015500162700210
B1119324555525N01350940EA015490162600210
B1119334555523N01350947EA015490162500210
B1119344555520N01350954EA015500162500210
B1119354555518N01350962EA015500162500210
B1119364555515N01350971EA015510162500210
B1119374555513N01350979EA015520162600210
B1119384555511N01350987EA015520162600210
B1119394555510N01350995EA015520162600210
B1119404555508N01351002EA015510162700210
B1119414555507N01351009EA015520162600210
B1119424555505N01351016EA015520162600210
B1119434555502N01351023EA015530162700210
B1119444555500N01351030EA015560162800210
B1119454555497N01351036EA015570163000210
B1119464555495N01351041EA015590163200210
B1119474555493N01351046EA015630163400210
B1119484555491N01351051EA015670163600210
B1119494555490N01351056EA015710163800210
B1119504555489N01351060EA015730164100210
B1119514555488N01351064EA015730164300210
B1119524555488N01351066EA015730164400210
B1119534555487N01351066EA015720164400210
B1119544555485N01351065EA015730164400210
B1119554555483N01351064EA015740164400210
B1119564555481N01351061EA015740164400210
B1119574555479N01351057EA015770164500210
B1119584555477N01351053EA015780164700210
B1119594555475N01351050EA015810164900210
B1120004555472N01351047EA015830165200210
B1120014555470N01351043EA015850165300210
B1120024555468N01351040EA015850165500210
B1120034555466N01351035EA015870165700210
B1120044555464N01351030EA015890165900210
B1120054555464N01351024EA015890166000210
B1120064555465N01351017EA015890166200210
B1120074555467N01351011EA015910166300210
B1120084555470N01351005EA015910166300210
B1120094555473N01351001EA015910166500210
B1120104555478N01350998EA015910166500210
B1120114555484N01350998EA015920166600210
B1120124555489N01351000EA015910166700210
B1120134555494N01351004EA015910166700210
B1120144555499N01351010EA015920166800210
B1120154555502N01351017EA015910166700210
B1120164555504N01351025EA015920166800210
B1120174555505N01351033EA015950166900210
B1120184555505N01351041EA015970167000210
B1120194555504N01351049EA016000167200210
B1120204555502N01351056EA016030167600210
B1120214555501N01351062EA016060167900210
B1120224555500N01351069EA016090168300210
B1120234555498N01351076EA016120168600210
B1120244555497N01351082EA016170168900210
B1120254555495N01351089EA016230169300210
B1120264555493N01351094EA016260169700210
B1120274555490N01351099EA016300170200210
B1120284555488N01351103EA016320170500210
B1120294555486N01351106EA016350170800210
B1120304555484N01351108EA016380171100210
B1120314555481N01351109EA016410171300210
B1120324555478N01351108EA016430171500210
B1120334555476N01351104EA016460171700210
B1120344555476N01351098EA016500172000210
B1120354555476N01351092EA016540172300210
B1120364555478N01351086EA016580172600210
B1120374555481N01351079EA016620172900210
B1120384555486N01351072EA016660173200210
B1120394555491N01351067EA016690173600210
B1120404555497N01351065EA016730173900210
B1120414555504N01351064EA016760174300210
B1120424555510N01351065EA016790174700210
B1120434555515N01351065EA016810175100210
B1120444555521N01351066EA016840175400210
B1120454555527N01351069EA016860175700210
B1120464555532N01351073EA016870176000210
B1120474555536N01351080EA016910176200210
B1120484555539N01351088EA016950176600210
B1120494555541N01351097EA017000176900210
B1120504555542N01351105EA017030177200210
B1120514555541N01351111EA017070177600210
B1120524555539N01351117EA017090178000210
B1120534555537N01351122EA017110178300210
B1120544555535N01351127EA017130178600210
B1120554555531N01351132EA017140178900210
B1120564555527N01351136EA017160179000210
B1120574555522N01351138EA017180179200210
B1120584555518N01351140EA017210179500210
B1120594555513N01351140EA017250179700210
B1121004555509N01351138EA017270180000210
B1121014555505N01351135EA017290180300210
B1121024555502N01351130EA017320180600210
B1121034555500N01351125EA017350180900210
B1121044555498N01351118EA017390181200210
B1121054555498N01351111EA017410181500210
B1121064555498N01351104EA017440181800210
B1121074555501N01351098EA017450182100210
B1121084555504N01351094EA017470182300210
B1121094555509N01351092EA017490182600210
B1121104555515N01351092EA017530182900210
B1121114555521N01351095EA017550183100210
B1121124555526N01351099EA017580183400210
B1121134555531N01351105EA017600183800210
B1121144555534N01351112EA017640184000210
B1121154555536N01351119EA017660184300210
B1121164555537N01351127EA017680184500210
B1121174555537N01351134EA017710184800210
B1121184555537N01351140EA017720185100210
B1121194555537N01351146EA017740185300210
B1121204555536N01351153EA017760185500210
B1121214555534N01351159EA017790185800210
B1121224555533N01351166EA017810186000210
B1121234555531N01351172EA017820186200210
B1121244555531N01351179EA017840186500210
B1121254555533N01351186EA017850186700210
B1121264555538N01351191EA017880186900210
B1121274555544N01351195EA017890187100210
B1121284555549N01351196EA017900187300210
B1121294555553N01351194EA017910187500210
B1121304555557N01351190EA017950187700210
B1121314555558N01351185EA017970187900210
B1121324555558N01351179EA018000188000210
B1121334555556N01351174EA018020188200210
B1121344555553N01351169EA018030188400210
B1121354555548N01351166EA018060188600210
B1121364555544N01351164EA018080188900210
B1121374555540N01351163EA018110189200210
B1121384555536N01351162EA018130189400210
B1121394555531N01351162EA018160189700210
B1121404555527N01351163EA018190190000210
B1121414555523N01351165EA018210190300210
B1121424555519N01351166EA018240190500210
B1121434555515N01351169EA018270190800210
B1121444555510N01351171EA018300191000210
B1121454555506N01351174EA018320191200210
B1121464555502N01351179EA018350191500210
B1121474555500N01351184EA018370191800210
B1121484555498N01351190EA018390192100210
B1121494555496N01351196EA018400192300210
B1121504555495N01351204EA018420192500210
B1121514555494N01351212EA018460192600210
B1121524555494N01351221EA018480192900210
B1121534555496N01351229EA018510193100210
B1121544555499N01351236EA018520193400210
B1121554555504N01351241EA018540193600210
B1121564555511N01351245EA018560193800210
B1121574555519N01351246EA018590194000210
B1121584555525N01351245EA018610194100210
B1121594555530N01351241EA018610194200210
B1122004555533N01351236EA018610194400210
B1122014555534N01351230EA018620194600210
B1122024555534N01351224EA018630194800210
B1122034555531N01351220EA018660194900210
B1122044555527N01351217EA018690195000210
B1122054555523N01351218EA018720195200210
B1122064555519N01351220EA018730195400210
B1122074555516N01351223EA018750195700210
B1122084555514N01351227EA018770195900210
B1122094555512N01351233EA018770196000210
B1122104555510N01351242EA018800196200210
B1122114555509N01351250EA018850196400210
B1122124555509N01351259EA018870196600210
B1122134555511N01351267EA018890196800210
B1122144555515N01351273EA018900197000210
B1122154555521N01351277EA018930197200210
B1122164555528N01351280EA018960197400210
B1122174555535N01351281EA018980197700210
B1122184555540N01351280EA019000197900210
B1122194555545N01351277EA018990198000210
B1122204555548N01351273EA019000198200210
B1122214555550N01351267EA019010198300210
B1122224555549N01351261EA019020198500210
B1122234555547N01351256EA019040198600210
B1122244555542N01351253EA019070198800210
B1122254555537N01351252EA019090198900210
B1122264555532N01351250EA019130199200210
B1122274555528N01351250EA019150199500210
B1122284555524N01351249EA019170199700210
B1122294555520N01351250EA019170199900210
B1122304555516N01351251EA019180199900210
B1122314555511N01351253EA019190200100210
B1122324555506N01351256EA019220200200210
B1122334555502N01351259EA019240200500210
B1122344555498N01351265EA019240200700210
B1122354555496N01351271EA019240200800210
B1122364555495N01351279EA019240200900210
B1122374555496N01351287EA019240201000210
B1122384555498N01351296EA019250201100210
B1122394555502N01351303EA019250201200210
B1122404555508N01351309EA019260201300210
B1122414555514N01351313EA019260201300210
B1122424555521N01351313EA019270201400210
B1122434555527N01351311EA019290201400210
B1122444555533N01351308EA019300201500210
B1122454555537N01351303EA019310201600210
B1122464555539N01351297EA019330201700210
B1122474555540N01351291EA019340201800210
B1122484555539N01351285EA019360201900210
B1122494555536N01351280EA019380202000210
B1122504555532N01351279EA019410202100210
B1122514555527N01351281EA019420202200210
B1122524555524N01351284EA019440202400210
B1122534555521N01351289EA019460202600210
B1122544555517N01351293EA019450202800210
B1122554555514N01351297EA019460202800210
B1122564555510N01351300EA019460202900210
B1122574555506N01351303EA019490203000210
B1122584555501N01351305EA019510203100210
B1122594555497N01351306EA019510203300210
B1123004555493N01351305EA019540203400210
B1123014555489N01351305EA019530203500210
B1123024555485N01351306EA019540203700210
B1123034555481N01351309EA019560203800210
B1123044555478N01351314EA019570204000210
B1123054555475N01351321EA019600204100210
B1123064555473N01351329EA019600204300210
B1123074555472N01351337EA019600204400210
B1123084555471N01351344EA019580204400210
B1123094555469N01351352EA019570204300210
B1123104555467N01351361EA019550204300210
B1123114555466N01351371EA019530204200210
B1123124555465N01351381EA019520204100210
B1123134555464N01351392EA019510204100210
B1123144555464N01351402EA019500204000210
B1123154555463N01351411EA019470204000210
B1123164555462N01351420EA019470203800210
B1123174555462N01351429EA019440203700210
B1123184555462N01351439EA019430203400210
B1123194555462N01351448EA019410203200210
B1123204555460N01351458EA019390203000210
B1123214555459N01351467EA019380202800210
B1123224555459N01351476EA019370202700210
B1123234555459N01351485EA019350202600210
B1123244555459N01351493EA019320202400210
B1123254555458N01351501EA019290202200210
B1123264555456N01351510EA019270202000210
B1123274555454N01351519EA019260201800210
B1123284555453N01351529EA019260201700210
B1123294555452N01351538EA019240201500209
B1123304555451N01351547EA019220201400210
B1123314555450N01351555EA019210201200210
B1123324555448N01351564EA019180201000210
B1123334555447N01351573EA019170200800210
B1123344555445N01351582EA019140200600210
B1123354555444N01351591EA019120200400210
B1123364555443N01351599EA019110200200210
B1123374555441N01351608EA019100200000210
B1123384555439N01351617EA019080199900209
B1123394555438N01351627EA019070199700210
B1123404555436N01351635EA019060199600210
B1123414555435N01351644EA019040199500210
B1123424555433N01351653EA019020199300210
B1123434555431N01351662EA019010199100209
B1123444555429N01351670EA019010199000209
B1123454555427N01351679EA019000198800209
B1123464555425N01351688EA018980198700209
B1123474555423N01351695EA018970198700209
B1123484555421N01351703EA018960198500209
B1123494555419N01351711EA018950198400209
B1123504555417N01351719EA018920198300208
B1123514555414N01351727EA018920198100209
B1123524555411N01351735EA018910198000209
B1123534555409N01351743EA018900197900209
B1123544555407N01351751EA018890197800209
B1123554555404N01351759EA018880197600208
B1123564555402N01351766EA018860197500208
B1123574555399N01351775EA018840197300208
B1123584555396N01351783EA018830197200209
B1123594555395N01351792EA018830197000209
B1124004555393N01351801EA018820196900209
B1124014555391N01351810EA018800196800209
B1124024555389N01351819EA018790196700209
B1124034555387N01351828EA018780196600209
B1124044555385N01351838EA018780196500209
B1124054555383N01351847EA018770196400209
B1124064555381N01351856EA018770196400209
B1124074555379N01351865EA018750196300209
B1124084555377N01351873EA018730196200209
B1124094555376N01351881EA018720196000209
B1124104555374N01351890EA018700195900209
B1124114555372N01351899EA018700195700209
B1124124555371N01351907EA018690195600209
B1124134555368N01351916EA018680195500209
B1124144555366N01351924EA018670195400209
B1124154555364N01351932EA018660195400209
B1124164555362N01351940EA018650195300209
B1124174555361N01351948EA018630195100209
B1124184555359N01351956EA018620194900209
B1124194555356N01351964EA018620194700209
B1124204555353N01351972EA018600194500209
B1124214555350N01351980EA018590194400209
B1124224555347N01351988EA018570194300209
B1124234555345N01351995EA018570194200209
B1124244555342N01352003EA018550194100209
B1124254555339N01352010EA018550193900209
B1124264555337N01352018EA018520193800209
B1124274555334N01352026EA018510193600209
B1124284555331N01352033EA018470193300209
B1124294555328N01352041EA018470193100210
B1124304555325N01352049EA018450193000210
B1124314555322N01352057EA018440192900210
B1124324555319N01352065EA018430192800210
B1124334555316N01352073EA018420192700210
B1124344555314N01352080EA018410192700210
B1124354555311N01352088EA018410192600210
B1124364555308N01352096EA018400192500210
B1124374555306N01352103EA018390192400210
B1124384555303N01352111EA018380192200210
B1124394555301N01352119EA018360192000210
B1124404555298N01352127EA018340191900210
B1124414555295N01352135EA018320191700210
B1124424555293N01352142EA018320191600210
B1124434555290N01352150EA018300191400210
B1124444555288N01352158EA018260191300210
B1124454555285N01352166EA018260191100210
B1124464555283N01352174EA018240191000210
B1124474555280N01352183EA018230190900210
B1124484555278N01352191EA018240190900210
B1124494555276N01352200EA018220190800210
B1124504555274N01352208EA018200190700210
B1124514555272N01352217EA018210190600210
B1124524555270N01352225EA018190190500210
B1124534555269N01352233EA018180190300210
B1124544555267N01352241EA018150190100210
B1124554555266N01352250EA018110189800210
B1124564555263N01352258EA018100189600210
B1124574555261N01352266EA018080189400210
B1124584555260N01352275EA018060189200210
B1124594555258N01352283EA018050189000210
B1125004555257N01352291EA018040188800210
B1125014555255N01352299EA018010188600210
B1125024555253N01352307EA018010188400210
B1125034555251N01352315EA018000188200210
B1125044555248N01352324EA017960188000210
B1125054555246N01352332EA017950187800210
B1125064555244N01352340EA017940187700210
B1125074555242N01352348EA017920187500210
B1125084555240N01352357EA017900187400210
B1125094555238N01352365EA017880187200210
B1125104555237N01352374EA017870187000210
B1125114555235N01352382EA017850186800210
B1125124555233N01352390EA017830186600210
B1125134555231N01352399EA017810186500210
B1125144555229N01352407EA017790186300210
B1125154555227N01352416EA017790186100210
B1125164555225N01352424EA017780186000210
B1125174555223N01352433EA017750185800210
B1125184555221N01352441EA017750185700210
B1125194555219N01352450EA017730185600209
B1125204555217N01352458EA017720185500209
B1125214555216N01352466EA017700185300210
B1125224555214N01352475EA017680185200210
B1125234555213N01352483EA017680185000210
B1125244555211N01352492EA017670184900210
B1125254555210N01352501EA017670184800210
B1125264555209N01352509EA017660184700210
B1125274555208N01352518EA017660184600210
B1125284555207N01352527EA017640184600210
B1125294555205N01352535EA017620184500210
B1125304555204N01352543EA017620184400210
B1125314555203N01352552EA017610184200210
B1125324555202N01352561EA017580184100210
B1125334555200N01352570EA017570184000210
B1125344555198N01352579EA017550183800210
B1125354555196N01352587EA017530183700209
B1125364555194N01352596EA017520183500210
B1125374555192N01352605EA017510183300210
B1125384555189N01352613EA017490183200210
B1125394555187N01352621EA017480183100210
B1125404555185N01352629EA017470182900210
B1125414555183N01352637EA017460182800209
B1125424555180N01352645EA017440182700209
B1125434555178N01352652EA017430182600210
B1125444555176N01352659EA017410182400210
B1125454555173N01352667EA017400182300210
B1125464555171N01352675EA017390182100210
B1125474555169N01352683EA017360181900210
B1125484555168N01352691EA017340181800210
B1125494555166N01352699EA017320181600210
B1125504555164N01352707EA017310181400210
B1125514555162N01352715EA017300181200210
B1125524555160N01352723EA017290181100210
B1125534555159N01352731EA017280181000210
B1125544555157N01352739EA017270180900210
B1125554555156N01352746EA017260180700210
B1125564555154N01352754EA017220180400210
B1125574555153N01352761EA017200180300210
B1125584555151N01352769EA017190180100210
B1125594555150N01352777EA017170179900209
B1126004555149N01352785EA017150179700209
B1126014555148N01352793EA017130179500209
B1126024555146N01352801EA017120179300209
B1126034555144N01352809EA017090179100210
B1126044555143N01352817EA017060178900210
B1126054555141N01352825EA017050178700210
B1126064555139N01352832EA017040178600210
B1126074555137N01352839EA017030178400210
B1126084555135N01352847EA017010178300210
B1126094555133N01352854EA016980178100210
B1126104555131N01352861EA016970177900210
B1126114555129N01352868EA016940177700210
B1126124555127N01352874EA016920177400210
B1126134555125N01352882EA016900177200210
B1126144555123N01352889EA016890177100210
B1126154555121N01352896EA016880176900210
B1126164555119N01352904EA016860176700210
B1126174555117N01352911EA016840176600210
B1126184555115N01352918EA016820176400210
B1126194555113N01352925EA016810176200210
B1126204555111N01352932EA016790176000210
B1126214555110N01352939EA016770175800209
B1126224555107N01352947EA016760175600209
B1126234555105N01352954EA016730175500209
B1126244555103N01352961EA016720175400209
B1126254555101N01352968EA016720175200209
B1126264555099N01352976EA016700175100209
B1126274555097N01352983EA016690175000210
B1126284555095N01352990EA016680174800210
B1126294555093N01352998EA016650174700210
B1126304555091N01353005EA016640174500210
B1126314555089N01353012EA016620174400210
B1126324555087N01353020EA016610174200210
B1126334555085N01353027EA016600174100210
B1126344555083N01353034EA016580174000209
B1126354555081N01353042EA016570173800209
B1126364555079N01353050EA016560173700209
B1126374555077N01353057EA016560173600209
B1126384555075N01353065EA016540173400209
B1126394555073N01353073EA016540173300209
B1126404555071N01353081EA016520173200208
B1126414555069N01353088EA016500173000209
B1126424555068N01353096EA016490172900210
B1126434555066N01353104EA016470172800210
B1126444555064N01353112EA016450172600210
B1126454555062N01353120EA016450172500210
B1126464555061N01353127EA016430172400210
B1126474555059N01353135EA016420172200210
B1126484555057N01353143EA016420172100210
B1126494555055N01353150EA016430171900210
B1126504555053N01353158EA016390171800210
B1126514555051N01353166EA016370171600210
B1126524555049N01353174EA016360171500210
B1126534555047N01353181EA016350171400210
B1126544555045N01353189EA016340171200210
B1126554555043N01353196EA016330171100210
B1126564555041N01353204EA016300170900210
B1126574555038N01353211EA016290170800210
B1126584555036N01353219EA016270170600210
B1126594555034N01353226EA016250170400210
B1127004555032N01353233EA016230170300210
B1127014555030N01353241EA016220170100210
B1127024555027N01353248EA016210169900210
B1127034555025N01353255EA016200169700210
B1127044555022N01353263EA016180169600210
B1127054555020N01353270EA016170169500210
B1127064555018N01353278EA016170169400210
B1127074555015N01353285EA016140169200210
B1127084555013N01353292EA016120169100210
B1127094555010N01353300EA016110169000210
B1127104555008N01353307EA016100168800210
B1127114555006N01353315EA016080168700210
B1127124555004N01353323EA016070168500210
B1127134555001N01353330EA016060168400210
B1127144554998N01353338EA016030168200210
B1127154554996N01353345EA016020168100210
B1127164554993N01353352EA016000168000210
B1127174554991N01353359EA016000167800210
B1127184554988N01353367EA015990167700210
B1127194554986N01353374EA015960167500210
B1127204554983N01353381EA015940167300210
B1127214554981N01353388EA015920167100210
B1127224554978N01353396EA015900167000210
B1127234554975N01353403EA015910166800210
B1127244554973N01353411EA015880166700210
B1127254554970N01353418EA015870166500210
B1127264554967N01353426EA015870166300210
B1127274554965N01353433EA015830166200210
B1127284554962N01353441EA015840166100210
B1127294554959N01353448EA015810166000210
B1127304554957N01353455EA015790165800210
B1127314554954N01353463EA015770165700210
B1127324554952N01353470EA015760165500210
B1127334554949N01353478EA015750165300210
B1127344554946N01353485EA015710165100210
B1127354554944N01353493EA015710164900210
B1127364554941N01353500EA015700164800210
B1127374554938N01353508EA015690164700210
B1127384554935N01353516EA015670164500210
B1127394554933N01353523EA015660164400210
B1127404554930N01353531EA015650164300210
B1127414554928N01353539EA015640164200210
B1127424554925N01353547EA015630164100210
B1127434554923N01353555EA015640164000210
B1127444554921N01353563EA015610163800210
B1127454554919N01353570EA015600163700210
B1127464554916N01353578EA015590163600210
B1127474554914N01353586EA015590163500210
B1127484554912N01353594EA015580163500210
B1127494554910N01353602EA015580163400210
B1127504554908N01353610EA015580163400210
B1127514554906N01353617EA015590163400210
B1127524554903N01353625EA015570163400210
B1127534554901N01353632EA015550163300210
B1127544554899N01353639EA015530163200210
B1127554554896N01353646EA015520163100210
B1127564554894N01353653EA015520162900210
B1127574554892N01353661EA015500162700210
B1127584554889N01353668EA015500162600210
B1127594554887N01353676EA015490162500210
B1128004554885N01353684EA015470162400210
B1128014554883N01353692EA015460162300210
B1128024554881N01353699EA015450162200210
B1128034554879N01353707EA015430162000210
B1128044554877N01353714EA015410161900210
B1128054554875N01353722EA015410161800210
B1128064554872N01353729EA015390161600210
B1128074554870N01353737EA015370161500210
B1128084554868N01353744EA015370161400210
B1128094554866N01353752EA015350161200210
B1128104554864N01353759EA015330161100210
B1128114554861N01353767EA015320160900210
B1128124554859N01353774EA015310160700210
B1128134554857N01353782EA015290160500210
B1128144554854N01353790EA015270160400210
B1128154554851N01353797EA015270160200210
B1128164554848N01353805EA015250160100210
B1128174554845N01353812EA015240160000210
B1128184554843N01353819EA015240160000210
B1128194554840N01353827EA015230159900210
B1128204554837N01353834EA015210159800210
B1128214554834N01353841EA015220159700210
B1128224554831N01353848EA015220159700210
B1128234554828N01353855EA015220159600210
B1128244554825N01353862EA015200159600210
B1128254554822N01353869EA015160159500210
B1128264554819N01353875EA015190159400210
B1128274554817N01353882EA015180159300210
B1128284554813N01353889EA015170159100210
B1128294554810N01353896EA015170159000210
B1128304554807N01353903EA015140158900210
B1128314554804N01353910EA015130158700210
B1128324554801N01353916EA015110158600210
B1128334554798N01353923EA015100158400210
B1128344554795N01353929EA015080158300210
B1128354554792N01353936EA015060158100210
B1128364554789N01353942EA015020157900210
B1128374554785N01353948EA014990157600210
B1128384554782N01353955EA014970157400210
B1128394554779N01353962EA014940157100210
B1128404554776N01353969EA014940156900210
B1128414554773N01353975EA014890156700210
B1128424554769N01353981EA014880156500210
B1128434554766N01353987EA014860156300210
B1128444554763N01353993EA014840156100210
B1128454554761N01354000EA014830155900210
B1128464554758N01354006EA014810155700210
B1128474554756N01354012EA014780155600210
B1128484554754N01354018EA014760155300209
B1128494554752N01354024EA014740155100210
B1128504554751N01354031EA014720154900210
B1128514554749N01354037EA014700154700210
B1128524554747N01354043EA014690154400210
B1128534554745N01354050EA014660154200210
B1128544554743N01354056EA014640154000210
B1128554554741N01354063EA014620153800210
B1128564554740N01354070EA014600153600210
B1128574554737N01354076EA014590153400210
B1128584554735N01354083EA014550153200210
B1128594554733N01354089EA014540153000210
B1129004554731N01354096EA014510152800210
B1129014554729N01354102EA014490152600210
B1129024554727N01354109EA014470152300210
B1129034554725N01354115EA014460152100210
B1129044554724N01354122EA014450151900210
B1129054554722N01354128EA014420151800210
B1129064554721N01354135EA014410151600210
B1129074554720N01354141EA014390151400210
B1129084554719N01354146EA014370151200210
B1129094554718N01354153EA014340150900210
B1129104554717N01354159EA014320150700210
B1129114554715N01354165EA014300150500210
B1129124554714N01354171EA014290150300210
B1129134554713N01354177EA014260150100210
B1129144554712N01354184EA014220149900210
B1129154554710N01354190EA014200149600210
B1129164554708N01354196EA014180149300210
B1129174554707N01354203EA014170149200210
B1129184554707N01354209EA014160149100210
B1129194554706N01354216EA014150149000210
B1129204554706N01354222EA014130148900210
B1129214554706N01354228EA014120148700210
B1129224554706N01354234EA014080148500210
B1129234554706N01354240EA014060148300210
B1129244554706N01354246EA014050148000210
B1129254554705N01354253EA014020147800210
B1129264554705N01354259EA014000147700210
B1129274554705N01354266EA013990147500210
B1129284554704N01354272EA013980147400210
B1129294554703N01354279EA013970147300210
B1129304554701N01354284EA013960147200210
B1129314554700N01354290EA013940147000210
B1129324554700N01354296EA013920146800210
B1129334554699N01354302EA013900146500210
B1129344554698N01354308EA013890146300210
B1129354554697N01354314EA013880146200210
B1129364554696N01354319EA013860146000210
B1129374554695N01354325EA013840145900210
B1129384554694N01354329EA013830145700210
B1129394554693N01354334EA013820145600210
B1129404554692N01354338EA013780145400210
B1129414554690N01354343EA013760145200210
B1129424554689N01354347EA013730144900210
B1129434554688N01354352EA013720144600210
B1129444554687N01354357EA013690144400210
B1129454554686N01354362EA013660144100210
B1129464554684N01354369EA013640143800210
B1129474554683N01354375EA013620143500210
B1129484554682N01354383EA013600143300210
B1129494554681N01354390EA013590143100210
B1129504554680N01354398EA013580143000210
B1129514554680N01354404EA013570142900210
B1129524554680N01354410EA013550142700210
B1129534554679N01354416EA013530142500210
B1129544554678N01354422EA013510142300210
B1129554554678N01354428EA013500142200210
B1129564554677N01354435EA013510142100210
B1129574554676N01354442EA013500142100210
B1129584554675N01354448EA013490142000210
B1129594554673N01354453EA013470141900210
B1130004554672N01354458EA013450141800210
B1130014554670N01354464EA013440141600210
B1130024554669N01354470EA013420141400210
B1130034554666N01354476EA013420141300210
B1130044554664N01354483EA013420141200210
B1130054554662N01354489EA013430141200210
B1130064554659N01354496EA013440141200210
B1130074554657N01354502EA013430141300210
B1130084554656N01354508EA013410141300210
B1130094554654N01354514EA013380141200210
B1130104554653N01354518EA013360141000210
B1130114554651N01354523EA013330140800210
B1130124554650N01354528EA013300140600210
B1130134554648N01354533EA013260140300210
B1130144554646N01354540EA013230140000210
B1130154554644N01354547EA013220139700210
B1130164554641N01354555EA013200139500210
B1130174554639N01354562EA013190139400210
B1130184554637N01354568EA013170139200210
B1130194554635N01354574EA013150139000210
B1130204554632N01354580EA013120138700210
B1130214554629N01354586EA013090138400210
B1130224554626N01354593EA013070138200210
B1130234554622N01354600EA013070138000210
B1130244554619N01354608EA013080137800210
B1130254554616N01354617EA013090137700210
B1130264554614N01354625EA013090137700210
B1130274554611N01354633EA013100137700210
B1130284554609N01354640EA013110137800210
B1130294554607N01354647EA013110137900210
B1130304554604N01354654EA013100137900210
B1130314554602N01354662EA013100137800210
B1130324554600N01354668EA013100137800210
B1130334554597N01354675EA013110137800210
B1130344554595N01354682EA013110137800210
B1130354554593N01354689EA013110137800210
B1130364554591N01354695EA013110137800210
B1130374554590N01354701EA013100137800210
B1130384554588N01354707EA013100137700210
B1130394554586N01354714EA013100137700210
B1130404554583N01354720EA013100137700210
B1130414554581N01354727EA013100137700210
B1130424554580N01354733EA013110137700210
B1130434554578N01354740EA013120137800210
B1130444554577N01354746EA013120137800210
B1130454554575N01354752EA013120137800210
B1130464554574N01354758EA013120137900210
B1130474554572N01354764EA013120137900210
B1130484554571N01354770EA013120137900210
B1130494554569N01354776EA013120137900210
B1130504554569N01354782EA013120137900210
B1130514554569N01354789EA013120137900210
B1130524554571N01354796EA013130137900210
B1130534554574N01354803EA013140138000210
B1130544554578N01354809EA013150138100210
B1130554554582N01354814EA013150138200210
B1130564554587N01354819EA013170138400210
B1130574554593N01354823EA013170138500210
B1130584554598N01354827EA013190138600210
B1130594554604N01354830EA013190138800210
B1131004554610N01354832EA013200138900210
B1131014554616N01354832EA013200139000210
B1131024554622N01354830EA013220139100210
B1131034554628N01354827EA013220139100210
B1131044554632N01354823EA013220139100210
B1131054554636N01354819EA013220139100210
B1131064554639N01354813EA013230139200210
B1131074554640N01354807EA013230139200210
B1131084554641N01354802EA013240139300210
B1131094554641N01354796EA013240139400210
B1131104554640N01354790EA013250139500210
B1131114554638N01354785EA013250139600210
B1131124554636N01354781EA013260139700210
B1131134554633N01354778EA013280139700210
B1131144554630N01354775EA013270139700210
B1131154554627N01354773EA013280139800210
B1131164554623N01354772EA013290139800210
B1131174554619N01354772EA013300139900210
B1131184554615N01354773EA013300140000210
B1131194554611N01354774EA013290140000210
B1131204554607N01354775EA013300140100210
B1131214554604N01354778EA013300140100210
B1131224554600N01354781EA013300140100210
B1131234554597N01354784EA013300140100210
B1131244554593N01354788EA013300140100210
B1131254554590N01354792EA013290140100210
B1131264554587N01354796EA013280140000210
B1131274554584N01354800EA013280140000210
B1131284554580N01354805EA013280139900210
B1131294554577N01354810EA013270139900210
B1131304554575N01354816EA013280139800210
B1131314554573N01354822EA013280139800210
B1131324554572N01354829EA013280139700210
B1131334554573N01354836EA013300139700210
B1131344554574N01354844EA013300139800210
B1131354554576N01354850EA013320139800210
B1131364554579N01354857EA013330139900210
B1131374554583N01354862EA013340140000210
B1131384554587N01354868EA013360140200210
B1131394554592N01354873EA013370140400210
B1131404554597N01354877EA013380140600210
B1131414554602N01354880EA013390140700210
B1131424554608N01354883EA013400140800210
B1131434554614N01354884EA013430140900210
B1131444554620N01354884EA013450141100210
B1131454554626N01354882EA013480141300210
B1131464554631N01354878EA013500141600210
B1131474554635N01354874EA013520141800210
B1131484554638N01354869EA013530142000210
B1131494554640N01354864EA013550142100210
B1131504554640N01354858EA013570142300210
B1131514554640N01354852EA013590142400210
B1131524554639N01354848EA013600142600210
B1131534554636N01354844EA013610142700210
B1131544554633N01354841EA013610142800210
B1131554554629N01354841EA013610142900210
B1131564554625N01354843EA013610143000210
B1131574554621N01354847EA013630143000210
B1131584554619N01354852EA013630143100210
B1131594554618N01354859EA013630143200210
B1132004554619N01354867EA013640143200210
B1132014554620N01354875EA013660143300210
B1132024554622N01354883EA013680143400210
B1132034554625N01354890EA013700143500210
B1132044554628N01354897EA013730143700210
B1132054554632N01354903EA013760143900210
B1132064554637N01354909EA013780144200210
B1132074554643N01354912EA013820144400210
B1132084554649N01354915EA013860144700210
B1132094554655N01354915EA013900145000210
B1132104554661N01354913EA013940145400210
B1132114554665N01354909EA013980145700210
B1132124554670N01354904EA014010146100210
B1132134554673N01354898EA014050146500210
B1132144554676N01354891EA014080146900210
B1132154554677N01354884EA014120147300210
B1132164554677N01354878EA014150147500210
B1132174554676N01354871EA014180147900210
B1132184554674N01354866EA014220148300210
B1132194554671N01354861EA014240148600210
B1132204554668N01354859EA014270148900210
B1132214554664N01354859EA014270149200210
B1132224554661N01354861EA014290149500210
B1132234554658N01354867EA014300149600210
B1132244554656N01354873EA014330149800210
B1132254554656N01354881EA014360150100210
B1132264554657N01354889EA014390150300210
B1132274554659N01354895EA014420150600210
B1132284554662N01354900EA014450151000210
B1132294554666N01354904EA014480151300210
B1132304554671N01354907EA014520151600210
B1132314554677N01354909EA014560151900210
B1132324554682N01354910EA014610152300210
B1132334554688N01354909EA014640152600210
B1132344554694N01354906EA014680153000210
B1132354554699N01354902EA014720153400210
B1132364554703N01354897EA014750153700210
B1132374554706N01354892EA014780154100210
B1132384554708N01354885EA014810154400210
B1132394554708N01354879EA014830154700210
B1132404554708N01354872EA014860155000210
B1132414554707N01354866EA014890155200210
B1132424554704N01354862EA014910155500210
B1132434554701N01354858EA014930155700210
B1132444554698N01354855EA014950155900210
B1132454554694N01354854EA014960156100210
B1132464554689N01354854EA014970156200210
B1132474554685N01354855EA014960156300210
B1132484554680N01354857EA014970156500210
B1132494554676N01354860EA014970156700210
B1132504554672N01354864EA014980156800210
B1132514554668N01354868EA014990156900210
B1132524554664N01354873EA015000157000210
B1132534554661N01354878EA015010157100210
B1132544554658N01354883EA015020157200210
B1132554554655N01354889EA015020157200210
B1132564554654N01354896EA015020157200210
B1132574554654N01354903EA015020157300210
B1132584554654N01354911EA015030157400210
B1132594554656N01354919EA015040157500210
B1133004554659N01354927EA015060157600210
B1133014554663N01354933EA015090157800210
B1133024554667N01354938EA015110158000210
B1133034554673N01354941EA015150158200210
B1133044554678N01354944EA015200158300210
B1133054554683N01354944EA015240158600210
B1133064554688N01354943EA015260158900210
B1133074554693N01354940EA015290159300210
B1133084554697N01354936EA015310159600210
B1133094554700N01354931EA015330159900210
B1133104554703N01354926EA015350160200210
B1133114554707N01354920EA015380160600210
B1133124554710N01354914EA015410160900210
B1133134554713N01354908EA015440161200210
B1133144554715N01354902EA015470161500210
B1133154554716N01354895EA015500161800210
B1133164554717N01354889EA015540162200210
B1133174554716N01354883EA015580162500210
B1133184554715N01354877EA015620162900210
B1133194554713N01354872EA015630163300210
B1133204554711N01354869EA015660163500210
B1133214554708N01354866EA015670163700210
B1133224554705N01354863EA015680163800210
B1133234554701N01354860EA015700164000210
B1133244554697N01354858EA015710164200210
B1133254554693N01354857EA015730164400210
B1133264554689N01354857EA015730164600210
B1133274554686N01354858EA015740164700210
B1133284554682N01354860EA015750164800210
B1133294554679N01354864EA015760164900210
B1133304554676N01354869EA015770165100210
B1133314554674N01354875EA015780165200210
B1133324554674N01354882EA015800165400210
B1133334554674N01354889EA015810165600210
B1133344554676N01354896EA015830165700210
B1133354554679N01354903EA015840165800210
B1133364554682N01354911EA015870166000210
B1133374554686N01354917EA015890166200210
B1133384554690N01354922EA015930166500210
B1133394554695N01354925EA015960166700210
B1133404554699N01354927EA015980167000210
B1133414554704N01354928EA016010167300210
B1133424554709N01354928EA016040167600210
B1133434554714N01354928EA016080167900210
B1133444554720N01354928EA016130168200210
B1133454554725N01354927EA016180168600210
B1133464554730N01354923EA016210169000210
B1133474554733N01354919EA016270169400210
B1133484554736N01354912EA016300169700210
B1133494554737N01354903EA016340170100210
B1133504554736N01354896EA016380170500210
B1133514554735N01354890EA016410170900210
B1133524554731N01354885EA016450171200210
B1133534554728N01354881EA016470171600210
B1133544554723N01354877EA016510171900210
B1133554554718N01354874EA016550172300210
B1133564554714N01354873EA016570172700210
B1133574554709N01354873EA016600173100210
B1133584554705N01354874EA016620173400210
B1133594554701N01354876EA016640173700210
B1134004554698N01354880EA016660174000210
B1134014554697N01354886EA016680174200210
B1134024554696N01354893EA016700174500210
B1134034554697N01354899EA016730174800210
B1134044554698N01354906EA016760175100210
B1134054554701N01354911EA016780175400210
B1134064554704N01354916EA016810175700210
B1134074554709N01354920EA016840175900210
B1134084554713N01354923EA016880176300210
B1134094554718N01354926EA016910176600210
B1134104554723N01354927EA016950177000210
B1134114554728N01354928EA017000177400210
B1134124554734N01354927EA017040177800210
B1134134554739N01354925EA017080178200210
B1134144554744N01354923EA017130178600210
B1134154554749N01354918EA017160179000210
B1134164554753N01354913EA017200179400210
B1134174554756N01354907EA017220179800210
B1134184554760N01354902EA017250180100210
B1134194554764N01354895EA017280180300210
B1134204554767N01354889EA017320180600210
B1134214554770N01354881EA017350181000210
B1134224554772N01354874EA017370181300210
B1134234554773N01354867EA017380181600210
B1134244554773N01354859EA017400181900210
B1134254554771N01354852EA017410182100210
B1134264554768N01354845EA017420182200210
B1134274554764N01354840EA017440182400210
B1134284554760N01354835EA017470182700210
B1134294554755N01354831EA017490183000210
B1134304554751N01354827EA017520183300210
B1134314554747N01354824EA017520183500210
B1134324554743N01354820EA017540183600210
B1134334554740N01354816EA017520183600210
B1134344554735N01354812EA017520183600210
B1134354554731N01354808EA017510183500210
B1134364554727N01354803EA017510183500210
B1134374554724N01354799EA017500183400210
B1134384554720N01354794EA017490183300210
B1134394554716N01354789EA017490183200210
B1134404554713N01354784EA017460183100210
B1134414554710N01354780EA017440183000210
B1134424554706N01354775EA017420182800210
B1134434554703N01354771EA017390182600210
B1134444554699N01354767EA017370182300210
B1134454554696N01354763EA017330182100210
B1134464554692N01354760EA017290181900210
B1134474554688N01354760EA017250181800210
B1134484554684N01354762EA017200181700210
B1134494554679N01354765EA017180181600210
B1134504554676N01354770EA017150181500210
B1134514554674N01354775EA017120181400210
B1134524554674N01354781EA017110181400210
B1134534554674N01354787EA017100181200210
B1134544554675N01354794EA017090181100210
B1134554554676N01354800EA017100181000210
B1134564554679N01354807EA017100180600210
B1134574554681N01354814EA017100180500210
B1134584554684N01354820EA017100180200210
B1134594554687N01354826EA017110180100210
B1135004554689N01354832EA017110179900210
B1135014554691N01354837EA017110179700210
B1135024554693N01354843EA017110179700210
B1135034554695N01354848EA017100179600210
B1135044554697N01354853EA017100179500210
B1135054554699N01354858EA017090179500210
B1135064554702N01354864EA017080179400210
B1135074554707N01354869EA017100179300210
B1135084554711N01354873EA017110179300210
B1135094554716N01354877EA017110179300210
B1135104554721N01354880EA017110179300210
B1135114554727N01354881EA017120179400210
B1135124554732N01354882EA017120179400210
B1135134554738N01354882EA017130179500210
B1135144554744N01354881EA017140179500210
B1135154554750N01354879EA017160179500209
B1135164554756N01354877EA017180179700209
B1135174554761N01354874EA017210179800209
B1135184554766N01354871EA017230180000209
B1135194554770N01354867EA017240180100209
B1135204554774N01354863EA017260180300209
B1135214554778N01354858EA017280180400209
B1135224554781N01354851EA017280180600209
B1135234554784N01354845EA017300180700209
B1135244554786N01354838EA017300180800209
B1135254554787N01354831EA017290180900209
B1135264554788N01354824EA017290181000209
B1135274554787N01354817EA017280181000209
B1135284554786N01354810EA017280180900209
B1135294554784N01354803EA017260180800209
B1135304554781N01354797EA017240180700209
B1135314554778N01354791EA017230180500209
B1135324554774N01354785EA017230180400209
B1135334554770N01354780EA017220180300210
B1135344554766N01354775EA017200180300210
B1135354554762N01354772EA017200180200210
B1135364554759N01354769EA017200180100210
B1135374554755N01354766EA017180180000210
B1135384554752N01354765EA017180179900210
B1135394554749N01354764EA017160179800210
B1135404554745N01354762EA017140179600210
B1135414554742N01354761EA017130179500210
B1135424554739N01354759EA017130179400210
B1135434554735N01354758EA017120179300210
B1135444554732N01354757EA017100179200210
B1135454554729N01354757EA017080179100210
B1135464554726N01354759EA017060178900210
B1135474554724N01354761EA017040178800210
B1135484554722N01354765EA017020178600210
B1135494554721N01354769EA017010178400210
B1135504554719N01354773EA017000178200210
B1135514554717N01354778EA016990178100210
B1135524554715N01354784EA016980178000210
B1135534554713N01354788EA016980177900210
B1135544554711N01354793EA016960177800210
B1135554554709N01354796EA016950177700210
B1135564554707N01354800EA016920177500210
B1135574554705N01354804EA016890177200210
B1135584554703N01354808EA016870176900210
B1135594554700N01354812EA016860176600210
B1136004554697N01354816EA016850176500210
B1136014554693N01354820EA016850176500210
B1136024554690N01354823EA016830176500210
B1136034554687N01354825EA016820176400210
B1136044554685N01354827EA016800176200210
B1136054554682N01354829EA016780176000210
B1136064554679N01354832EA016760175800210
B1136074554676N01354834EA016740175600210
B1136084554673N01354837EA016720175400210
B1136094554670N01354840EA016700175200210
B1136104554667N01354843EA016680175000210
B1136114554664N01354847EA016670174900210
B1136124554661N01354850EA016660174700210
B1136134554658N01354853EA016650174600210
B1136144554655N01354855EA016640174400210
B1136154554652N01354858EA016610174300210
B1136164554649N01354861EA016590174100210
B1136174554647N01354864EA016570173900210
B1136184554643N01354867EA016550173600210
B1136194554640N01354870EA016530173400210
B1136204554637N01354872EA016510173200210
B1136214554634N01354875EA016490173000210
B1136224554631N01354877EA016450172700210
B1136234554628N01354880EA016440172400210
B1136244554625N01354883EA016400172200210
B1136254554622N01354886EA016380171900210
B1136264554618N01354889EA016360171700210
B1136274554615N01354892EA016330171400210
B1136284554611N01354895EA016310171200210
B1136294554608N01354899EA016290171000210
B1136304554604N01354903EA016280170800210
B1136314554601N01354906EA016240170500210
B1136324554597N01354910EA016220170300210
B1136334554593N01354914EA016210170100210
B1136344554589N01354917EA016190169900210
B1136354554586N01354921EA016170169700210
B1136364554582N01354925EA016150169500210
B1136374554578N01354929EA016130169300210
B1136384554575N01354933EA016110169100210
B1136394554572N01354937EA016090168800210
B1136404554568N01354941EA016070168600210
B1136414554565N01354945EA016060168500210
B1136424554562N01354949EA016040168300210
B1136434554559N01354953EA016030168100210
B1136444554556N01354957EA016010168000210
B1136454554553N01354960EA016000167800210
B1136464554550N01354964EA015980167600210
B1136474554546N01354968EA015960167400210
B1136484554543N01354973EA015950167200210
B1136494554540N01354977EA015930167000210
B1136504554537N01354982EA015910166900210
B1136514554533N01354986EA015900166800210
B1136524554530N01354991EA015890166600210
B1136534554526N01354995EA015870166400210
B1136544554523N01355000EA015850166200210
B1136554554519N01355005EA015820166000210
B1136564554515N01355011EA015800165700210
B1136574554511N01355017EA015790165500210
B1136584554508N01355023EA015790165300210
B1136594554504N01355029EA015790165200210
B1137004554501N01355035EA015770165100210
B1137014554498N01355040EA015760165000210
B1137024554494N01355046EA015740164800210
B1137034554490N01355053EA015720164600210
B1137044554486N01355059EA015710164500210
B1137054554482N01355064EA015700164400210
B1137064554478N01355070EA015690164300210
B1137074554475N01355076EA015670164200210
B1137084554471N01355082EA015650164000210
B1137094554467N01355089EA015630163800210
B1137104554463N01355095EA015610163700210
B1137114554460N01355101EA015600163600210
B1137124554456N01355106EA015580163400210
B1137134554452N01355112EA015550163200210
B1137144554448N01355118EA015530163000210
B1137154554444N01355125EA015520162800210
B1137164554439N01355131EA015510162700210
B1137174554434N01355137EA015500162600210
B1137184554430N01355142EA015480162400210
B1137194554426N01355148EA015460162200210
B1137204554422N01355153EA015430162000210
B1137214554417N01355159EA015400161800210
B1137224554413N01355165EA015380161600210
B1137234554408N01355171EA015380161400210
B1137244554404N01355178EA015360161200210
B1137254554400N01355184EA015340161000210
B1137264554395N01355190EA015310160800210
B1137274554391N01355197EA015300160600210
B1137284554386N01355204EA015290160500210
B1137294554382N01355211EA015270160300210
B1137304554377N01355217EA015260160100210
B1137314554372N01355224EA015230160000210
B1137324554367N01355229EA015230159900210
B1137334554362N01355234EA015220159800210
B1137344554358N01355239EA015200159600210
B1137354554353N01355244EA015160159400210
B1137364554348N01355249EA015120159100210
B1137374554343N01355255EA015100158800210
B1137384554338N01355261EA015080158500210
B1137394554332N01355267EA015070158300210
B1137404554327N01355273EA015050158100210
B1137414554322N01355278EA015030157900210
B1137424554317N01355283EA015010157700210
B1137434554313N01355289EA015000157500210
B1137444554308N01355294EA014970157300210
B1137454554303N01355299EA014940157100210
B1137464554298N01355305EA014920156900210
B1137474554293N01355310EA014910156700210
B1137484554289N01355316EA014890156500210
B1137494554284N01355322EA014880156400210
B1137504554279N01355327EA014870156200210
B1137514554275N01355333EA014850156100210
B1137524554270N01355338EA014830155900210
B1137534554265N01355344EA014810155800210
B1137544554261N01355350EA014800155600210
B1137554554256N01355355EA014790155400210
B1137564554252N01355362EA014760155300210
B1137574554248N01355368EA014730155000210
B1137584554244N01355374EA014720154800210
B1137594554241N01355381EA014700154600210
B1138004554237N01355387EA014680154400210
B1138014554233N01355394EA014670154200210
B1138024554229N01355400EA014650154000210
B1138034554226N01355406EA014640153900210
B1138044554223N01355413EA014620153800210
B1138054554219N01355419EA014610153600210
B1138064554216N01355425EA014600153500210
B1138074554212N01355431EA014600153400210
B1138084554209N01355436EA014600153300210
B1138094554205N01355442EA014600153200210
B1138104554202N01355447EA014590153200210
B1138114554198N01355453EA014580153100210
B1138124554195N01355459EA014590153100210
B1138134554192N01355464EA014580153000210
B1138144554189N01355470EA014570153100210
B1138154554186N01355476EA014550153000210
B1138164554183N01355482EA014540152900210
B1138174554180N01355488EA014520152700210
B1138184554177N01355494EA014500152500210
B1138194554174N01355500EA014470152300210
B1138204554170N01355505EA014450152100210
B1138214554167N01355511EA014430151900210
B1138224554163N01355517EA014420151700210
B1138234554160N01355523EA014400151500210
B1138244554157N01355528EA014380151300210
B1138254554154N01355533EA014360151100210
B1138264554151N01355538EA014340150900210
B1138274554148N01355543EA014320150700210
B1138284554144N01355548EA014300150400210
B1138294554141N01355553EA014270150200210
B1138304554138N01355558EA014260150000210
B1138314554135N01355563EA014240149800210
B1138324554132N01355568EA014220149600210
B1138334554128N01355574EA014220149400210
B1138344554125N01355579EA014200149300210
B1138354554122N01355584EA014200149300210
B1138364554119N01355589EA014190149200210
B1138374554116N01355593EA014180149100210
B1138384554113N01355597EA014150149000210
B1138394554111N01355601EA014130148900210
B1138404554108N01355605EA014110148600210
B1138414554105N01355611EA014090148400210
B1138424554102N01355616EA014080148200210
B1138434554099N01355622EA014060148000210
B1138444554096N01355628EA014040147900210
B1138454554093N01355633EA014020147700210
B1138464554091N01355638EA014020147600210
B1138474554088N01355643EA014000147400210
B1138484554085N01355648EA013980147200210
B1138494554082N01355653EA013970147100210
B1138504554079N01355657EA013950146900210
B1138514554076N01355662EA013930146800210
B1138524554072N01355666EA013920146700210
B1138534554069N01355671EA013910146500210
B1138544554066N01355675EA013900146300210
B1138554554063N01355680EA013890146200210
B1138564554060N01355685EA013890146200210
B1138574554057N01355690EA013890146200210
B1138584554054N01355695EA013880146100210
B1138594554052N01355700EA013870146000210
B1139004554050N01355705EA013850145900210
B1139014554047N01355711EA013840145700210
B1139024554045N01355718EA013820145500210
B1139034554042N01355725EA013810145300210
B1139044554040N01355732EA013800145200210
B1139054554037N01355739EA013800145200210
B1139064554034N01355746EA013780145100210
B1139074554031N01355752EA013780145000210
B1139084554029N01355759EA013760144900210
B1139094554026N01355765EA013750144800210
B1139104554023N01355772EA013730144700210
B1139114554020N01355780EA013720144600210
B1139124554018N01355787EA013710144500210
B1139134554015N01355794EA013710144400210
B1139144554012N01355801EA013700144400210
B1139154554009N01355808EA013690144200210
B1139164554006N01355814EA013670144100210
B1139174554003N01355821EA013650143900210
B1139184553999N01355827EA013640143800210
B1139194553996N01355833EA013620143600210
B1139204553994N01355840EA013600143400210
B1139214553990N01355846EA013590143200210
B1139224553987N01355852EA013580143000210
B1139234553983N01355859EA013560142800210
B1139244553980N01355866EA013560142800210
B1139254553976N01355872EA013560142700210
B1139264553973N01355878EA013540142700210
B1139274553970N01355884EA013530142600210
B1139284553967N01355890EA013510142400210
B1139294553963N01355896EA013500142200210
B1139304553959N01355901EA013470142000210
B1139314553955N01355908EA013460141800210
B1139324553951N01355915EA013450141600210
B1139334553948N01355922EA013440141500210
B1139344553944N01355929EA013430141400210
B1139354553941N01355935EA013420141300210
B1139364553937N01355941EA013400141200210
B1139374553934N01355948EA013380141000210
B1139384553930N01355955EA013350140800210
B1139394553927N01355962EA013340140600210
B1139404553923N01355969EA013340140500210
B1139414553920N01355976EA013350140400210
B1139424553917N01355982EA013340140400210
B1139434553914N01355989EA013320140300210
B1139444553911N01355996EA013310140100210
B1139454553909N01356003EA013300140000210
B1139464553906N01356011EA013300139900210
B1139474553903N01356018EA013310139800210
B1139484553900N01356026EA013310139900210
B1139494553898N01356034EA013320140000210
B1139504553896N01356041EA013330140100210
B1139514553893N01356048EA013330140100210
B1139524553891N01356055EA013340140200210
B1139534553888N01356061EA013350140200210
B1139544553886N01356067EA013360140300210
B1139554553883N01356072EA013370140400210
B1139564553880N01356078EA013390140500210
B1139574553878N01356084EA013410140700210
B1139584553874N01356088EA013430140800210
B1139594553871N01356091EA013450141000210
B1140004553867N01356092EA013480141200210
B1140014553863N01356092EA013500141400210
B1140024553859N01356090EA013520141500210
B1140034553855N01356088EA013550141700210
B1140044553851N01356085EA013570141900210
B1140054553847N01356081EA013600142100210
B1140064553844N01356077EA013620142400210
B1140074553841N01356071EA013640142600210
B1140084553839N01356065EA013650142800210
B1140094553837N01356059EA013680143000210
B1140104553835N01356052EA013690143200210
B1140114553835N01356046EA013690143400210
B1140124553837N01356039EA013700143500210
B1140134553839N01356033EA013710143600210
B1140144553842N01356026EA013720143800210
B1140154553845N01356021EA013720143800210
B1140164553850N01356017EA013710143900210
B1140174553854N01356014EA013710143900210
B1140184553859N01356012EA013700143900210
B1140194553864N01356012EA013700143800210
B1140204553869N01356013EA013700143800210
B1140214553875N01356016EA013690143900210
B1140224553880N01356020EA013690143900210
B1140234553884N01356027EA013680143900210
B1140244553887N01356034EA013680143900210
B1140254553888N01356042EA013680143800210
B1140264553888N01356050EA013680143800210
B1140274553887N01356058EA013700143800210
B1140284553885N01356065EA013700143800210
B1140294553883N01356072EA013700143900210
B1140304553881N01356079EA013720143900210
B1140314553879N01356085EA013740144100210
B1140324553876N01356092EA013780144400210
B1140334553874N01356098EA013790144600210
B1140344553872N01356103EA013810144800210
B1140354553871N01356108EA013810145000210
B1140364553869N01356113EA013810145100210
B1140374553867N01356118EA013820145100210
B1140384553865N01356122EA013810145200210
B1140394553862N01356125EA013790145200210
B1140404553859N01356128EA013770145100210
B1140414553856N01356130EA013760145100210
B1140424553853N01356130EA013730145200210
B1140434553849N01356128EA013730145200210
B1140444553846N01356123EA013730145200210
B1140454553842N01356117EA013720145200210
B1140464553840N01356109EA013730145200210
B1140474553839N01356099EA013740145200210
B1140484553838N01356089EA013750145100210
B1140494553838N01356080EA013770145100210
B1140504553838N01356070EA013780145100210
B1140514553840N01356061EA013790145200210
B1140524553842N01356053EA013810145400210
B1140534553844N01356045EA013820145500210
B1140544553846N01356038EA013830145600210
B1140554553848N01356033EA013830145600210
B1140564553850N01356028EA013810145500210
B1140574553854N01356025EA013800145500210
B1140584553859N01356022EA013800145300210
B1140594553864N01356021EA013790145200210
B1141004553868N01356021EA013780145200210
B1141014553873N01356024EA013760145100210
B1141024553877N01356029EA013760145100210
B1141034553880N01356034EA013760145000210
B1141044553883N01356041EA013740144900210
B1141054553885N01356048EA013740144800210
B1141064553887N01356056EA013750144800210
B1141074553888N01356062EA013750144800210
B1141084553889N01356069EA013750144900210
B1141094553890N01356075EA013770144900210
B1141104553891N01356081EA013780145000210
B1141114553892N01356087EA013780145000210
B1141124553893N01356093EA013780145000210
B1141134553894N01356099EA013780145000210
B1141144553895N01356105EA013790145100210
B1141154553894N01356111EA013800145100210
B1141164553894N01356117EA013810145200210
B1141174553893N01356123EA013820145300210
B1141184553892N01356129EA013830145400210
B1141194553891N01356135EA013830145500210
B1141204553889N01356142EA013840145500210
B1141214553887N01356148EA013840145600210
B1141224553884N01356153EA013840145700210
B1141234553881N01356157EA013830145800210
B1141244553878N01356160EA013820145800210
B1141254553874N01356163EA013810145700210
B1141264553870N01356165EA013790145500210
B1141274553866N01356168EA013780145400210
B1141284553862N01356169EA013770145200210
B1141294553857N01356169EA013760145100210
B1141304553852N01356169EA013770145000210
B1141314553847N01356168EA013760145000210
B1141324553842N01356166EA013750144900210
B1141334553838N01356163EA013740144800210
B1141344553834N01356158EA013730144700210
B1141354553832N01356153EA013730144500210
B1141364553830N01356146EA013720144500210
B1141374553828N01356138EA013720144400210
B1141384553828N01356130EA013720144400210
B1141394553829N01356123EA013720144400210
B1141404553830N01356115EA013720144400210
B1141414553831N01356108EA013720144400210
B1141424553833N01356101EA013720144300210
B1141434553835N01356094EA013720144200210
B1141444553838N01356087EA013720144200210
B1141454553841N01356081EA013720144200210
B1141464553844N01356075EA013710144200210
B1141474553848N01356071EA013700144200210
B1141484553852N01356067EA013690144100210
B1141494553857N01356065EA013680144000210
B1141504553861N01356064EA013660143900210
B1141514553866N01356065EA013650143800210
B1141524553871N01356069EA013640143700210
B1141534553875N01356074EA013640143700210
B1141544553876N01356081EA013660143600210
B1141554553877N01356088EA013660143600210
B1141564553876N01356094EA013660143600210
B1141574553876N01356100EA013640143600210
B1141584553874N01356105EA013620143500210
B1141594553872N01356109EA013600143300210
B1142004553868N01356113EA013560143200210
B1142014553864N01356117EA013560143000210
B1142024553859N01356122EA013550142800210
B1142034553855N01356126EA013550142600210
B1142044553850N01356131EA013550142500210
B1142054553846N01356136EA013550142400210
B1142064553842N01356141EA013540142400210
B1142074553838N01356145EA013540142400210
B1142084553834N01356150EA013540142300210
B1142094553830N01356155EA013540142300210
B1142104553826N01356160EA013530142300210
B1142114553823N01356166EA013530142300210
B1142124553819N01356171EA013530142200210
B1142134553816N01356176EA013520142200210
B1142144553812N01356181EA013520142100210
B1142154553808N01356187EA013520142000210
B1142164553804N01356192EA013520142000210
B1142174553801N01356196EA013520142000210
B1142184553797N01356201EA013530142100210
B1142194553793N01356205EA013530142000210
B1142204553790N01356209EA013520142000210
B1142214553786N01356213EA013520142000210
B1142224553782N01356217EA013520142000210
B1142234553779N01356220EA013510142000210
B1142244553775N01356224EA013510141900210
B1142254553772N01356228EA013500141900210
B1142264553768N01356232EA013490141800210
B1142274553765N01356236EA013490141700210
B1142284553761N01356241EA013480141700210
B1142294553758N01356245EA013480141600210
B1142304553754N01356250EA013480141600210
B1142314553750N01356254EA013480141600210
B1142324553747N01356258EA013470141600210
B1142334553743N01356263EA013470141600210
B1142344553740N01356267EA013460141600210
B1142354553737N01356272EA013450141500210
B1142364553733N01356276EA013440141400210
B1142374553729N01356281EA013430141200210
B1142384553725N01356286EA013440141100210
B1142394553722N01356292EA013450141100210
B1142404553719N01356297EA013450141100210
B1142414553717N01356303EA013450141200210
B1142424553715N01356308EA013440141200210
B1142434553713N01356313EA013430141100210
B1142444553710N01356319EA013420141000210
B1142454553707N01356326EA013420141000210
B1142464553705N01356332EA013420140900210
B1142474553702N01356338EA013430140900210
B1142484553699N01356344EA013440141000210
B1142494553697N01356350EA013430141000210
B1142504553694N01356356EA013440141000210
B1142514553691N01356362EA013440141000210
B1142524553688N01356368EA013440141100210
B1142534553685N01356374EA013440141100210
B1142544553683N01356380EA013440141100210
B1142554553680N01356386EA013440141100210
B1142564553676N01356392EA013440141100210
B1142574553673N01356398EA013440141100210
B1142584553671N01356404EA013450141100210
B1142594553668N01356411EA013440141200210
B1143004553666N01356417EA013440141200210
B1143014553663N01356423EA013430141200210
B1143024553661N01356430EA013430141100210
B1143034553659N01356437EA013430141000210
B1143044553657N01356444EA013430141000210
B1143054553654N01356451EA013430141000210
B1143064553652N01356458EA013440141000210
B1143074553649N01356464EA013430141000210
B1143084553648N01356471EA013420141000210
B1143094553647N01356477EA013430141000210
B1143104553645N01356483EA013420140900210
B1143114553644N01356490EA013420140900210
B1143124553641N01356497EA013430140900210
B1143134553638N01356504EA013440140900210
B1143144553636N01356510EA013440141000210
B1143154553633N01356516EA013450141100210
B1143164553630N01356523EA013470141200210
B1143174553627N01356529EA013480141300210
B1143184553625N01356535EA013480141400210
B1143194553622N01356542EA013490141400210
B1143204553619N01356548EA013500141500210
B1143214553616N01356555EA013510141600210
B1143224553613N01356562EA013520141800210
B1143234553611N01356569EA013530141900210
B1143244553608N01356576EA013540142000210
B1143254553605N01356582EA013560142100210
B1143264553602N01356588EA013570142200210
B1143274553599N01356595EA013580142400210
B1143284553596N01356600EA013590142600210
B1143294553594N01356606EA013600142700210
B1143304553592N01356611EA013610142800210
B1143314553590N01356617EA013630142900210
B1143324553588N01356623EA013630143000210
B1143334553586N01356629EA013630143000210
B1143344553584N01356635EA013640143100210
B1143354553582N01356641EA013640143100210
B1143364553580N01356648EA013650143200210
B1143374553578N01356655EA013650143300210
B1143384553575N01356662EA013660143300210
B1143394553573N01356669EA013680143400210
B1143404553570N01356676EA013690143500210
B1143414553568N01356683EA013690143700210
B1143424553565N01356689EA013700143800210
B1143434553562N01356696EA013720143900210
B1143444553559N01356702EA013730144000210
B1143454553556N01356709EA013740144100210
B1143464553552N01356716EA013750144200210
B1143474553549N01356722EA013750144400210
B1143484553546N01356728EA013760144500210
B1143494553543N01356734EA013770144500210
B1143504553540N01356740EA013780144600210
B1143514553537N01356745EA013780144600210
B1143524553534N01356750EA013790144700210
B1143534553531N01356755EA013790144800210
B1143544553528N01356758EA013780144700210
B1143554553524N01356762EA013780144700210
B1143564553520N01356764EA013780144700210
B1143574553515N01356765EA013790144700210
B1143584553511N01356766EA013800144800210
B1143594553506N01356765EA013790144700210
B1144004553502N01356763EA013790144800210
B1144014553499N01356760EA013790144800210
B1144024553497N01356756EA013800144800210
B1144034553497N01356751EA013790144800210
B1144044553497N01356746EA013790144700210
B1144054553498N01356741EA013790144700210
B1144064553501N01356736EA013790144700210
B1144074553505N01356731EA013800144700210
B1144084553510N01356727EA013790144700210
B1144094553515N01356723EA013790144700210
B1144104553520N01356719EA013790144700210
B1144114553525N01356716EA013780144800210
B1144124553530N01356714EA013790144700210
B1144134553536N01356714EA013790144800210
B1144144553542N01356713EA013790144800210
B1144154553548N01356712EA013790144800210
B1144164553553N01356710EA013790144800210
B1144174553557N01356707EA013800144800210
B1144184553560N01356703EA013810144800210
B1144194553561N01356697EA013820144800210
B1144204553561N01356691EA013830144800210
B1144214553560N01356685EA013850144900210
B1144224553559N01356679EA013860145000210
B1144234553560N01356673EA013870145200210
B1144244553561N01356668EA013890145400210
B1144254553564N01356662EA013900145600210
B1144264553567N01356658EA013920145700210
B1144274553569N01356653EA013940145900210
B1144284553572N01356648EA013950146000210
B1144294553577N01356644EA013980146100210
B1144304553582N01356640EA014020146400210
B1144314553587N01356637EA014040146700210
B1144324553592N01356637EA014070146900210
B1144334553597N01356639EA014090147100210
B1144344553602N01356643EA014110147300210
B1144354553607N01356649EA014130147400210
B1144364553610N01356657EA014160147700210
B1144374553612N01356666EA014180147900210
B1144384553612N01356676EA014200148200210
B1144394553611N01356684EA014220148400210
B1144404553608N01356691EA014240148700210
B1144414553606N01356697EA014260148900210
B1144424553603N01356701EA014260149100210
B1144434553600N01356704EA014270149200210
B1144444553597N01356706EA014290149300210
B1144454553593N01356707EA014300149400210
B1144464553590N01356706EA014320149600210
B1144474553587N01356703EA014330149700210
B1144484553585N01356700EA014350149800210
B1144494553583N01356696EA014360150000210
B1144504553581N01356691EA014380150200210
B1144514553580N01356686EA014390150300210
B1144524553581N01356680EA014410150500210
B1144534553584N01356674EA014440150600210
B1144544553587N01356669EA014470150900210
B1144554553592N01356666EA014490151200210
B1144564553597N01356664EA014520151500210
B1144574553603N01356664EA014530151800210
B1144584553609N01356667EA014550152100210
B1144594553614N01356672EA014570152300210
B1145004553618N01356679EA014580152500210
B1145014553621N01356687EA014600152600210
B1145024553622N01356696EA014610152800210
B1145034553621N01356704EA014630152900210
B1145044553618N01356712EA014650153100210
B1145054553615N01356717EA014680153200210
B1145064553612N01356720EA014690153400210
B1145074553608N01356721EA014700153600210
B1145084553605N01356719EA014710153700210
B1145094553603N01356717EA014730153900210
B1145104553602N01356713EA014750154100210
B1145114553601N01356707EA014770154200210
B1145124553600N01356702EA014790154400210
B1145134553601N01356696EA014800154700210
B1145144553603N01356692EA014810154900210
B1145154553606N01356688EA014820155100210
B1145164553611N01356684EA014820155200210
B1145174553616N01356681EA014840155300210
B1145184553622N01356679EA014830155400210
B1145194553628N01356679EA014850155500210
B1145204553635N01356682EA014860155600210
B1145214553641N01356687EA014870155800210
B1145224553644N01356694EA014880156000210
B1145234553647N01356703EA014890156000210
B1145244553647N01356711EA014890156200210
B1145254553645N01356719EA014900156300210
B1145264553642N01356724EA014920156300210
B1145274553638N01356728EA014930156400210
B1145284553634N01356729EA014940156400210
B1145294553630N01356727EA014960156500210
B1145304553627N01356724EA014970156700210
B1145314553625N01356720EA014980156800210
B1145324553623N01356716EA014990157000210
B1145334553621N01356712EA015000157100210
B1145344553619N01356708EA015010157200210
B1145354553618N01356703EA015020157300210
B1145364553615N01356699EA015040157500210
B1145374553614N01356694EA015060157700210
B1145384553613N01356690EA015060157800210
B1145394553612N01356685EA015070157900210
B1145404553611N01356680EA015070157900210
B1145414553609N01356675EA015090158000210
B1145424553607N01356670EA015110158200210
B1145434553606N01356665EA015120158400210
B1145444553607N01356661EA015120158500210
B1145454553608N01356656EA015130158500210
B1145464553609N01356652EA015130158600210
B1145474553611N01356647EA015130158700210
B1145484553615N01356643EA015140158700210
B1145494553619N01356641EA015150158800210
B1145504553624N01356639EA015160158900210
B1145514553630N01356640EA015170159000210
B1145524553636N01356643EA015180159100210
B1145534553642N01356648EA015190159100210
B1145544553646N01356655EA015210159200210
B1145554553649N01356664EA015210159300210
B1145564553651N01356673EA015200159400210
B1145574553650N01356682EA015210159500210
B1145584553647N01356690EA015210159500210
B1145594553644N01356695EA015230159500210
B1146004553639N01356697EA015230159600210
B1146014553635N01356698EA015230159600210
B1146024553632N01356698EA015230159600210
B1146034553628N01356695EA015230159700210
B1146044553625N01356692EA015240159700210
B1146054553623N01356688EA015260159800210
B1146064553620N01356684EA015270159900210
B1146074553618N01356679EA015280160000210
B1146084553616N01356675EA015290160100210
B1146094553615N01356670EA015300160200210
B1146104553615N01356665EA015310160300210
B1146114553615N01356660EA015340160500210
B1146124553615N01356655EA015370160700210
B1146134553617N01356650EA015400160900210
B1146144553619N01356646EA015430161100210
B1146154553622N01356642EA015460161400210
B1146164553625N01356640EA015480161600210
B1146174553630N01356640EA015500161800210
B1146184553635N01356642EA015520162000210
B1146194553640N01356647EA015550162200210
B1146204553644N01356654EA015570162400210
B1146214553647N01356662EA015590162600210
B1146224553647N01356672EA015610162800210
B1146234553645N01356680EA015610163000210
B1146244553642N01356687EA015630163200210
B1146254553637N01356690EA015640163300210
B1146264553633N01356691EA015640163500210
B1146274553629N01356689EA015660163700210
B1146284553626N01356685EA015680163800210
B1146294553624N01356681EA015710164000210
B1146304553623N01356675EA015740164200210
B1146314553624N01356670EA015770164600210
B1146324553625N01356665EA015790164800210
B1146334553628N01356662EA015810165100210
B1146344553632N01356659EA015830165300210
B1146354553637N01356659EA015850165500210
B1146364553642N01356662EA015880165800210
B1146374553647N01356667EA015900166000210
B1146384553650N01356675EA015910166100210
B1146394553652N01356684EA015940166300210
B1146404553652N01356693EA015960166500210
B1146414553650N01356702EA015990166700210
B1146424553646N01356708EA016010166900210
B1146434553642N01356713EA016030167200210
B1146444553637N01356714EA016050167400210
B1146454553633N01356714EA016070167600210
B1146464553630N01356711EA016080167800210
B1146474553627N01356707EA016110168000210
B1146484553626N01356702EA016130168200210
B1146494553626N01356696EA016160168400210
B1146504553629N01356691EA016190168600210
B1146514553633N01356688EA016220168900210
B1146524553637N01356688EA016250169200210
B1146534553642N01356691EA016270169500210
B1146544553646N01356697EA016290169800210
B1146554553649N01356704EA016310170000210
B1146564553650N01356713EA016310170100210
B1146574553650N01356722EA016340170300210
B1146584553647N01356730EA016360170500210
B1146594553643N01356736EA016370170700210
B1147004553638N01356738EA016390170800210
B1147014553634N01356738EA016410171000210
B1147024553630N01356736EA016430171200210
B1147034553627N01356733EA016450171400210
B1147044553625N01356727EA016470171600210
B1147054553625N01356722EA016500171800210
B1147064553625N01356717EA016520172000210
B1147074553628N01356712EA016560172300210
B1147084553631N01356710EA016580172600210
B1147094553636N01356710EA016600172900210
B1147104553640N01356713EA016620173100210
B1147114553645N01356719EA016640173400210
B1147124553647N01356727EA016660173600210
B1147134553648N01356736EA016670173800210
B1147144553647N01356746EA016700174000210
B1147154553644N01356753EA016710174200210
B1147164553640N01356757EA016730174400210
B1147174553635N01356758EA016740174500210
B1147184553631N01356758EA016760174700210
B1147194553626N01356755EA016770174800210
B1147204553622N01356752EA016780174900210
B1147214553619N01356748EA016800175100210
B1147224553617N01356743EA016810175200210
B1147234553617N01356738EA016840175400210
B1147244553617N01356733EA016870175700210
B1147254553619N01356728EA016880175900210
B1147264553623N01356726EA016920176100210
B1147274553628N01356727EA016940176400210
B1147284553634N01356730EA016980176600210
B1147294553637N01356736EA017020176900210
B1147304553640N01356743EA017050177100210
B1147314553641N01356752EA017070177400210
B1147324553641N01356761EA017090177700210
B1147334553640N01356770EA017110177900210
B1147344553638N01356777EA017130178200210
B1147354553634N01356783EA017130178400210
B1147364553629N01356788EA017140178600210
B1147374553623N01356790EA017150178800210
B1147384553618N01356790EA017170178900210
B1147394553613N01356787EA017160179000210
B1147404553610N01356782EA017180179100210
B1147414553608N01356777EA017200179300210
B1147424553606N01356771EA017230179500210
B1147434553605N01356765EA017240179700210
B1147444553605N01356758EA017260180000210
B1147454553605N01356753EA017280180200210
B1147464553606N01356748EA017310180500210
B1147474553608N01356743EA017330180700210
B1147484553611N01356739EA017340180800210
B1147494553615N01356737EA017360181000210
B1147504553620N01356737EA017380181200210
B1147514553625N01356740EA017400181400210
B1147524553630N01356746EA017410181600210
B1147534553633N01356755EA017440181800210
B1147544553635N01356765EA017460182000210
B1147554553634N01356774EA017470182200210
B1147564553631N01356783EA017500182400210
B1147574553627N01356789EA017520182600210
B1147584553621N01356793EA017530182800210
B1147594553615N01356793EA017550183000210
B1148004553609N01356791EA017570183200210
B1148014553605N01356787EA017600183400210
B1148024553602N01356782EA017610183600210
B1148034553600N01356777EA017630183800210
B1148044553600N01356771EA017650183900210
B1148054553602N01356765EA017660184100210
B1148064553604N01356761EA017680184300210
B1148074553608N01356758EA017700184400210
B1148084553613N01356758EA017720184600210
B1148094553619N01356760EA017730184800210
B1148104553623N01356764EA017750185000210
B1148114553627N01356771EA017760185100210
B1148124553629N01356780EA017770185300210
B1148134553629N01356789EA017790185400210
B1148144553627N01356798EA017810185600210
B1148154553624N01356807EA017830185800210
B1148164553619N01356813EA017850185900210
B1148174553613N01356817EA017870186100210
B1148184553607N01356820EA017890186300210
B1148194553601N01356819EA017910186500210
B1148204553596N01356817EA017940186700210
B1148214553592N01356814EA017950186800210
B1148224553589N01356808EA017950187000210
B1148234553587N01356802EA017980187200210
B1148244553586N01356796EA018000187400210
B1148254553586N01356790EA018010187600210
B1148264553587N01356784EA018040187800210
B1148274553589N01356780EA018050188000210
B1148284553592N01356776EA018070188200210
B1148294553596N01356775EA018070188300210
B1148304553600N01356775EA018090188400210
B1148314553605N01356778EA018100188600210
B1148324553609N01356784EA018100188700210
B1148334553612N01356791EA018100188800210
B1148344553614N01356799EA018100188800210
B1148354553613N01356809EA018110188900210
B1148364553610N01356818EA018120189000210
B1148374553606N01356825EA018130189200210
B1148384553600N01356829EA018120189300210
B1148394553595N01356831EA018130189400210
B1148404553589N01356830EA018150189500210
B1148414553585N01356827EA018150189600210
B1148424553581N01356822EA018160189700210
B1148434553579N01356816EA018180189800210
B1148444553577N01356810EA018190190000210
B1148454553576N01356805EA018210190100210
B1148464553577N01356800EA018210190200210
B1148474553579N01356795EA018220190200210
B1148484553581N01356790EA018240190400210
B1148494553584N01356787EA018250190500210
B1148504553588N01356784EA018250190600210
B1148514553592N01356785EA018250190600210
B1148524553597N01356787EA018260190800210
B1148534553602N01356792EA018270191000210
B1148544553605N01356799EA018280191000210
B1148554553607N01356807EA018290191100210
B1148564553607N01356816EA018300191100210
B1148574553607N01356826EA018310191200210
B1148584553604N01356834EA018310191300210
B1148594553600N01356842EA018320191400210
B1149004553596N01356848EA018310191500210
B1149014553591N01356853EA018320191600210
B1149024553585N01356855EA018330191600210
B1149034553580N01356855EA018320191600210
B1149044553575N01356853EA018330191500210
B1149054553570N01356850EA018340191500210
B1149064553567N01356845EA018340191600210
B1149074553564N01356840EA018350191700210
B1149084553563N01356835EA018350191700210
B1149094553563N01356829EA018350191700210
B1149104553563N01356823EA018340191700210
B1149114553565N01356817EA018340191700210
B1149124553568N01356812EA018350191700210
B1149134553571N01356808EA018350191700210
B1149144553576N01356804EA018350191600210
B1149154553581N01356802EA018350191700210
B1149164553586N01356802EA018360191700210
B1149174553592N01356804EA018360191700210
B1149184553597N01356809EA018360191700210
B1149194553602N01356816EA018360191700210
B1149204553605N01356824EA018360191800210
B1149214553607N01356832EA018360191800210
B1149224553607N01356841EA018350191800210
B1149234553606N01356850EA018350191800210
B1149244553604N01356858EA018360191700210
B1149254553601N01356864EA018350191700210
B1149264553597N01356868EA018350191600210
B1149274553592N01356871EA018340191600210
B1149284553587N01356870EA018330191600210
B1149294553584N01356867EA018330191600210
B1149304553582N01356862EA018320191600210
B1149314553582N01356855EA018320191600210
B1149324553583N01356848EA018320191600210
B1149334553584N01356841EA018330191600210
B1149344553586N01356835EA018320191600210
B1149354553588N01356828EA018310191500210
B1149364553590N01356821EA018300191400210
B1149374553592N01356814EA018300191300210
B1149384553595N01356806EA018290191300210
B1149394553598N01356798EA018300191300210
B1149404553601N01356790EA018300191300210
B1149414553604N01356784EA018280191200210
B1149424553608N01356777EA018280191200210
B1149434553611N01356770EA018250191000210
B1149444553615N01356762EA018250190800210
B1149454553619N01356754EA018260190800210
B1149464553623N01356746EA018280190800210
B1149474553626N01356739EA018310190700210
B1149484553629N01356733EA018320190700210
B1149494553632N01356727EA018340190700210
B1149504553635N01356721EA018330190700210
B1149514553637N01356715EA018330190800210
B1149524553640N01356709EA018330190800210
B1149534553642N01356702EA018330190900210
B1149544553644N01356697EA018330191000210
B1149554553646N01356691EA018310190900210
B1149564553649N01356686EA018290190800210
B1149574553651N01356680EA018280190700210
B1149584553655N01356674EA018280190600210
B1149594553658N01356668EA018280190600210
B1150004553660N01356662EA018270190600210
B1150014553662N01356656EA018260190500210
B1150024553665N01356650EA018250190400210
B1150034553667N01356643EA018240190400210
B1150044553670N01356637EA018250190300210
B1150054553671N01356631EA018240190300210
B1150064553673N01356625EA018240190200210
B1150074553674N01356618EA018230190200210
B1150084553676N01356612EA018220190100210
B1150094553679N01356606EA018220190100210
B1150104553681N01356599EA018220190100210
B1150114553683N01356592EA018220190100210
B1150124553686N01356585EA018220190100210
B1150134553689N01356578EA018220190200210
B1150144553693N01356571EA018230190300210
B1150154553696N01356564EA018230190400210
B1150164553699N01356557EA018250190400210
B1150174553702N01356550EA018270190500210
B1150184553705N01356543EA018280190700210
B1150194553709N01356536EA018280190800210
B1150204553712N01356529EA018280190800210
B1150214553715N01356522EA018270190800210
B1150224553718N01356515EA018270190800210
B1150234553722N01356508EA018270190800210
B1150244553726N01356501EA018290190800210
B1150254553730N01356494EA018300190800210
B1150264553734N01356487EA018310190800210
B1150274553737N01356481EA018320190900210
B1150284553741N01356474EA018320190900210
B1150294553744N01356467EA018340191000210
B1150304553748N01356459EA018330191100210
B1150314553752N01356452EA018350191200210
B1150324553755N01356444EA018370191400210
B1150334553759N01356437EA018380191600210
B1150344553762N01356430EA018390191700210
B1150354553765N01356423EA018390191800210
B1150364553769N01356416EA018390191800210
B1150374553773N01356409EA018370191700210
B1150384553776N01356402EA018360191600210
B1150394553780N01356395EA018350191600210
B1150404553783N01356388EA018330191500210
B1150414553786N01356381EA018330191400210
B1150424553790N01356374EA018310191300210
B1150434553793N01356367EA018290191200210
B1150444553796N01356360EA018260191000210
B1150454553800N01356353EA018240190800210
B1150464553804N01356345EA018220190600210
B1150474553808N01356337EA018200190400210
B1150484553812N01356329EA018210190400210
B1150494553816N01356322EA018190190300210
B1150504553819N01356314EA018190190300210
B1150514553823N01356306EA018180190100210
B1150524553826N01356299EA018150190000210
B1150534553829N01356292EA018130189800210
B1150544553832N01356284EA018120189600210
B1150554553836N01356276EA018110189400210
B1150564553840N01356268EA018100189200210
B1150574553843N01356261EA018080189100210
B1150584553847N01356253EA018060189000210
B1150594553850N01356246EA018040188800210
B1151004553854N01356238EA018020188600210
B1151014553858N01356231EA018000188400210
B1151024553863N01356224EA017990188300210
B1151034553867N01356216EA017980188200210
B1151044553870N01356209EA017980188000210
B1151054553874N01356202EA017970187900210
B1151064553877N01356196EA017950187800210
B1151074553881N01356189EA017930187600210
B1151084553885N01356181EA017910187500210
B1151094553888N01356173EA017910187400210
B1151104553891N01356165EA017900187300210
B1151114553895N01356157EA017880187200210
B1151124553898N01356150EA017870187100210
B1151134553901N01356142EA017860186900210
B1151144553904N01356134EA017840186700210
B1151154553907N01356126EA017840186600210
B1151164553910N01356117EA017830186500210
B1151174553913N01356110EA017830186500210
B1151184553916N01356101EA017820186400210
B1151194553920N01356093EA017820186400210
B1151204553923N01356085EA017810186300210
B1151214553926N01356077EA017820186300210
B1151224553930N01356069EA017820186300210
B1151234553933N01356062EA017810186300210
B1151244553936N01356054EA017780186200210
B1151254553939N01356046EA017760186100210
B1151264553941N01356037EA017750185900210
B1151274553943N01356029EA017730185700210
B1151284553946N01356020EA017740185700210
B1151294553949N01356012EA017740185700210
B1151304553952N01356005EA017740185700210
B1151314553955N01355998EA017750185700210
B1151324553957N01355991EA017750185700210
B1151334553961N01355984EA017730185600210
B1151344553965N01355978EA017720185500210
B1151354553969N01355971EA017710185400210
B1151364553973N01355965EA017710185300210
B1151374553977N01355958EA017710185300210
B1151384553982N01355951EA017720185300210
B1151394553987N01355945EA017720185400210
B1151404553992N01355939EA017720185500210
B1151414553996N01355933EA017720185500210
B1151424554000N01355927EA017720185500210
B1151434554004N01355921EA017710185500210
B1151444554008N01355915EA017710185400210
B1151454554012N01355910EA017710185400210
B1151464554016N01355904EA017700185300210
B1151474554019N01355897EA017700185300210
B1151484554022N01355891EA017680185200210
B1151494554025N01355886EA017670185100210
B1151504554030N01355882EA017650184900210
B1151514554034N01355876EA017630184800210
B1151524554038N01355871EA017600184500210
B1151534554043N01355865EA017590184300210
B1151544554047N01355859EA017590184200210
B1151554554052N01355853EA017580184200210
B1151564554057N01355848EA017570184100210
B1151574554061N01355842EA017540183900210
B1151584554065N01355836EA017520183700210
B1151594554069N01355830EA017510183500210
B1152004554073N01355823EA017500183300210
B1152014554077N01355817EA017500183200210
B1152024554081N01355812EA017510183100210
B1152034554085N01355808EA017510183000210
B1152044554089N01355804EA017500183000210
B1152054554093N01355799EA017510183000210
B1152064554097N01355793EA017510183000210
B1152074554102N01355788EA017520183000210
B1152084554106N01355783EA017520183100210
B1152094554110N01355778EA017530183200210
B1152104554114N01355772EA017520183200210
B1152114554118N01355766EA017520183100210
B1152124554123N01355760EA017510183000210
B1152134554128N01355754EA017520183000210
B1152144554134N01355748EA017520183000209
B1152154554139N01355741EA017550183000209
B1152164554144N01355734EA017560183000209
B1152174554148N01355727EA017580183100209
B1152184554153N01355720EA017600183200209
B1152194554158N01355713EA017610183300209
B1152204554162N01355706EA017620183500209
B1152214554166N01355699EA017630183600209
B1152224554168N01355691EA017630183800209
B1152234554169N01355684EA017610183900210
B1152244554170N01355676EA017580183900210
B1152254554172N01355669EA017550183900210
B1152264554175N01355661EA017540183800210
B1152274554177N01355652EA017530183700210
B1152284554180N01355644EA017520183600210
B1152294554184N01355636EA017510183500210
B1152304554188N01355629EA017500183400210
B1152314554192N01355623EA017490183300210
B1152324554196N01355616EA017480183100210
B1152334554200N01355610EA017480183000210
B1152344554204N01355603EA017460182900210
B1152354554209N01355597EA017430182700210
B1152364554214N01355591EA017410182500210
B1152374554219N01355586EA017400182400210
B1152384554223N01355580EA017390182200210
B1152394554228N01355574EA017380182000210
B1152404554233N01355569EA017360181900210
B1152414554238N01355563EA017340181700210
B1152424554243N01355558EA017330181600210
B1152434554248N01355552EA017330181400210
B1152444554253N01355546EA017310181300210
B1152454554258N01355541EA017300181300210
B1152464554263N01355535EA017290181200210
B1152474554268N01355530EA017280181100210
B1152484554273N01355525EA017250180900210
B1152494554277N01355520EA017240180700210
B1152504554282N01355515EA017210180400210
B1152514554287N01355510EA017170180200210
B1152524554291N01355505EA017130179800210
B1152534554296N01355500EA017100179500210
B1152544554302N01355495EA017090179200209
B1152554554307N01355489EA017080179100209
B1152564554312N01355484EA017070179000209
B1152574554317N01355478EA017050178900209
B1152584554322N01355473EA017030178800209
B1152594554327N01355468EA017010178700209
B1153004554332N01355462EA017000178500209
B1153014554337N01355457EA016990178300209
B1153024554343N01355450EA016990178200209
B1153034554348N01355444EA016980178200209
B1153044554353N01355439EA016980178200209
B1153054554358N01355434EA016990178200209
B1153064554363N01355429EA016980178200209
B1153074554368N01355424EA016970178200209
B1153084554374N01355418EA016970178100209
B1153094554380N01355413EA016970178200209
B1153104554386N01355407EA016990178200209
B1153114554392N01355402EA016990178300209
B1153124554397N01355396EA016990178300209
B1153134554403N01355390EA016980178300209
B1153144554409N01355384EA016980178200208
B1153154554415N01355379EA016980178200208
B1153164554422N01355374EA016980178200208
B1153174554428N01355368EA017010178300208
B1153184554435N01355363EA017010178300209
B1153194554442N01355358EA017040178400209
B1153204554448N01355353EA017060178500209
B1153214554454N01355349EA017090178500209
B1153224554459N01355345EA017110178600209
B1153234554464N01355340EA017120178700209
B1153244554468N01355336EA017130178800209
B1153254554473N01355333EA017140178900209
B1153264554478N01355330EA017150179000209
B1153274554482N01355326EA017160179100209
B1153284554484N01355321EA017150179100209
B1153294554484N01355315EA017160179200209
B1153304554483N01355310EA017170179200209
B1153314554480N01355306EA017180179300209
B1153324554476N01355304EA017180179500209
B1153334554472N01355304EA017180179700209
B1153344554468N01355304EA017190179600209
B1153354554463N01355305EA017190179700209
B1153364554458N01355306EA017210179800210
B1153374554454N01355307EA017210179900210
B1153384554450N01355309EA017210180000210
B1153394554446N01355312EA017230180100210
B1153404554443N01355318EA017240180100210
B1153414554441N01355325EA017240180100210
B1153424554441N01355333EA017240180100210
B1153434554443N01355341EA017250180200210
B1153444554447N01355347EA017250180200210
B1153454554452N01355351EA017250180300210
B1153464554458N01355355EA017260180400210
B1153474554465N01355356EA017260180400210
B1153484554472N01355356EA017270180500210
B1153494554478N01355355EA017280180600210
B1153504554484N01355351EA017300180800210
B1153514554488N01355346EA017310180900210
B1153524554492N01355341EA017320180900210
B1153534554494N01355335EA017330181000210
B1153544554494N01355329EA017330181100210
B1153554554494N01355323EA017330181200210
B1153564554492N01355319EA017330181200210
B1153574554488N01355317EA017330181200210
B1153584554484N01355316EA017330181200210
B1153594554480N01355317EA017340181300210
B1154004554476N01355320EA017340181300210
B1154014554473N01355324EA017340181400210
B1154024554471N01355330EA017340181400210
B1154034554470N01355337EA017360181500210
B1154044554469N01355344EA017370181600210
B1154054554470N01355352EA017380181600210
B1154064554472N01355359EA017390181700210
B1154074554476N01355365EA017390181800210
B1154084554481N01355369EA017390181900210
B1154094554487N01355370EA017390181800210
B1154104554493N01355369EA017370181800210
B1154114554499N01355367EA017380181800210
B1154124554504N01355363EA017390182000210
B1154134554509N01355358EA017390182000210
B1154144554514N01355353EA017380182000210
B1154154554516N01355346EA017380182000210
B1154164554517N01355340EA017380182000210
B1154174554515N01355335EA017380182100210
B1154184554513N01355331EA017370182100210
B1154194554509N01355329EA017370182100210
B1154204554506N01355328EA017380182000210
B1154214554502N01355328EA017390182000210
B1154224554498N01355329EA017400182000210
B1154234554494N01355331EA017400182100210
B1154244554490N01355334EA017410182200210
B1154254554487N01355339EA017430182300210
B1154264554485N01355345EA017440182500210
B1154274554484N01355352EA017460182600210
B1154284554484N01355361EA017480182600210
B1154294554486N01355371EA017500182800210
B1154304554489N01355379EA017510182900210
B1154314554493N01355386EA017520183100210
B1154324554499N01355391EA017540183200210
B1154334554505N01355394EA017540183300210
B1154344554512N01355395EA017570183500210
B1154354554518N01355394EA017570183500210
B1154364554522N01355392EA017560183500210
B1154374554525N01355388EA017550183600210
B1154384554526N01355384EA017540183500210
B1154394554526N01355379EA017540183500210
B1154404554524N01355375EA017530183400210
B1154414554521N01355373EA017560183500210
B1154424554517N01355372EA017560183600210
B1154434554513N01355374EA017590183600210
B1154444554508N01355376EA017630183800210
B1154454554504N01355378EA017660183900210
B1154464554501N01355382EA017690184200210
B1154474554498N01355387EA017710184500210
B1154484554496N01355394EA017730184700210
B1154494554495N01355402EA017760184900210
B1154504554495N01355410EA017780185100210
B1154514554496N01355419EA017810185300210
B1154524554499N01355427EA017830185500210
B1154534554502N01355435EA017860185800210
B1154544554507N01355441EA017890186100210
B1154554554512N01355446EA017900186300210
B1154564554518N01355449EA017910186600210
B1154574554523N01355448EA017920186800210
B1154584554527N01355446EA017940187000210
B1154594554530N01355442EA017960187200210
B1155004554530N01355438EA017970187400210
B1155014554529N01355434EA017990187600210
B1155024554527N01355433EA018000187800210
B1155034554523N01355433EA018020187900210
B1155044554519N01355436EA018040188100210
B1155054554515N01355441EA018070188300210
B1155064554512N01355449EA018110188600210
B1155074554511N01355457EA018140188800210
B1155084554512N01355465EA018160189100210
B1155094554515N01355473EA018180189300210
B1155104554519N01355479EA018200189600210
B1155114554523N01355483EA018220189800210
B1155124554529N01355484EA018230190000210
B1155134554534N01355484EA018250190300210
B1155144554538N01355481EA018280190600210
B1155154554541N01355476EA018290190800209
B1155164554542N01355471EA018300190900210
B1155174554540N01355466EA018310191100210
B1155184554538N01355464EA018340191300210
B1155194554534N01355465EA018350191500210
B1155204554529N01355468EA018370191700210
B1155214554526N01355474EA018390191800210
B1155224554524N01355481EA018400192000210
B1155234554524N01355488EA018410192100210
B1155244554527N01355496EA018430192300210
B1155254554531N01355502EA018440192500210
B1155264554536N01355507EA018450192600210
B1155274554542N01355511EA018470192800210
B1155284554547N01355512EA018500192900210
B1155294554553N01355511EA018500193000210
B1155304554559N01355509EA018520193200210
B1155314554562N01355506EA018540193300210
B1155324554565N01355502EA018550193500210
B1155334554565N01355498EA018570193600210
B1155344554565N01355495EA018590193900210
B1155354554563N01355492EA018610194100210
B1155364554560N01355491EA018630194400210
B1155374554557N01355491EA018650194700210
B1155384554553N01355494EA018660194800210
B1155394554550N01355499EA018670195000210
B1155404554548N01355506EA018680195100210
B1155414554547N01355515EA018700195100210
B1155424554549N01355523EA018710195300210
B1155434554552N01355531EA018730195400210
B1155444554557N01355536EA018730195500210
B1155454554562N01355541EA018740195600210
B1155464554567N01355543EA018730195700210
B1155474554572N01355543EA018740195800210
B1155484554576N01355541EA018750196000210
B1155494554579N01355538EA018770196100210
B1155504554581N01355533EA018780196200210
B1155514554582N01355529EA018800196400210
B1155524554582N01355525EA018810196600210
B1155534554581N01355521EA018830196700210
B1155544554579N01355518EA018850196900210
B1155554554576N01355516EA018860197000210
B1155564554572N01355516EA018880197200210
B1155574554568N01355517EA018910197300210
B1155584554564N01355522EA018910197400210
B1155594554561N01355528EA018930197500210
B1156004554560N01355536EA018930197600210
B1156014554561N01355543EA018940197700210
B1156024554564N01355551EA018950197800210
B1156034554568N01355557EA018950197800210
B1156044554573N01355561EA018950197900210
B1156054554579N01355563EA018960198000210
B1156064554585N01355563EA018970198000210
B1156074554590N01355562EA018980198200210
B1156084554595N01355559EA019000198300210
B1156094554599N01355556EA019030198500210
B1156104554603N01355553EA019030198700210
B1156114554607N01355549EA019050198900210
B1156124554611N01355547EA019060199000210
B1156134554615N01355544EA019060199200210
B1156144554618N01355540EA019070199200210
B1156154554619N01355536EA019080199400210
B1156164554618N01355531EA019090199400210
B1156174554615N01355528EA019120199500210
B1156184554612N01355526EA019140199700210
B1156194554609N01355527EA019140199800210
B1156204554606N01355531EA019140199900210
B1156214554602N01355538EA019170200100210
B1156224554600N01355546EA019170200200209
B1156234554599N01355555EA019180200300209
B1156244554600N01355564EA019180200300209
B1156254554604N01355572EA019180200300209
B1156264554609N01355577EA019180200300209
B1156274554615N01355579EA019190200300209
B1156284554622N01355578EA019200200300210
B1156294554628N01355576EA019220200400210
B1156304554633N01355573EA019230200600210
B1156314554638N01355571EA019240200600210
B1156324554643N01355569EA019220200600210
B1156334554649N01355566EA019230200500210
B1156344554654N01355562EA019230200500210
B1156354554659N01355558EA019230200500210
B1156364554663N01355554EA019210200500210
B1156374554667N01355550EA019170200300210
B1156384554672N01355547EA019120200200210
B1156394554677N01355542EA019100199900210
B1156404554681N01355535EA019100199600210
B1156414554686N01355528EA019090199500210
B1156424554691N01355521EA019080199500210
B1156434554696N01355515EA019070199400210
B1156444554701N01355509EA019040199200210
B1156454554705N01355502EA019020199000210
B1156464554710N01355495EA019010198800210
B1156474554715N01355487EA019020198600210
B1156484554719N01355480EA019030198500210
B1156494554722N01355472EA019030198400210
B1156504554726N01355465EA019030198400210
B1156514554729N01355458EA019020198300210
B1156524554732N01355451EA019030198300210
B1156534554734N01355444EA019010198300210
B1156544554736N01355437EA019000198300210
B1156554554736N01355429EA019000198300210
B1156564554737N01355421EA019020198300210
B1156574554737N01355413EA019030198400210
B1156584554738N01355406EA019030198500210
B1156594554739N01355399EA019040198500210
B1157004554740N01355392EA019050198600210
B1157014554741N01355385EA019060198700210
B1157024554743N01355377EA019070198700210
B1157034554746N01355369EA019070198800210
B1157044554748N01355362EA019080199000210
B1157054554750N01355355EA019090199100210
B1157064554752N01355347EA019100199300210
B1157074554753N01355341EA019090199300210
B1157084554755N01355334EA019090199400210
B1157094554756N01355328EA019070199300210
B1157104554758N01355321EA019050199200210
B1157114554759N01355314EA019030198900210
B1157124554759N01355307EA019000198700210
B1157134554759N01355299EA018990198500210
B1157144554759N01355291EA018970198300210
B1157154554760N01355283EA018960198100210
B1157164554760N01355275EA018940198000210
B1157174554760N01355268EA018930197900210
B1157184554760N01355260EA018910197700210
B1157194554760N01355253EA018900197600210
B1157204554761N01355245EA018890197400210
B1157214554762N01355238EA018870197300210
B1157224554763N01355230EA018860197200210
B1157234554764N01355223EA018850197100210
B1157244554764N01355215EA018830196900210
B1157254554765N01355208EA018840196800210
B1157264554765N01355200EA018850196800210
B1157274554765N01355191EA018850196800210
B1157284554765N01355183EA018870196900210
B1157294554764N01355176EA018870197000210
B1157304554763N01355169EA018870197100210
B1157314554762N01355161EA018870197100210
B1157324554762N01355153EA018880197000210
B1157334554762N01355145EA018870197000210
B1157344554761N01355136EA018890197100210
B1157354554761N01355127EA018900197300210
B1157364554761N01355119EA018910197400210
B1157374554762N01355111EA018930197500210
B1157384554763N01355104EA018930197700210
B1157394554764N01355096EA018900197600210
B1157404554764N01355088EA018880197600210
B1157414554763N01355079EA018890197500210
B1157424554763N01355070EA018870197500210
B1157434554763N01355060EA018880197500210
B1157444554763N01355050EA018890197500210
B1157454554764N01355040EA018890197500210
B1157464554764N01355031EA018890197500210
B1157474554765N01355021EA018880197500210
B1157484554765N01355011EA018890197500210
B1157494554765N01355001EA018900197500210
B1157504554765N01354991EA018900197500210
B1157514554764N01354983EA018900197500210
B1157524554763N01354974EA018900197500210
B1157534554763N01354966EA018880197400210
B1157544554763N01354959EA018850197300210
B1157554554763N01354951EA018820197200210
B1157564554762N01354942EA018780197100210
B1157574554761N01354934EA018760196900210
B1157584554759N01354925EA018730196600210
B1157594554757N01354916EA018700196300210
B1158004554755N01354906EA018680196000210
B1158014554755N01354897EA018640195700210
B1158024554754N01354888EA018610195300210
B1158034554754N01354879EA018560195000210
B1158044554753N01354870EA018530194600210
B1158054554752N01354860EA018490194200210
B1158064554751N01354850EA018460193800210
B1158074554751N01354841EA018420193500210
B1158084554750N01354831EA018410193200210
B1158094554750N01354821EA018380192900210
B1158104554749N01354812EA018350192600210
B1158114554748N01354803EA018320192200210
B1158124554747N01354794EA018290191900210
B1158134554746N01354784EA018260191500210
B1158144554746N01354775EA018230191200210
B1158154554745N01354765EA018210191000210
B1158164554744N01354755EA018190190700210
B1158174554744N01354745EA018180190500210
B1158184554744N01354735EA018150190300210
B1158194554744N01354726EA018140190100210
B1158204554744N01354717EA018130189900210
B1158214554744N01354707EA018100189700210
B1158224554744N01354698EA018090189500210
B1158234554745N01354688EA018080189300210
B1158244554745N01354678EA018070189200210
B1158254554746N01354668EA018060189100210
B1158264554748N01354659EA018070188900210
B1158274554749N01354649EA018030188800210
B1158284554750N01354639EA018030188700210
B1158294554751N01354630EA018010188600210
B1158304554752N01354620EA018010188500210
B1158314554754N01354611EA018000188300210
B1158324554755N01354601EA017970188100210
B1158334554756N01354591EA017960188000210
B1158344554756N01354582EA017960187800210
B1158354554757N01354572EA017940187800210
B1158364554758N01354563EA017940187700210
B1158374554759N01354554EA017930187600210
B1158384554760N01354545EA017920187400210
B1158394554762N01354536EA017900187200210
B1158404554763N01354527EA017890187000210
B1158414554764N01354517EA017870186800210
B1158424554766N01354507EA017860186700210
B1158434554768N01354497EA017840186500210
B1158444554770N01354487EA017840186400210
B1158454554772N01354477EA017810186300210
B1158464554774N01354468EA017790186100210
B1158474554776N01354458EA017780186000210
B1158484554777N01354448EA017760185800210
B1158494554779N01354438EA017740185600210
B1158504554781N01354429EA017720185400210
B1158514554784N01354419EA017710185200210
B1158524554787N01354409EA017690185100210
B1158534554789N01354399EA017680184900210
B1158544554791N01354389EA017680184800210
B1158554554794N01354380EA017670184700210
B1158564554796N01354370EA017660184600210
B1158574554799N01354361EA017630184500210
B1158584554801N01354351EA017610184400210
B1158594554803N01354342EA017600184300210
B1159004554805N01354332EA017590184100210
B1159014554807N01354323EA017580184000209
B1159024554809N01354313EA017570183900210
B1159034554811N01354303EA017560183700209
B1159044554812N01354294EA017550183600209
B1159054554814N01354284EA017530183500209
B1159064554816N01354274EA017520183400209
B1159074554818N01354265EA017500183300209
B1159084554819N01354255EA017490183100209
B1159094554821N01354246EA017470183000209
B1159104554822N01354237EA017450182800209
B1159114554824N01354227EA017440182700209
B1159124554826N01354217EA017430182500209
B1159134554828N01354207EA017410182400209
B1159144554829N01354198EA017390182300209
B1159154554831N01354188EA017380182100209
B1159164554832N01354178EA017360182000209
B1159174554834N01354169EA017340181800209
B1159184554836N01354159EA017330181600209
B1159194554837N01354149EA017310181500209
B1159204554838N01354139EA017300181300209
B1159214554840N01354129EA017280181100209
B1159224554842N01354118EA017270180900209
B1159234554844N01354108EA017250180800209
B1159244554846N01354099EA017250180600209
B1159254554847N01354089EA017230180400209
B1159264554850N01354079EA017210180300209
B1159274554852N01354070EA017180180100210
B1159284554854N01354060EA017150179800210
B1159294554855N01354050EA017150179700210
B1159304554857N01354040EA017140179500210
B1159314554859N01354030EA017120179300210
B1159324554861N01354020EA017110179200210
B1159334554864N01354011EA017080179000210
B1159344554866N01354001EA017070178800210
B1159354554867N01353991EA017050178600210
B1159364554870N01353981EA017030178500210
B1159374554872N01353971EA017020178300210
B1159384554875N01353961EA017010178200210
B1159394554877N01353951EA016990178000210
B1159404554878N01353940EA016990177800210
B1159414554880N01353930EA016970177700210
B1159424554882N01353920EA016950177500210
B1159434554883N01353910EA016930177300210
B1159444554885N01353900EA016920177200210
B1159454554886N01353889EA016920177000210
B1159464554887N01353878EA016910176900210
B1159474554888N01353868EA016890176800210
B1159484554890N01353858EA016880176700210
B1159494554891N01353848EA016860176600210
B1159504554892N01353838EA016840176300210
B1159514554894N01353828EA016810176100210
B1159524554895N01353817EA016790175900210
B1159534554896N01353807EA016780175700210
B1159544554898N01353796EA016770175600210
B1159554554899N01353787EA016760175500210
B1159564554900N01353777EA016750175400210
B1159574554901N01353768EA016730175300210
B1159584554902N01353758EA016720175100210
B1159594554903N01353749EA016720175000210
B1200004554904N01353739EA016710175000210
B1200014554904N01353729EA016720175000210
B1200024554904N01353720EA016700174900210
B1200034554904N01353711EA016690174900210
B1200044554903N01353701EA016680174700210
B1200054554903N01353691EA016670174600210
B1200064554903N01353681EA016670174500210
B1200074554903N01353671EA016680174500210
B1200084554903N01353662EA016680174600210
B1200094554902N01353654EA016660174500210
B1200104554902N01353645EA016650174400210
B1200114554902N01353636EA016640174300210
B1200124554902N01353627EA016630174200210
B1200134554901N01353618EA016620174100210
B1200144554900N01353608EA016610174000209
B1200154554900N01353599EA016610173900209
B1200164554899N01353590EA016600173900209
B1200174554900N01353582EA016590173800209
B1200184554900N01353573EA016570173600208
B1200194554902N01353564EA016550173400208
B1200204554903N01353556EA016540173300208
B1200214554904N01353547EA016520173100208
B1200224554905N01353538EA016520173000208
B1200234554906N01353529EA016500172900208
B1200244554907N01353520EA016480172800208
B1200254554907N01353511EA016470172700208
B1200264554908N01353502EA016460172600208
B1200274554909N01353493EA016460172400208
B1200284554910N01353484EA016430172200208
B1200294554910N01353475EA016410172100208
B1200304554911N01353465EA016400172000208
B1200314554911N01353457EA016390171800208
B1200324554911N01353448EA016370171700208
B1200334554912N01353439EA016350171500208
B1200344554912N01353429EA016330171400208
B1200354554912N01353420EA016320171200208
B1200364554912N01353411EA016300171100208
B1200374554913N01353401EA016280171000208
B1200384554913N01353392EA016270170800208
B1200394554914N01353383EA016250170600208
B1200404554914N01353373EA016230170500208
B1200414554915N01353364EA016210170300209
B1200424554916N01353354EA016200170100209
B1200434554917N01353345EA016180169900210
B1200444554918N01353335EA016170169700209
B1200454554919N01353325EA016150169600210
B1200464554920N01353316EA016130169400210
B1200474554921N01353307EA016110169200210
B1200484554922N01353297EA016080169000209
B1200494554924N01353288EA016070168800210
B1200504554925N01353278EA016050168500209
B1200514554927N01353268EA016040168300210
B1200524554929N01353258EA016030168200210
B1200534554930N01353249EA016020168100210
B1200544554932N01353240EA015990167900209
B1200554554933N01353230EA015980167800210
B1200564554934N01353220EA015960167600210
B1200574554935N01353211EA015950167500210
B1200584554937N01353201EA015940167300209
B1200594554939N01353191EA015920167200209
B1201004554940N01353181EA015910167100209
B1201014554942N01353172EA015900167000209
B1201024554943N01353163EA015880166800209
B1201034554944N01353153EA015870166700209
B1201044554946N01353143EA015850166500209
B1201054554947N01353133EA015840166300209
B1201064554948N01353123EA015830166200209
B1201074554950N01353114EA015820166100209
B1201084554951N01353105EA015800166000209
B1201094554953N01353096EA015790165900209
B1201104554954N01353086EA015760165700209
B1201114554955N01353077EA015760165500209
B1201124554957N01353067EA015740165400209
B1201134554958N01353058EA015720165200209
B1201144554960N01353048EA015710165100209
B1201154554961N01353038EA015680165000209
B1201164554962N01353029EA015670164800209
B1201174554963N01353019EA015660164600209
B1201184554965N01353009EA015660164400209
B1201194554966N01353000EA015640164300209
B1201204554968N01352990EA015630164300209
B1201214554969N01352981EA015620164100209
B1201224554971N01352971EA015600164000209
B1201234554973N01352962EA015590163800209
B1201244554975N01352953EA015580163700210
B1201254554977N01352944EA015560163600209
B1201264554979N01352935EA015540163400209
B1201274554980N01352926EA015530163200209
B1201284554981N01352917EA015510163100209
B1201294554982N01352908EA015500163000209
B1201304554983N01352899EA015490162800210
B1201314554984N01352890EA015480162700210
B1201324554985N01352881EA015480162600210
B1201334554985N01352872EA015480162500210
B1201344554984N01352863EA015480162500210
B1201354554984N01352854EA015490162600210
B1201364554984N01352846EA015490162600210
B1201374554984N01352838EA015490162600210
B1201384554985N01352830EA015490162600210
B1201394554986N01352822EA015490162500210
B1201404554987N01352814EA015480162400210
B1201414554989N01352806EA015460162300210
B1201424554990N01352798EA015440162100210
B1201434554992N01352789EA015430162000210
B1201444554993N01352780EA015450162000210
B1201454554994N01352772EA015460162000210
B1201464554995N01352764EA015450161900210
B1201474554997N01352756EA015450161900210
B1201484555000N01352749EA015430161900210
B1201494555002N01352742EA015410161700210
B1201504555004N01352734EA015390161600210
B1201514555007N01352726EA015380161400209
B1201524555009N01352717EA015360161300210
B1201534555011N01352709EA015360161200209
B1201544555014N01352700EA015360161200209
B1201554555016N01352692EA015360161200209
B1201564555018N01352685EA015350161200209
B1201574555021N01352677EA015340161100209
B1201584555023N01352670EA015320161000209
B1201594555024N01352663EA015300160800209
B1202004555026N01352655EA015270160600209
B1202014555028N01352647EA015240160400208
B1202024555030N01352639EA015230160200209
B1202034555032N01352630EA015220160100209
B1202044555034N01352622EA015220160000208
B1202054555037N01352613EA015190159800208
B1202064555039N01352605EA015160159700209
B1202074555041N01352598EA015130159500209
B1202084555043N01352589EA015120159200209
B1202094555045N01352581EA015100159000209
B1202104555046N01352572EA015080158800209
B1202114555048N01352563EA015060158700209
B1202124555050N01352555EA015050158500209
B1202134555052N01352546EA015020158400209
B1202144555053N01352538EA015020158200208
B1202154555055N01352530EA015000158000208
B1202164555058N01352521EA014990157800208
B1202174555060N01352511EA014990157700208
B1202184555062N01352502EA014990157700208
B1202194555064N01352494EA014990157700208
B1202204555065N01352485EA014990157600208
B1202214555067N01352477EA014980157500208
B1202224555069N01352468EA014970157400208
B1202234555072N01352459EA014970157300209
B1202244555074N01352449EA014960157300209
B1202254555075N01352439EA015000157200209
B1202264555075N01352429EA015040157200209
B1202274555076N01352419EA015060157200208
B1202284555076N01352409EA015080157400209
B1202294555078N01352400EA015080157500209
B1202304555079N01352394EA015080157500209
B1202314555080N01352388EA015070157600209
B1202324555080N01352381EA015060157600209
B1202334555080N01352374EA015030157600210
B1202344555080N01352367EA015020157500209
B1202354555082N01352358EA015000157500209
B1202364555084N01352349EA014970157500210
B1202374555086N01352339EA014970157400210
B1202384555087N01352329EA014980157400210
B1202394555087N01352320EA014990157400210
B1202404555089N01352311EA014970157400209
B1202414555090N01352304EA014960157300209
B1202424555091N01352296EA014940157200209
B1202434555092N01352289EA014920157100210
B1202444555093N01352280EA014940157100209
B1202454555095N01352271EA014940157100209
B1202464555096N01352262EA014940157200210
B1202474555098N01352253EA014940157200210
B1202484555099N01352244EA014920157200210
B1202494555100N01352235EA014910157000209
B1202504555102N01352227EA014860156900209
B1202514555103N01352219EA014830156800210
B1202524555104N01352210EA014820156800210
B1202534555106N01352200EA014810156700210
B1202544555108N01352190EA014810156700210
B1202554555109N01352181EA014820156700210
B1202564555109N01352171EA014810156600210
B1202574555110N01352163EA014780156400209
B1202584555112N01352154EA014740156100210
B1202594555112N01352145EA014710155800210
B1203004555112N01352135EA014670155400210
B1203014555113N01352125EA014650155100210
B1203024555113N01352115EA014640154800209
B1203034555114N01352104EA014620154600209
B1203044555115N01352095EA014600154400210
B1203054555116N01352086EA014590154200210
B1203064555118N01352077EA014560154000209
B1203074555120N01352068EA014530153700209
B1203084555122N01352059EA014520153500209
B1203094555125N01352050EA014510153300209
B1203104555128N01352041EA014490153100209
B1203114555130N01352032EA014460152900209
B1203124555133N01352023EA014450152700209
B1203134555135N01352015EA014430152400209
B1203144555138N01352006EA014400152100209
B1203154555140N01351996EA014380151900209
B1203164555142N01351987EA014370151700209
B1203174555145N01351978EA014350151400209
B1203184555147N01351969EA014330151200209
B1203194555149N01351960EA014300151000209
B1203204555152N01351951EA014280150800209
B1203214555154N01351942EA014260150500209
B1203224555156N01351933EA014230150300209
B1203234555158N01351924EA014200150000209
B1203244555161N01351916EA014170149700208
B1203254555163N01351907EA014150149400208
B1203264555165N01351898EA014130149100208
B1203274555168N01351889EA014100148900208
B1203284555170N01351880EA014080148600208
B1203294555173N01351871EA014060148400208
B1203304555175N01351862EA014040148200208
B1203314555177N01351854EA014010148000208
B1203324555180N01351844EA013990147800208
B1203334555182N01351836EA013980147600208
B1203344555185N01351827EA013970147400208
B1203354555188N01351818EA013950147200208
B1203364555190N01351810EA013930147000208
B1203374555193N01351801EA013900146800208
B1203384555196N01351793EA013860146600208
B1203394555199N01351785EA013840146400208
B1203404555202N01351776EA013810146200208
B1203414555204N01351767EA013800145900208
B1203424555207N01351759EA013780145700208
B1203434555210N01351750EA013760145500208
B1203444555213N01351741EA013730145200208
B1203454555215N01351733EA013700145000208
B1203464555217N01351724EA013680144700208
B1203474555219N01351715EA013660144500208
B1203484555222N01351706EA013640144300208
B1203494555224N01351697EA013630144100208
B1203504555226N01351689EA013600143900208
B1203514555228N01351680EA013580143600208
B1203524555230N01351671EA013560143400208
B1203534555232N01351663EA013540143100208
B1203544555233N01351654EA013520142900209
B1203554555235N01351645EA013500142700209
B1203564555236N01351636EA013480142500209
B1203574555238N01351627EA013460142300209
B1203584555239N01351618EA013440142000209
B1203594555241N01351609EA013420141800209
B1204004555242N01351600EA013400141600209
B1204014555243N01351592EA013380141300209
B1204024555245N01351584EA013360141100209
B1204034555247N01351575EA013330140900209
B1204044555249N01351567EA013300140600209
B1204054555250N01351559EA013290140400209
B1204064555251N01351551EA013270140200209
B1204074555252N01351542EA013250140000209
B1204084555254N01351534EA013230139800209
B1204094555255N01351526EA013220139700209
B1204104555255N01351519EA013190139500209
B1204114555256N01351511EA013190139300209
B1204124555257N01351503EA013160139000209
B1204134555258N01351495EA013150138900209
B1204144555259N01351487EA013130138700209
B1204154555260N01351479EA013110138600210
B1204164555262N01351472EA013080138500210
B1204174555263N01351465EA013060138300210
B1204184555264N01351458EA013040138000210
B1204194555265N01351450EA013020137700210
B1204204555267N01351442EA012990137500209
B1204214555268N01351435EA012960137200210
B1204224555269N01351427EA012930136900210
B1204234555270N01351420EA012900136600209
B1204244555271N01351412EA012870136300210
B1204254555272N01351404EA012860136000210
B1204264555273N01351396EA012840135800210
B1204274555274N01351388EA012820135600209
B1204284555276N01351381EA012800135300209
B1204294555277N01351373EA012760135000209
B1204304555279N01351365EA012740134800209
B1204314555280N01351357EA012720134500209
B1204324555280N01351348EA012700134300209
B1204334555281N01351340EA012690134100209
B1204344555281N01351332EA012680133900209
B1204354555283N01351324EA012660133800210
B1204364555284N01351316EA012640133600210
B1204374555285N01351308EA012610133300210
B1204384555286N01351300EA012590133000210
B1204394555287N01351291EA012560132800210
B1204404555288N01351284EA012540132600210
B1204414555289N01351276EA012530132400210
B1204424555290N01351268EA012510132200210
B1204434555290N01351261EA012480132000210
B1204444555291N01351253EA012440131700210
B1204454555292N01351245EA012410131500210
B1204464555293N01351236EA012390131200210
B1204474555294N01351226EA012370130900210
B1204484555295N01351217EA012370130700210
B1204494555297N01351207EA012370130500210
B1204504555298N01351199EA012360130400210
B1204514555300N01351192EA012330130300210
B1204524555301N01351185EA012310130000210
B1204534555302N01351178EA012290129800210
B1204544555304N01351170EA012280129600210
B1204554555305N01351162EA012280129500210
B1204564555306N01351154EA012270129500210
B1204574555307N01351147EA012260129500210
B1204584555308N01351140EA012240129400210
B1204594555309N01351133EA012220129200210
B1205004555310N01351126EA012200128900210
B1205014555310N01351118EA012180128700210
B1205024555311N01351111EA012180128600210
B1205034555311N01351103EA012180128500210
B1205044555313N01351096EA012170128400210
B1205054555314N01351089EA012160128400210
B1205064555316N01351082EA012150128300210
B1205074555317N01351075EA012150128200210
B1205084555319N01351068EA012140128100210
B1205094555320N01351061EA012130128100210
B1205104555322N01351055EA012120128000210
B1205114555323N01351049EA012120128000210
B1205124555325N01351042EA012100127900210
B1205134555327N01351035EA012090127800210
B1205144555330N01351028EA012090127700210
B1205154555332N01351021EA012080127600210
B1205164555335N01351014EA012090127600210
B1205174555337N01351007EA012090127600210
B1205184555339N01351001EA012110127800210
B1205194555341N01350994EA012130127800210
B1205204555343N01350988EA012130127900210
B1205214555346N01350982EA012140128000210
B1205224555348N01350976EA012160128200210
B1205234555351N01350970EA012170128300210
B1205244555354N01350964EA012170128400210
B1205254555357N01350959EA012180128500210
B1205264555360N01350953EA012180128500210
B1205274555364N01350946EA012180128500210
B1205284555367N01350940EA012210128600210
B1205294555370N01350933EA012240128700210
B1205304555373N01350925EA012250128900210
B1205314555377N01350918EA012280129100210
B1205324555381N01350912EA012300129400210
B1205334555385N01350906EA012310129600210
B1205344555390N01350903EA012320129700210
B1205354555395N01350900EA012320129800210
B1205364555401N01350899EA012340129900210
B1205374555407N01350899EA012360130000210
B1205384555412N01350902EA012370130200210
B1205394555417N01350906EA012380130300210
B1205404555421N01350911EA012400130400210
B1205414555423N01350917EA012400130500210
B1205424555423N01350923EA012400130600210
B1205434555422N01350929EA012420130600210
B1205444555420N01350933EA012430130700210
B1205454555416N01350935EA012450130800210
B1205464555412N01350935EA012480130800210
B1205474555408N01350933EA012510131000210
B1205484555405N01350928EA012530131200210
B1205494555403N01350923EA012550131400210
B1205504555402N01350916EA012570131600210
B1205514555401N01350910EA012590131800210
B1205524555401N01350903EA012590132100210
B1205534555402N01350896EA012610132200210
B1205544555405N01350889EA012600132300210
B1205554555409N01350883EA012610132500210
B1205564555413N01350878EA012600132600210
B1205574555418N01350874EA012600132700210
B1205584555423N01350874EA012580132700210
B1205594555428N01350876EA012560132700210
B1206004555433N01350881EA012560132700210
B1206014555436N01350887EA012540132600210
B1206024555437N01350894EA012530132500210
B1206034555435N01350900EA012540132500210
B1206044555432N01350905EA012570132600210
B1206054555427N01350908EA012580132800210
B1206064555423N01350910EA012590132900210
B1206074555419N01350912EA012600133100210
B1206084555415N01350914EA012620133200210
B1206094555411N01350917EA012640133300209
B1206104555407N01350918EA012650133500210
B1206114555402N01350920EA012670133600209
B1206124555398N01350922EA012690133800209
B1206134555394N01350925EA012720134000209
B1206144555389N01350926EA012730134200209
B1206154555386N01350926EA012750134400209
B1206164555382N01350924EA012770134500210
B1206174555379N01350922EA012790134700210
B1206184555376N01350918EA012800134900210
B1206194555375N01350914EA012810135100210
B1206204555375N01350908EA012820135200210
B1206214555377N01350902EA012820135300210
B1206224555381N01350896EA012830135300210
B1206234555386N01350891EA012830135400210
B1206244555391N01350889EA012840135400210
B1206254555397N01350891EA012850135400210
B1206264555402N01350896EA012870135400210
B1206274555405N01350903EA012870135500210
B1206284555405N01350910EA012880135600210
B1206294555403N01350916EA012900135700210
B1206304555400N01350921EA012900135900210
B1206314555396N01350925EA012920136100210
B1206324555393N01350929EA012940136200210
B1206334555390N01350933EA012950136300210
B1206344555386N01350937EA012970136400210
B1206354555383N01350939EA013000136600210
B1206364555379N01350941EA013010136800210
B1206374555375N01350941EA013030136900210
B1206384555372N01350940EA013040137100210
B1206394555369N01350937EA013070137300210
B1206404555366N01350932EA013080137400210
B1206414555365N01350925EA013100137500210
B1206424555365N01350918EA013110137500210
B1206434555368N01350911EA013120137500210
B1206444555372N01350906EA013120137700210
B1206454555377N01350902EA013120137800210
B1206464555384N01350902EA013120137900210
B1206474555390N01350903EA013120137900210
B1206484555395N01350906EA013120138000210
B1206494555400N01350911EA013120138000210
B1206504555403N01350917EA013120138000210
B1206514555404N01350923EA013120138100210
B1206524555402N01350929EA013120138100210
B1206534555399N01350932EA013120138100210
B1206544555395N01350932EA013130138200210
B1206554555391N01350931EA013150138200210
B1206564555387N01350931EA013160138300210
B1206574555382N01350931EA013170138400210
B1206584555377N01350932EA013200138500210
B1206594555373N01350933EA013210138700210
B1207004555369N01350933EA013230138800210
B1207014555365N01350932EA013240138900210
B1207024555362N01350932EA013250139000210
B1207034555358N01350931EA013260139100210
B1207044555355N01350929EA013270139100210
B1207054555352N01350926EA013270139200210
B1207064555348N01350922EA013280139200210
B1207074555346N01350918EA013280139300210
B1207084555345N01350912EA013290139400210
B1207094555345N01350907EA013280139500210
B1207104555347N01350901EA013270139500210
B1207114555350N01350895EA013260139500210
B1207124555354N01350890EA013260139500210
B1207134555358N01350886EA013250139600210
B1207144555364N01350885EA013260139600210
B1207154555369N01350887EA013250139700210
B1207164555374N01350892EA013260139700210
B1207174555378N01350898EA013250139600210
B1207184555379N01350906EA013250139500210
B1207194555378N01350914EA013270139500210
B1207204555376N01350922EA013280139500210
B1207214555374N01350930EA013290139700210
B1207224555372N01350937EA013300139800210
B1207234555370N01350943EA013320139900210
B1207244555367N01350949EA013330140000210
B1207254555365N01350956EA013360140100210
B1207264555362N01350962EA013390140400210
B1207274555359N01350969EA013410140600210
B1207284555357N01350974EA013420140800210
B1207294555355N01350979EA013430141000210
B1207304555353N01350984EA013440141100210
B1207314555350N01350988EA013440141200210
B1207324555347N01350991EA013460141300210
B1207334555344N01350992EA013460141400210
B1207344555341N01350992EA013470141500210
B1207354555338N01350990EA013490141600210
B1207364555336N01350986EA013510141700210
B1207374555336N01350981EA013520141800210
B1207384555337N01350975EA013540142000210
B1207394555340N01350969EA013560142100210
B1207404555343N01350964EA013580142200210
B1207414555348N01350960EA013600142400210
B1207424555354N01350958EA013620142600210
B1207434555360N01350960EA013630142800210
B1207444555365N01350964EA013650143000210
B1207454555370N01350971EA013660143100210
B1207464555373N01350978EA013680143300210
B1207474555374N01350987EA013700143500210
B1207484555373N01350994EA013710143600210
B1207494555371N01350999EA013720143700210
B1207504555368N01351002EA013750143900210
B1207514555365N01351003EA013790144000210
B1207524555361N01351001EA013830144300210
B1207534555359N01350998EA013870144500210
B1207544555358N01350993EA013880144900210
B1207554555359N01350988EA013890145200210
B1207564555361N01350983EA013920145400210
B1207574555365N01350979EA013930145600210
B1207584555369N01350976EA013930145800210
B1207594555375N01350975EA013950146000210
B1208004555380N01350977EA013960146200210
B1208014555386N01350981EA013960146400210
B1208024555390N01350987EA013990146500210
B1208034555394N01350995EA014010146600210
B1208044555395N01351003EA014040146800210
B1208054555395N01351011EA014040147000210
B1208064555394N01351018EA014080147200210
B1208074555392N01351023EA014090147400210
B1208084555388N01351026EA014140147600210
B1208094555383N01351026EA014170147800210
B1208104555379N01351025EA014200148100210
B1208114555376N01351022EA014250148500210
B1208124555373N01351018EA014280148900210
B1208134555372N01351014EA014320149300210
B1208144555371N01351008EA014380149700210
B1208154555370N01351002EA014420150100210
B1208164555371N01350995EA014460150500210
B1208174555374N01350990EA014480150900210
B1208184555377N01350986EA014490151100210
B1208194555382N01350985EA014510151400210
B1208204555386N01350986EA014530151700210
B1208214555391N01350990EA014550151900210
B1208224555396N01350995EA014560152100210
B1208234555399N01351001EA014580152300210
B1208244555401N01351008EA014610152500210
B1208254555402N01351015EA014650152700210
B1208264555401N01351023EA014700153000210
B1208274555399N01351029EA014730153300210
B1208284555396N01351033EA014760153600210
B1208294555392N01351033EA014780153900209
B1208304555389N01351031EA014810154200209
B1208314555386N01351027EA014840154400209
B1208324555384N01351021EA014870154700209
B1208334555383N01351014EA014900155000209
B1208344555383N01351005EA014940155300209
B1208354555385N01350998EA014980155700209
B1208364555388N01350993EA015000156000209
B1208374555392N01350989EA015020156300209
B1208384555396N01350988EA015040156600209
B1208394555401N01350989EA015060156800209
B1208404555406N01350990EA015080157100209
B1208414555411N01350994EA015100157300209
B1208424555415N01350999EA015130157600209
B1208434555418N01351004EA015150157900209
B1208444555418N01351010EA015180158200209
B1208454555417N01351015EA015220158400209
B1208464555414N01351018EA015250158700209
B1208474555410N01351020EA015290159000209
B1208484555406N01351019EA015320159200209
B1208494555402N01351016EA015350159500209
B1208504555399N01351010EA015380159800209
B1208514555396N01351003EA015430160200209
B1208524555395N01350995EA015470160600209
B1208534555395N01350988EA015490160900209
B1208544555397N01350982EA015510161200209
B1208554555400N01350977EA015510161500209
B1208564555405N01350974EA015520161800209
B1208574555410N01350972EA015540162000209
B1208584555416N01350972EA015550162200209
B1208594555421N01350975EA015550162400209
B1209004555426N01350979EA015570162500209
B1209014555429N01350985EA015580162700209
B1209024555430N01350992EA015610162900209
B1209034555429N01350998EA015640163100209
B1209044555426N01351003EA015680163400209
B1209054555422N01351005EA015710163600209
B1209064555418N01351005EA015750163800209
B1209074555414N01351002EA015770164100209
B1209084555412N01350996EA015810164400209
B1209094555410N01350989EA015820164700209
B1209104555408N01350982EA015840164900209
B1209114555408N01350974EA015850165100209
B1209124555408N01350967EA015860165300209
B1209134555410N01350960EA015840165500209
B1209144555414N01350954EA015830165700209
B1209154555418N01350949EA015830165800209
B1209164555423N01350946EA015850166000209
B1209174555428N01350944EA015840166100209
B1209184555433N01350945EA015830166100209
B1209194555437N01350948EA015820166200209
B1209204555440N01350954EA015810166200209
B1209214555441N01350960EA015810166200209
B1209224555440N01350967EA015820166300209
B1209234555437N01350974EA015840166300209
B1209244555433N01350979EA015850166400209
B1209254555429N01350985EA015870166600209
B1209264555425N01350990EA015900166700209
B1209274555422N01350996EA015920166900209
B1209284555419N01351001EA015940167100209
B1209294555416N01351005EA015960167300209
B1209304555413N01351009EA015980167500209
B1209314555410N01351014EA016010167700209
B1209324555408N01351018EA016030167900209
B1209334555405N01351023EA016030168000209
B1209344555402N01351027EA016050168100209
B1209354555399N01351032EA016080168200209
B1209364555396N01351037EA016110168300209
B1209374555392N01351040EA016140168500209
B1209384555388N01351043EA016170168700209
B1209394555384N01351043EA016190168900209
B1209404555380N01351040EA016210169100209
B1209414555378N01351035EA016220169300209
B1209424555377N01351028EA016230169400209
B1209434555379N01351022EA016240169600209
B1209444555382N01351015EA016250169700209
B1209454555388N01351011EA016260169900209
B1209464555394N01351011EA016290170100209
B1209474555399N01351014EA016310170200209
B1209484555403N01351020EA016330170400209
B1209494555405N01351027EA016360170600209
B1209504555406N01351035EA016410170800209
B1209514555404N01351042EA016440171000209
B1209524555402N01351047EA016480171300209
B1209534555399N01351051EA016500171600209
B1209544555396N01351052EA016530171800209
B1209554555393N01351051EA016550172000209
B1209564555389N01351049EA016570172300209
B1209574555386N01351044EA016600172500209
B1209584555383N01351037EA016610172700209
B1209594555383N01351031EA016630173000209
B1210004555384N01351024EA016650173200209
B1210014555387N01351018EA016650173300209
B1210024555392N01351014EA016660173500209
B1210034555397N01351010EA016660173600209
B1210044555402N01351009EA016680173800209
B1210054555408N01351011EA016700173900209
B1210064555414N01351014EA016720174100209
B1210074555418N01351020EA016750174300209
B1210084555421N01351026EA016770174500209
B1210094555422N01351033EA016800174700209
B1210104555421N01351039EA016830174900209
B1210114555419N01351044EA016860175100209
B1210124555416N01351047EA016880175400209
B1210134555411N01351047EA016890175600209
B1210144555407N01351046EA016910175800209
B1210154555404N01351041EA016920176000209
B1210164555402N01351036EA016940176300209
B1210174555401N01351030EA016950176400209
B1210184555401N01351022EA016960176600209
B1210194555402N01351015EA016960176700209
B1210204555405N01351008EA016970176900209
B1210214555409N01351002EA016980177000209
B1210224555414N01350999EA016990177100209
B1210234555420N01350999EA017010177200209
B1210244555425N01351001EA017030177400209
B1210254555430N01351005EA017040177500209
B1210264555433N01351011EA017060177600209
B1210274555434N01351018EA017060177800209
B1210284555434N01351024EA017070177900209
B1210294555432N01351030EA017080178000209
B1210304555429N01351034EA017080178100209
B1210314555424N01351035EA017090178200209
B1210324555420N01351035EA017120178300209
B1210334555416N01351033EA017130178600209
B1210344555411N01351030EA017160178800209
B1210354555408N01351027EA017160179100209
B1210364555405N01351022EA017170179200209
B1210374555403N01351017EA017180179200209
B1210384555402N01351010EA017190179400209
B1210394555403N01351003EA017200179500209
B1210404555407N01350997EA017210179700209
B1210414555411N01350992EA017220179800209
B1210424555416N01350989EA017220180000209
B1210434555421N01350988EA017220180100209
B1210444555426N01350988EA017220180000209
B1210454555432N01350990EA017220180000209
B1210464555437N01350993EA017220180000209
B1210474555442N01350998EA017230180000209
B1210484555446N01351005EA017250180100209
B1210494555449N01351014EA017270180200209
B1210504555449N01351023EA017290180300209
B1210514555449N01351031EA017310180400209
B1210524555447N01351038EA017340180600209
B1210534555446N01351044EA017370180900209
B1210544555443N01351050EA017410181200209
B1210554555441N01351055EA017440181500209
B1210564555438N01351060EA017480181800209
B1210574555434N01351064EA017520182100209
B1210584555429N01351065EA017570182400209
B1210594555424N01351063EA017590182700209
B1211004555420N01351059EA017620183000209
B1211014555418N01351054EA017650183400209
B1211024555418N01351049EA017670183800209
B1211034555419N01351043EA017690184100209
B1211044555421N01351036EA017690184300209
B1211054555423N01351031EA017700184500209
B1211064555427N01351026EA017700184700209
B1211074555433N01351024EA017720184900209
B1211084555438N01351024EA017730185100209
B1211094555444N01351027EA017750185300209
B1211104555449N01351032EA017760185500209
B1211114555452N01351039EA017780185600209
B1211124555453N01351047EA017810185800209
B1211134555452N01351053EA017820186000209
B1211144555449N01351057EA017840186200209
B1211154555446N01351058EA017860186400209
B1211164555442N01351054EA017890186600209
B1211174555440N01351049EA017910186800209
B1211184555438N01351043EA017930187100209
B1211194555438N01351037EA017940187300209
B1211204555438N01351031EA017940187500209
B1211214555438N01351024EA017940187600209
B1211224555438N01351017EA017950187600209
B1211234555437N01351008EA017970187800209
B1211244555438N01351000EA017990188000209
B1211254555438N01350991EA018000188100209
B1211264555439N01350983EA018000188200209
B1211274555439N01350975EA018000188200209
B1211284555439N01350966EA017990188100209
B1211294555439N01350956EA018000188000209
B1211304555440N01350945EA018000188000209
B1211314555441N01350934EA018010188100209
B1211324555443N01350924EA018020188200209
B1211334555444N01350914EA018030188300209
B1211344555445N01350905EA018030188300209
B1211354555446N01350896EA018030188300208
B1211364555448N01350887EA018020188300209
B1211374555449N01350878EA018010188100208
B1211384555451N01350869EA017990188000208
B1211394555452N01350858EA017970187800208
B1211404555454N01350848EA017960187700208
B1211414555455N01350837EA017960187600208
B1211424555456N01350826EA017960187600208
B1211434555458N01350816EA017970187700208
B1211444555459N01350806EA017960187700208
B1211454555461N01350797EA017950187600208
B1211464555463N01350788EA017910187500208
B1211474555465N01350780EA017880187400208
B1211484555467N01350770EA017860187300208
B1211494555468N01350760EA017830187200208
B1211504555470N01350748EA017830187100208
B1211514555473N01350737EA017830187100208
B1211524555474N01350726EA017850187000208
B1211534555476N01350715EA017840187000208
B1211544555477N01350705EA017840187000208
B1211554555479N01350695EA017830186900208
B1211564555480N01350685EA017810186700208
B1211574555481N01350675EA017800186600208
B1211584555482N01350665EA017800186500208
B1211594555483N01350655EA017790186400208
B1212004555484N01350645EA017770186300208
B1212014555485N01350635EA017760186100208
B1212024555487N01350625EA017730186000209
B1212034555489N01350614EA017720185800209
B1212044555491N01350604EA017700185600209
B1212054555493N01350593EA017680185400209
B1212064555495N01350583EA017670185200209
B1212074555497N01350572EA017650185000209
B1212084555498N01350562EA017630184800209
B1212094555500N01350551EA017610184600209
B1212104555500N01350541EA017580184400209
B1212114555501N01350530EA017570184200209
B1212124555503N01350520EA017550184000209
B1212134555506N01350510EA017520183800209
B1212144555508N01350501EA017500183600209
B1212154555508N01350492EA017460183400209
B1212164555508N01350483EA017430183200209
B1212174555508N01350473EA017410182900209
B1212184555509N01350464EA017370182600209
B1212194555510N01350453EA017350182400209
B1212204555509N01350444EA017330182200209
B1212214555508N01350434EA017300181900209
B1212224555507N01350426EA017280181700209
B1212234555507N01350417EA017250181400210
B1212244555508N01350408EA017210181100210
B1212254555509N01350399EA017170180700210
B1212264555509N01350389EA017140180400210
B1212274555509N01350379EA017110180000210
B1212284555509N01350369EA017080179700210
B1212294555510N01350360EA017060179400210
B1212304555511N01350351EA017020179100210
B1212314555512N01350341EA017000178800210
B1212324555512N01350332EA016960178500210
B1212334555513N01350323EA016950178100210
B1212344555514N01350313EA016930177900210
B1212354555515N01350304EA016910177600210
B1212364555516N01350295EA016890177400210
B1212374555518N01350287EA016860177300210
B1212384555519N01350278EA016830177000210
B1212394555521N01350270EA016810176800210
B1212404555523N01350261EA016790176500210
B1212414555525N01350252EA016770176200210
B1212424555527N01350243EA016760176000210
B1212434555530N01350234EA016740175800210
B1212444555532N01350225EA016710175600210
B1212454555534N01350217EA016700175300210
B1212464555536N01350208EA016670175100210
B1212474555538N01350199EA016640174800210
B1212484555540N01350190EA016610174500210
B1212494555541N01350181EA016580174300210
B1212504555542N01350173EA016550173900210
B1212514555543N01350164EA016520173600210
B1212524555545N01350155EA016490173200210
B1212534555546N01350146EA016460172900210
B1212544555548N01350137EA016430172600210
B1212554555550N01350129EA016410172300210
B1212564555551N01350120EA016380172100210
B1212574555553N01350112EA016350171800210
B1212584555553N01350103EA016320171500210
B1212594555554N01350094EA016290171200210
B1213004555555N01350086EA016280171000210
B1213014555557N01350078EA016260170800210
B1213024555558N01350069EA016240170600210
B1213034555559N01350061EA016220170400210
B1213044555560N01350054EA016200170200210
B1213054555560N01350046EA016170170000210
B1213064555562N01350039EA016140169700210
B1213074555563N01350031EA016130169400210
B1213084555565N01350023EA016090169100210
B1213094555566N01350015EA016070168900210
B1213104555566N01350007EA016050168700210
B1213114555567N01349999EA016010168400210
B1213124555569N01349991EA016000168200210
B1213134555570N01349983EA015980167900209
B1213144555571N01349975EA015970167700209
B1213154555573N01349967EA015930167500209
B1213164555575N01349959EA015910167200209
B1213174555576N01349950EA015900167000209
B1213184555578N01349942EA015870166700209
B1213194555580N01349933EA015860166500209
B1213204555581N01349925EA015830166300209
B1213214555583N01349916EA015810166100209
B1213224555585N01349907EA015800165900209
B1213234555587N01349899EA015780165800209
B1213244555589N01349891EA015750165600209
B1213254555590N01349883EA015740165300209
B1213264555592N01349874EA015710165000209
B1213274555594N01349866EA015690164700209
B1213284555595N01349857EA015660164500209
B1213294555596N01349848EA015650164200209
B1213304555597N01349839EA015630164000209
B1213314555598N01349831EA015610163800209
B1213324555600N01349823EA015570163600209
B1213334555601N01349815EA015550163300209
B1213344555602N01349807EA015500163000209
B1213354555603N01349799EA015490162700209
B1213364555603N01349791EA015470162500209
B1213374555604N01349783EA015450162200209
B1213384555605N01349775EA015420162000209
B1213394555606N01349767EA015390161800209
B1213404555608N01349760EA015370161500209
B1213414555610N01349752EA015350161300209
B1213424555612N01349744EA015320161000209
B1213434555614N01349737EA015290160700208
B1213444555615N01349729EA015270160500208
B1213454555616N01349722EA015250160200208
B1213464555618N01349714EA015240160000208
B1213474555620N01349705EA015210159800208
B1213484555622N01349696EA015200159600208
B1213494555623N01349687EA015200159400208
B1213504555624N01349679EA015210159300208
B1213514555625N01349670EA015220159100208
B1213524555626N01349662EA015230159000208
B1213534555626N01349654EA015240158800208
B1213544555626N01349646EA015230158700208
B1213554555627N01349638EA015230158700208
B1213564555627N01349630EA015230158800208
B1213574555628N01349620EA015260158900208
B1213584555628N01349611EA015280159100208
B1213594555628N01349601EA015300159300209
B1214004555628N01349592EA015330159600209
B1214014555629N01349584EA015340159800209
B1214024555631N01349576EA015360159800209
B1214034555634N01349568EA015390159700209
B1214044555636N01349561EA015400159700209
B1214054555638N01349554EA015380159700209
B1214064555637N01349549EA015370159700209
B1214074555635N01349544EA015350159600209
B1214084555632N01349540EA015340159500209
B1214094555628N01349537EA015340159400209
B1214104555624N01349536EA015330159300209
B1214114555621N01349538EA015320159400209
B1214124555617N01349541EA015310159300209
B1214134555616N01349548EA015280159200209
B1214144555617N01349555EA015260159100209
B1214154555621N01349561EA015250159000209
B1214164555626N01349564EA015250158900209
B1214174555632N01349564EA015260158800209
B1214184555639N01349560EA015260158800209
B1214194555644N01349555EA015290158700209
B1214204555649N01349550EA015290158700209
B1214214555653N01349545EA015290158800209
B1214224555658N01349541EA015280158800209
B1214234555662N01349537EA015250158900209
B1214244555666N01349534EA015230158800209
B1214254555671N01349529EA015230158700209
B1214264555674N01349522EA015210158500209
B1214274555675N01349514EA015210158300209
B1214284555676N01349504EA015210158300209
B1214294555678N01349495EA015210158300209
B1214304555679N01349487EA015200158400209
B1214314555681N01349479EA015190158500209
B1214324555681N01349471EA015170158500209
B1214334555682N01349462EA015170158400209
B1214344555683N01349454EA015160158400209
B1214354555685N01349445EA015160158400209
B1214364555686N01349438EA015150158300209
B1214374555688N01349430EA015140158300209
B1214384555690N01349422EA015130158100209
B1214394555691N01349414EA015100158000209
B1214404555693N01349405EA015080157800209
B1214414555694N01349396EA015060157600209
B1214424555695N01349386EA015050157400209
B1214434555696N01349377EA015040157300209
B1214444555697N01349367EA015030157200209
B1214454555698N01349358EA015030157200209
B1214464555700N01349350EA015020157100209
B1214474555703N01349342EA015000157000209
B1214484555705N01349334EA014990156900209
B1214494555707N01349326EA014990156800209
B1214504555709N01349318EA014970156700209
B1214514555712N01349310EA014970156700209
B1214524555714N01349302EA014970156700209
B1214534555715N01349294EA014980156700209
B1214544555716N01349286EA014980156700209
B1214554555718N01349278EA014980156800209
B1214564555720N01349271EA014980156800209
B1214574555722N01349264EA014970156800209
B1214584555724N01349256EA014940156700209
B1214594555726N01349249EA014930156500209
B1215004555728N01349241EA014950156500209
B1215014555731N01349233EA014980156400209
B1215024555734N01349225EA015020156400209
B1215034555736N01349218EA015050156400209
B1215044555738N01349213EA015080156500209
B1215054555740N01349209EA015080156600209
B1215064555741N01349205EA015090156700209
B1215074555743N01349201EA015100156800209
B1215084555745N01349196EA015110156900209
B1215094555747N01349191EA015130157100209
B1215104555748N01349185EA015180157300209
B1215114555749N01349180EA015210157600209
B1215124555749N01349175EA015230157900209
B1215134555748N01349172EA015260158100209
B1215144555745N01349172EA015290158300209
B1215154555741N01349175EA015300158400209
B1215164555738N01349181EA015320158600209
B1215174555737N01349191EA015340158800209
B1215184555739N01349200EA015370159100209
B1215194555743N01349208EA015390159200209
B1215204555749N01349213EA015410159400209
B1215214555756N01349214EA015450159500209
B1215224555762N01349213EA015460159600209
B1215234555766N01349209EA015490159800209
B1215244555768N01349204EA015510159900209
B1215254555768N01349200EA015540160100209
B1215264555765N01349198EA015560160200209
B1215274555762N01349198EA015580160300209
B1215284555759N01349203EA015580160500209
B1215294555759N01349209EA015590160700209
B1215304555761N01349216EA015610160800209
B1215314555766N01349223EA015630161000209
B1215324555772N01349226EA015660161200209
B1215334555779N01349226EA015670161300209
B1215344555784N01349224EA015700161500209
B1215354555788N01349219EA015710161600209
B1215364555790N01349213EA015740161800209
B1215374555790N01349208EA015760162100209
B1215384555789N01349204EA015780162400209
B1215394555787N01349201EA015800162600209
B1215404555783N01349202EA015830162900209
B1215414555780N01349205EA015870163100209
B1215424555776N01349211EA015900163600209
B1215434555775N01349218EA015930164000209
B1215444555776N01349225EA015950164200209
B1215454555780N01349232EA015970164600209
B1215464555786N01349237EA016000164900209
B1215474555792N01349240EA016010165200209
B1215484555798N01349241EA016030165500209
B1215494555804N01349239EA016040165700209
B1215504555807N01349235EA016060165900209
B1215514555809N01349229EA016090166100209
B1215524555809N01349224EA016100166400209
B1215534555806N01349222EA016140166700209
B1215544555803N01349223EA016160167000209
B1215554555799N01349226EA016180167300209
B1215564555796N01349231EA016210167600209
B1215574555794N01349238EA016230167900209
B1215584555795N01349246EA016250168100209
B1215594555797N01349254EA016270168300209
B1216004555801N01349260EA016280168500209
B1216014555806N01349264EA016280168600209
B1216024555812N01349266EA016300168800209
B1216034555818N01349265EA016320169000209
B1216044555823N01349263EA016340169200209
B1216054555827N01349259EA016340169400209
B1216064555828N01349254EA016350169500209
B1216074555828N01349249EA016380169800209
B1216084555827N01349244EA016390170000209
B1216094555824N01349240EA016420170200209
B1216104555820N01349239EA016450170400209
B1216114555816N01349240EA016470170600209
B1216124555811N01349245EA016500170900209
B1216134555809N01349252EA016530171100209
B1216144555809N01349260EA016540171500209
B1216154555812N01349268EA016560171700209
B1216164555817N01349274EA016560171800209
B1216174555822N01349277EA016580172000209
B1216184555828N01349277EA016590172200209
B1216194555834N01349274EA016610172300209
B1216204555838N01349269EA016630172500209
B1216214555840N01349263EA016660172700209
B1216224555839N01349257EA016680172800209
B1216234555836N01349253EA016720173100209
B1216244555833N01349251EA016750173300209
B1216254555829N01349251EA016780173500209
B1216264555825N01349254EA016810173700209
B1216274555822N01349259EA016840174100209
B1216284555820N01349265EA016860174400209
B1216294555820N01349272EA016880174700209
B1216304555823N01349278EA016880174900209
B1216314555827N01349284EA016900175100209
B1216324555832N01349287EA016910175200209
B1216334555838N01349287EA016920175400209
B1216344555843N01349283EA016940175600209
B1216354555846N01349277EA016980175900209
B1216364555846N01349270EA017020176100209
B1216374555845N01349264EA017060176400209
B1216384555842N01349261EA017090176600209
B1216394555838N01349259EA017130176900209
B1216404555833N01349260EA017170177200209
B1216414555829N01349262EA017220177500209
B1216424555826N01349266EA017230177900209
B1216434555824N01349271EA017240178300209
B1216444555825N01349277EA017260178500209
B1216454555827N01349283EA017280178800209
B1216464555830N01349288EA017300179000209
B1216474555834N01349291EA017310179300209
B1216484555839N01349293EA017320179600209
B1216494555844N01349293EA017340179800209
B1216504555849N01349290EA017350180000209
B1216514555854N01349285EA017400180200209
B1216524555857N01349279EA017430180500209
B1216534555859N01349272EA017460180800209
B1216544555858N01349266EA017490181200209
B1216554555854N01349262EA017550181600209
B1216564555849N01349262EA017610181900209
B1216574555844N01349265EA017670182300209
B1216584555841N01349270EA017700182700209
B1216594555840N01349275EA017710183100209
B1217004555843N01349280EA017720183400209
B1217014555847N01349283EA017740183600209
B1217024555852N01349284EA017750183800209
B1217034555857N01349283EA017780184100209
B1217044555862N01349278EA017830184400209
B1217054555866N01349271EA017880184700209
B1217064555868N01349264EA017930185000209
B1217074555871N01349257EA017970185500209
B1217084555873N01349252EA018000185900209
B1217094555877N01349246EA018040186400209
B1217104555881N01349239EA018070186900209
B1217114555885N01349231EA018110187400209
B1217124555887N01349222EA018150187800209
B1217134555888N01349213EA018170188200209
B1217144555889N01349205EA018210188700209
B1217154555891N01349196EA018240189100209
B1217164555892N01349188EA018270189500209
B1217174555894N01349181EA018290189800209
B1217184555896N01349173EA018290190000209
B1217194555897N01349166EA018300190200209
B1217204555897N01349157EA018300190400209
B1217214555897N01349148EA018310190600209
B1217224555897N01349139EA018330190800209
B1217234555898N01349131EA018330191000209
B1217244555899N01349123EA018340191000209
B1217254555899N01349114EA018350191100209
B1217264555899N01349106EA018350191100209
B1217274555899N01349097EA018350191200209
B1217284555900N01349089EA018350191300209
B1217294555900N01349082EA018340191300209
B1217304555898N01349074EA018350191200209
B1217314555896N01349067EA018320191200209
B1217324555894N01349059EA018320191200209
B1217334555893N01349051EA018320191200209
B1217344555891N01349043EA018320191200209
B1217354555889N01349036EA018340191300209
B1217364555887N01349028EA018330191300209
B1217374555886N01349020EA018320191300209
B1217384555886N01349013EA018310191300209
B1217394555887N01349005EA018310191200209
B1217404555887N01348997EA018300191100209
B1217414555888N01348989EA018270191000209
B1217424555888N01348980EA018240190700209
B1217434555889N01348971EA018220190500209
B1217444555891N01348961EA018220190300209
B1217454555892N01348951EA018220190300209
B1217464555893N01348941EA018230190300209
B1217474555893N01348931EA018230190300209
B1217484555894N01348923EA018210190300209
B1217494555894N01348914EA018190190200209
B1217504555894N01348906EA018180190000209
B1217514555895N01348898EA018160189800209
B1217524555896N01348889EA018130189600209
B1217534555898N01348880EA018120189500209
B1217544555900N01348873EA018090189300209
B1217554555901N01348865EA018070189100209
B1217564555902N01348857EA018050188900209
B1217574555903N01348850EA018020188600209
B1217584555904N01348842EA018010188400209
B1217594555904N01348835EA017980188200209
B1218004555902N01348828EA017950187900209
B1218014555901N01348821EA017920187600209
B1218024555899N01348814EA017880187300209
B1218034555899N01348806EA017860187000209
B1218044555899N01348798EA017840186800209
B1218054555900N01348790EA017830186500209
B1218064555900N01348783EA017810186300209
B1218074555901N01348775EA017780186100209
B1218084555903N01348767EA017750185900209
B1218094555905N01348759EA017730185600209
B1218104555907N01348751EA017700185400209
B1218114555909N01348744EA017670185100209
B1218124555911N01348736EA017640184900209
B1218134555914N01348729EA017620184600209
B1218144555916N01348721EA017580184300209
B1218154555919N01348713EA017530183900209
B1218164555921N01348705EA017500183500209
B1218174555923N01348697EA017460183100209
B1218184555925N01348688EA017440182800209
B1218194555928N01348679EA017410182500209
B1218204555930N01348670EA017390182200209
B1218214555933N01348662EA017370182000209
B1218224555935N01348654EA017350181800209
B1218234555937N01348646EA017310181500209
B1218244555939N01348638EA017290181300209
B1218254555941N01348630EA017260181000209
B1218264555943N01348621EA017220180700209
B1218274555945N01348612EA017190180400209
B1218284555948N01348604EA017160180000209
B1218294555951N01348595EA017140179800209
B1218304555955N01348586EA017100179500209
B1218314555958N01348577EA017080179300209
B1218324555961N01348568EA017060179000210
B1218334555963N01348559EA017020178800210
B1218344555966N01348550EA016990178500210
B1218354555968N01348542EA016960178100210
B1218364555970N01348533EA016930177800210
B1218374555972N01348525EA016890177400210
B1218384555974N01348516EA016870177100210
B1218394555975N01348506EA016840176800210
B1218404555977N01348497EA016820176600210
B1218414555978N01348488EA016800176300210
B1218424555980N01348478EA016780176100209
B1218434555981N01348470EA016750175800209
B1218444555983N01348461EA016730175500209
B1218454555985N01348452EA016700175200209
B1218464555987N01348443EA016680174900209
B1218474555989N01348434EA016660174700209
B1218484555992N01348425EA016640174500209
B1218494555994N01348416EA016620174300209
B1218504555997N01348408EA016600174100209
B1218514556000N01348399EA016570173900209
B1218524556002N01348391EA016550173600209
B1218534556005N01348382EA016530173300209
B1218544556008N01348373EA016490173000209
B1218554556011N01348365EA016460172700209
B1218564556014N01348356EA016450172500209
B1218574556017N01348348EA016430172300209
B1218584556020N01348340EA016420172100209
B1218594556023N01348332EA016390171900209
B1219004556026N01348324EA016370171700209
B1219014556029N01348315EA016340171500209
B1219024556032N01348307EA016320171200209
B1219034556035N01348298EA016310171000209
B1219044556037N01348290EA016290170800208
B1219054556040N01348281EA016270170600209
B1219064556043N01348272EA016260170500209
B1219074556046N01348263EA016250170400209
B1219084556048N01348256EA016230170200209
B1219094556051N01348248EA016190170000209
B1219104556053N01348240EA016170169800209
B1219114556055N01348232EA016140169500209
B1219124556057N01348224EA016120169200209
B1219134556059N01348215EA016100169000209
B1219144556062N01348207EA016080168800209
B1219154556065N01348198EA016060168600209
B1219164556067N01348190EA016040168400209
B1219174556069N01348181EA016020168200209
B1219184556071N01348173EA016000168000209
B1219194556074N01348164EA015990167900209
B1219204556076N01348155EA015980167800209
B1219214556078N01348147EA015980167700209
B1219224556080N01348139EA015970167600209
B1219234556082N01348131EA015960167500209
B1219244556085N01348123EA015950167400209
B1219254556087N01348115EA015940167300209
B1219264556090N01348107EA015920167200209
B1219274556092N01348099EA015910167000209
B1219284556095N01348091EA015900166900209
B1219294556098N01348083EA015900166900209
B1219304556101N01348076EA015880166800209
B1219314556103N01348068EA015860166600209
B1219324556105N01348060EA015840166400209
B1219334556108N01348052EA015820166200209
B1219344556111N01348044EA015810166100209
B1219354556115N01348036EA015790165900209
B1219364556119N01348029EA015770165800209
B1219374556123N01348022EA015760165700210
B1219384556127N01348015EA015730165500210
B1219394556130N01348008EA015700165200209
B1219404556134N01348001EA015690165000210
B1219414556138N01347993EA015680164800209
B1219424556142N01347986EA015690164600210
B1219434556145N01347979EA015710164500210
B1219444556148N01347973EA015730164400210
B1219454556151N01347968EA015720164400210
B1219464556154N01347965EA015720164400210
B1219474556156N01347961EA015710164400210
B1219484556159N01347957EA015690164300210
B1219494556162N01347953EA015680164200210
B1219504556165N01347949EA015660164000210
B1219514556168N01347945EA015650163900210
B1219524556172N01347939EA015640163800210
B1219534556176N01347933EA015650163800210
B1219544556180N01347928EA015670163800210
B1219554556185N01347924EA015690163900210
B1219564556190N01347921EA015680163900210
B1219574556194N01347919EA015680163900210
B1219584556197N01347917EA015670163900210
B1219594556200N01347916EA015650163700210
B1220004556203N01347912EA015630163500210
B1220014556207N01347908EA015630163400210
B1220024556211N01347903EA015640163400210
B1220034556215N01347897EA015670163500210
B1220044556218N01347893EA015680163700210
B1220054556221N01347889EA015690163800210
B1220064556224N01347886EA015680163900210
B1220074556227N01347882EA015680163800210
B1220084556229N01347878EA015690163800210
B1220094556232N01347874EA015710163900210
B1220104556234N01347869EA015730164000210
B1220114556237N01347864EA015750164300210
B1220124556240N01347859EA015780164600210
B1220134556243N01347855EA015810164800210
B1220144556245N01347849EA015840165000210
B1220154556247N01347843EA015860165200210
B1220164556248N01347837EA015880165500210
B1220174556249N01347831EA015910165700210
B1220184556250N01347825EA015930165900210
B1220194556251N01347819EA015940166100210
B1220204556252N01347813EA015950166300210
B1220214556252N01347806EA015960166400210
B1220224556253N01347799EA015980166600210
B1220234556254N01347792EA015990166800210
B1220244556255N01347785EA016020167000210
B1220254556255N01347779EA016030167300210
B1220264556254N01347774EA016040167500210
B1220274556252N01347769EA016060167700210
B1220284556249N01347766EA016090167900210
B1220294556245N01347764EA016120168100210
B1220304556241N01347765EA016140168300210
B1220314556237N01347768EA016150168400210
B1220324556235N01347774EA016160168600210
B1220334556235N01347781EA016170168700210
B1220344556237N01347789EA016190169000209
B1220354556241N01347796EA016210169200209
B1220364556246N01347801EA016220169500209
B1220374556252N01347803EA016220169600209
B1220384556257N01347802EA016230169800209
B1220394556262N01347799EA016240169900209
B1220404556266N01347793EA016250170000209
B1220414556269N01347786EA016270170000210
B1220424556269N01347778EA016300170100210
B1220434556268N01347772EA016330170300210
B1220444556265N01347766EA016350170500210
B1220454556262N01347763EA016350170800210
B1220464556259N01347761EA016340170900210
B1220474556256N01347761EA016320171000210
B1220484556253N01347761EA016300171000210
B1220494556250N01347760EA016270170800210
B1220504556248N01347758EA016240170700210
B1220514556247N01347753EA016220170600210
B1220524556249N01347747EA016220170500210
B1220534556252N01347741EA016220170400210
B1220544556256N01347735EA016220170300210
B1220554556259N01347730EA016210170300210
B1220564556263N01347724EA016230170200210
B1220574556266N01347719EA016230170200210
B1220584556269N01347713EA016200170200210
B1220594556272N01347708EA016160170200210
B1221004556274N01347703EA016110170000210
B1221014556276N01347699EA016050169900210
B1221024556277N01347698EA016000169700210
B1221034556278N01347700EA015950169500210
B1221044556280N01347702EA015920169300209
B1221054556281N01347706EA015910169100209
B1221064556287N01347712EA015880168800210
B1221074556295N01347715EA015860168700209
B1221084556302N01347714EA015850168500210
B1221094556307N01347711EA015840168300210
B1221104556311N01347707EA015820168200210
B1221114556315N01347703EA015790168000210
B1221124556318N01347699EA015750167700210
B1221134556321N01347694EA015720167300210
B1221144556323N01347688EA015690166800210
B1221154556325N01347682EA015670166500210
B1221164556327N01347676EA015660166300210
B1221174556329N01347670EA015630166000210
B1221184556330N01347664EA015610165700210
B1221194556331N01347659EA015580165400210
B1221204556333N01347653EA015550164900210
B1221214556334N01347647EA015540164500210
B1221224556334N01347641EA015530164200210
B1221234556335N01347635EA015520164000210
B1221244556337N01347630EA015490163700210
B1221254556338N01347625EA015470163400210
B1221264556339N01347619EA015450163100210
B1221274556340N01347613EA015430162800210
B1221284556341N01347606EA015400162500210
B1221294556342N01347600EA015370162300210
B1221304556343N01347593EA015360162000210
B1221314556343N01347587EA015330161800210
B1221324556344N01347581EA015310161500210
B1221334556344N01347575EA015270161200210
B1221344556345N01347568EA015260160900210
B1221354556345N01347560EA015220160500210
B1221364556346N01347552EA015200160200210
B1221374556346N01347544EA015170159900210
B1221384556347N01347536EA015150159700210
B1221394556347N01347528EA015130159400210
B1221404556347N01347519EA015100159200210
B1221414556348N01347512EA015080159000210
B1221424556349N01347504EA015070158700210
B1221434556350N01347496EA015040158500210
B1221444556351N01347487EA015020158200210
B1221454556352N01347479EA015000158000210
B1221464556354N01347471EA014980157700210
B1221474556356N01347463EA014950157500210
B1221484556357N01347455EA014940157200210
B1221494556359N01347447EA014910157000210
B1221504556361N01347438EA014900156700210
B1221514556363N01347430EA014870156500210
B1221524556365N01347421EA014850156200210
B1221534556368N01347413EA014830156000210
B1221544556369N01347404EA014810155800210
B1221554556371N01347396EA014780155600210
B1221564556373N01347387EA014760155400210
B1221574556374N01347379EA014740155100210
B1221584556376N01347371EA014720154900210
B1221594556378N01347362EA014710154700210
B1222004556380N01347354EA014680154500210
B1222014556382N01347346EA014660154200210
B1222024556384N01347337EA014630154000210
B1222034556387N01347329EA014620153700210
B1222044556389N01347321EA014590153500210
B1222054556391N01347313EA014580153200210
B1222064556394N01347304EA014540153000210
B1222074556396N01347296EA014520152700210
B1222084556398N01347287EA014510152500210
B1222094556401N01347279EA014480152300210
B1222104556403N01347271EA014460152100210
B1222114556406N01347263EA014450151900210
B1222124556408N01347255EA014420151700210
B1222134556411N01347247EA014400151500210
B1222144556414N01347239EA014380151300210
B1222154556417N01347231EA014360151100210
B1222164556420N01347224EA014330150900210
B1222174556423N01347216EA014320150700210
B1222184556426N01347208EA014290150500210
B1222194556429N01347200EA014280150300210
B1222204556433N01347192EA014260150100210
B1222214556436N01347184EA014230149900210
B1222224556440N01347175EA014220149700210
B1222234556443N01347167EA014200149500210
B1222244556447N01347159EA014200149300210
B1222254556450N01347151EA014180149200210
B1222264556453N01347143EA014150149000210
B1222274556457N01347136EA014120148800210
B1222284556460N01347128EA014100148500210
B1222294556464N01347120EA014090148200210
B1222304556468N01347112EA014070148000210
B1222314556471N01347104EA014060147800210
B1222324556475N01347096EA014030147700210
B1222334556478N01347088EA014010147500210
B1222344556482N01347081EA013990147300210
B1222354556486N01347073EA013980147100210
B1222364556490N01347066EA013970146900210
B1222374556494N01347059EA013950146800210
B1222384556497N01347053EA013930146600210
B1222394556500N01347046EA013900146400210
B1222404556504N01347038EA013880146100210
B1222414556508N01347031EA013850145900210
B1222424556511N01347024EA013830145700210
B1222434556514N01347017EA013800145500210
B1222444556517N01347010EA013780145300210
B1222454556520N01347003EA013750145000210
B1222464556524N01346996EA013720144700210
B1222474556527N01346988EA013700144400210
B1222484556531N01346980EA013690144200210
B1222494556534N01346972EA013680144100210
B1222504556538N01346963EA013660144000210
B1222514556541N01346956EA013660143900210
B1222524556544N01346948EA013640143700210
B1222534556548N01346942EA013620143500210
B1222544556551N01346935EA013620143400210
B1222554556555N01346929EA013610143300210
B1222564556559N01346923EA013590143200210
B1222574556563N01346918EA013580143100210
B1222584556567N01346914EA013560143000210
B1222594556572N01346909EA013560142800210
B1223004556576N01346903EA013550142600210
B1223014556580N01346897EA013550142500210
B1223024556584N01346891EA013550142400210
B1223034556588N01346886EA013550142400210
B1223044556591N01346880EA013550142400210
B1223054556593N01346874EA013550142400210
B1223064556594N01346867EA013550142300210
B1223074556595N01346860EA013570142300210
B1223084556596N01346853EA013570142300210
B1223094556595N01346847EA013570142300210
B1223104556595N01346841EA013580142300210
B1223114556593N01346836EA013560142200210
B1223124556590N01346830EA013560142200210
B1223134556586N01346824EA013560142200210
B1223144556582N01346820EA013560142200210
B1223154556579N01346816EA013560142100210
B1223164556576N01346813EA013540142000210
B1223174556573N01346809EA013530141900210
B1223184556572N01346803EA013530141900210
B1223194556571N01346798EA013540142000210
B1223204556569N01346793EA013550142100210
B1223214556567N01346788EA013560142200210
B1223224556565N01346784EA013570142300210
B1223234556564N01346779EA013580142400210
B1223244556563N01346774EA013580142500210
B1223254556563N01346769EA013590142600210
B1223264556561N01346764EA013600142700210
B1223274556560N01346759EA013610142800210
B1223284556558N01346753EA013630142900210
B1223294556556N01346748EA013620143000210
B1223304556554N01346742EA013650143200210
B1223314556552N01346737EA013650143300210
B1223324556550N01346732EA013680143400210
B1223334556547N01346727EA013700143500210
B1223344556545N01346722EA013710143700210
B1223354556544N01346717EA013720143900210
B1223364556543N01346712EA013710143900210
B1223374556543N01346707EA013710144000210
B1223384556543N01346700EA013700144200210
B1223394556543N01346693EA013710144200210
B1223404556543N01346686EA013720144300210
B1223414556543N01346680EA013740144400210
B1223424556544N01346674EA013740144500210
B1223434556545N01346668EA013730144500210
B1223444556546N01346661EA013730144600210
B1223454556547N01346655EA013720144600210
B1223464556547N01346648EA013720144500210
B1223474556548N01346640EA013710144500210
B1223484556550N01346633EA013720144600210
B1223494556551N01346625EA013730144600210
B1223504556551N01346618EA013750144600210
B1223514556551N01346610EA013740144600210
B1223524556551N01346603EA013730144600210
B1223534556551N01346596EA013730144600210
B1223544556550N01346588EA013740144700210
B1223554556550N01346581EA013730144700210
B1223564556550N01346574EA013730144700210
B1223574556550N01346566EA013710144600210
B1223584556551N01346559EA013690144500210
B1223594556552N01346551EA013670144300210
B1224004556553N01346543EA013660144100210
B1224014556554N01346536EA013650144000210
B1224024556556N01346529EA013640143800210
B1224034556558N01346521EA013640143700210
B1224044556560N01346514EA013630143600210
B1224054556563N01346507EA013630143600210
B1224064556565N01346500EA013640143600210
B1224074556567N01346493EA013630143500210
B1224084556569N01346486EA013610143400210
B1224094556571N01346480EA013600143300210
B1224104556573N01346474EA013590143100210
B1224114556575N01346467EA013570143000210
B1224124556577N01346460EA013540142800210
B1224134556579N01346453EA013520142600210
B1224144556581N01346446EA013500142300210
B1224154556584N01346439EA013480142100210
B1224164556587N01346433EA013450141900210
B1224174556590N01346426EA013420141600210
B1224184556593N01346420EA013390141400210
B1224194556597N01346414EA013350141100210
B1224204556600N01346408EA013330140700210
B1224214556603N01346401EA013300140400210
B1224224556607N01346394EA013280140200210
B1224234556610N01346388EA013260139900210
B1224244556614N01346381EA013230139700210
B1224254556618N01346375EA013200139400209
B1224264556622N01346369EA013170139100209
B1224274556626N01346362EA013140138800209
B1224284556630N01346356EA013130138500210
B1224294556634N01346349EA013110138300210
B1224304556639N01346342EA013090138000210
B1224314556642N01346336EA013070137800210
B1224324556646N01346330EA013050137600210
B1224334556650N01346324EA013020137400210
B1224344556654N01346317EA013000137200210
B1224354556658N01346310EA012980137000210
B1224364556661N01346302EA012970136800208
B1224374556666N01346295EA012940136600209
B1224384556670N01346289EA012930136400210
B1224394556674N01346282EA012910136200210
B1224404556677N01346276EA012880136000210
B1224414556681N01346269EA012870135800210
B1224424556686N01346262EA012860135600210
B1224434556691N01346255EA012870135400210
B1224444556696N01346248EA012880135300210
B1224454556700N01346242EA012890135200209
B1224464556704N01346236EA012910135100210
B1224474556707N01346230EA012910135000210
B1224484556710N01346225EA012910135000210
B1224494556714N01346220EA012900135000210
B1224504556717N01346215EA012900135000210
B1224514556720N01346210EA012900135000210
B1224524556723N01346205EA012900135000210
B1224534556726N01346201EA012890135000210
B1224544556728N01346196EA012900135000210
B1224554556731N01346191EA012890135000210
B1224564556734N01346187EA012900135100210
B1224574556737N01346182EA012910135200210
B1224584556739N01346178EA012920135300210
B1224594556742N01346174EA012920135400210
B1225004556744N01346170EA012910135400210
B1225014556747N01346167EA012910135400210
B1225024556750N01346163EA012910135400210
B1225034556752N01346159EA012900135400210
B1225044556755N01346155EA012900135400210
B1225054556757N01346151EA012900135400210
B1225064556760N01346147EA012890135400210
B1225074556763N01346143EA012880135400209
B1225084556767N01346140EA012870135300209
B1225094556770N01346136EA012860135200210
B1225104556773N01346132EA012870135200210
B1225114556776N01346129EA012870135200210
B1225124556778N01346126EA012860135200210
B1225134556781N01346122EA012850135100210
B1225144556783N01346119EA012860135000210
B1225154556786N01346114EA012860135000210
B1225164556789N01346109EA012870135000210
B1225174556793N01346105EA012900135000210
B1225184556795N01346100EA012920135100210
B1225194556798N01346097EA012940135300210
B1225204556800N01346094EA012960135500210
B1225214556802N01346091EA012970135800210
B1225224556804N01346088EA012980136000210
B1225234556806N01346086EA012990136100210
B1225244556808N01346083EA012990136200210
B1225254556809N01346079EA013000136300210
B1225264556809N01346075EA013020136400210
B1225274556808N01346071EA013040136500210
B1225284556806N01346068EA013050136600210
B1225294556803N01346066EA013050136700210
B1225304556798N01346066EA013070136800210
B1225314556794N01346068EA013080136900210
B1225324556789N01346073EA013090137100210
B1225334556785N01346080EA013090137200210
B1225344556783N01346088EA013100137300210
B1225354556783N01346097EA013110137400210
B1225364556785N01346105EA013110137500210
B1225374556788N01346111EA013110137600210
B1225384556793N01346116EA013120137500210
B1225394556797N01346118EA013120137500210
B1225404556802N01346118EA013120137600210
B1225414556805N01346117EA013130137600210
B1225424556808N01346114EA013140137600210
B1225434556810N01346110EA013160137700210
B1225444556811N01346105EA013170137900210
B1225454556811N01346100EA013190138100210
B1225464556811N01346095EA013210138300210
B1225474556811N01346090EA013220138500210
B1225484556810N01346085EA013240138700210
B1225494556810N01346080EA013270138800210
B1225504556808N01346075EA013290139000210
B1225514556805N01346073EA013290139200210
B1225524556801N01346073EA013300139400210
B1225534556796N01346075EA013310139600210
B1225544556792N01346079EA013320139800210
B1225554556788N01346084EA013320139800210
B1225564556785N01346091EA013310139900210
B1225574556785N01346099EA013300139900210
B1225584556786N01346108EA013300139900210
B1225594556789N01346116EA013310139900210
B1226004556793N01346122EA013320140000210
B1226014556797N01346125EA013320140100210
B1226024556801N01346125EA013320140100210
B1226034556804N01346122EA013340140200210
B1226044556806N01346116EA013360140200210
B1226054556807N01346111EA013380140300210
B1226064556808N01346106EA013400140500210
B1226074556810N01346101EA013410140700210
B1226084556812N01346097EA013420140800210
B1226094556814N01346093EA013430140900210
B1226104556816N01346088EA013450141000210
B1226114556817N01346083EA013460141100210
B1226124556818N01346079EA013470141200210
B1226134556819N01346075EA013470141300210
B1226144556818N01346071EA013470141400210
B1226154556816N01346067EA013470141400210
B1226164556813N01346065EA013460141400210
B1226174556810N01346065EA013460141300210
B1226184556806N01346066EA013480141300210
B1226194556801N01346069EA013490141400210
B1226204556797N01346073EA013490141500210
B1226214556794N01346078EA013480141700210
B1226224556792N01346084EA013470141700210
B1226234556791N01346091EA013450141600210
B1226244556791N01346098EA013430141600210
B1226254556790N01346106EA013420141600210
B1226264556790N01346115EA013430141500210
B1226274556791N01346125EA013420141500210
B1226284556793N01346134EA013430141500210
B1226294556796N01346141EA013440141500210
B1226304556801N01346146EA013440141600210
B1226314556806N01346147EA013450141600210
B1226324556811N01346146EA013460141600210
B1226334556816N01346142EA013470141600210
B1226344556819N01346138EA013480141700210
B1226354556822N01346132EA013480141800210
B1226364556824N01346128EA013470141800210
B1226374556826N01346123EA013470141800210
B1226384556829N01346119EA013460141700210
B1226394556831N01346113EA013470141600210
B1226404556833N01346107EA013470141600210
B1226414556834N01346101EA013480141600210
B1226424556836N01346096EA013490141700210
B1226434556839N01346090EA013500141800210
B1226444556842N01346086EA013520141900210
B1226454556844N01346082EA013530142000210
B1226464556847N01346078EA013550142200210
B1226474556850N01346074EA013580142300210
B1226484556854N01346070EA013610142600210
B1226494556856N01346067EA013640142800210
B1226504556858N01346062EA013680143100111
B1226514556859N01346058EA013710143500111
B1226524556861N01346053EA013740143800111
B1226534556863N01346049EA013770144200111
B1226544556864N01346045EA013800144400111
B1226554556866N01346040EA013820144700111
B1226564556868N01346036EA013860145000111
B1226574556870N01346031EA013880145300111
B1226584556872N01346026EA013930145600111
B1226594556874N01346022EA013970146100111
B1227004556876N01346018EA014000146500111
B1227014556877N01346013EA014030146800111
B1227024556879N01346009EA014060147100111
B1227034556881N01346005EA014100147400111
B1227044556883N01346000EA014130147700111
B1227054556885N01345996EA014160148000111
B1227064556887N01345990EA014190148300111
B1227074556889N01345985EA014230148600111
B1227084556890N01345980EA014260149000111
B1227094556892N01345975EA014300149400111
B1227104556893N01345970EA014340149800111
B1227114556895N01345966EA014360150100111
B1227124556897N01345962EA014370150400111
B1227134556899N01345957EA014380150600111
B1227144556901N01345952EA014400150700111
B1227154556903N01345947EA014420150900111
B1227164556904N01345942EA014440151100111
B1227174556906N01345937EA014450151300111
B1227184556908N01345932EA014470151500111
B1227194556910N01345927EA014480151600111
B1227204556912N01345921EA014490151700111
B1227214556914N01345916EA014500151800111
B1227224556916N01345910EA014510151900111
B1227234556918N01345905EA014520152100111
B1227244556919N01345899EA014530152200111
B1227254556920N01345894EA014540152300111
B1227264556921N01345888EA014540152400111
B1227274556922N01345883EA014540152400111
B1227284556923N01345877EA014550152400111
B1227294556924N01345871EA014560152500111
B1227304556924N01345864EA014560152500111
B1227314556925N01345858EA014560152600111
B1227324556926N01345852EA014570152600111
B1227334556927N01345846EA014580152700111
B1227344556928N01345840EA014580152800111
B1227354556928N01345833EA014580152800111
B1227364556929N01345827EA014580152800111
B1227374556930N01345821EA014570152900111
B1227384556931N01345814EA014590152900111
B1227394556932N01345808EA014580152900111
B1227404556934N01345801EA014570152900111
B1227414556935N01345795EA014560152800111
B1227424556937N01345788EA014540152700111
B1227434556938N01345782EA014530152500111
B1227444556940N01345775EA014550152400111
B1227454556943N01345768EA014540152400111
B1227464556945N01345761EA014550152400111
B1227474556948N01345754EA014560152500111
B1227484556950N01345748EA014570152600111
B1227494556953N01345742EA014570152700111
B1227504556955N01345736EA014580152700111
B1227514556958N01345730EA014580152800111
B1227524556961N01345724EA014580152800111
B1227534556964N01345718EA014600152900111
B1227544556967N01345711EA014600152900111
B1227554556970N01345705EA014610153100111
B1227564556973N01345699EA014620153200111
B1227574556976N01345693EA014630153300111
B1227584556978N01345687EA014630153400111
B1227594556981N01345682EA014620153400111
B1228004556984N01345676EA014620153300111
B1228014556986N01345670EA014620153300111
B1228024556989N01345665EA014610153300111
B1228034556991N01345659EA014600153200111
B1228044556993N01345653EA014590153100111
B1228054556995N01345647EA014570153000111
B1228064556998N01345641EA014560152900111
B1228074557000N01345634EA014560152700111
B1228084557003N01345628EA014550152700111
B1228094557005N01345622EA014550152700111
B1228104557007N01345616EA014530152600111
B1228114557010N01345610EA014520152500111
B1228124557012N01345604EA014520152400111
B1228134557014N01345598EA014500152300111
B1228144557017N01345591EA014510152200111
B1228154557019N01345585EA014500152200111
B1228164557022N01345578EA014490152100111
B1228174557024N01345572EA014480152100111
B1228184557026N01345565EA014460151900111
B1228194557028N01345558EA014430151700111
B1228204557031N01345552EA014400151500111
B1228214557033N01345546EA014370151200111
B1228224557036N01345539EA014340150900111
B1228234557038N01345532EA014300150500111
B1228244557041N01345524EA014240150000111
B1228254557043N01345515EA014230149700111
B1228264557046N01345507EA014230149500111
B1228274557049N01345499EA014210149400111
B1228284557051N01345491EA014190149300111
B1228294557053N01345484EA014160149100111
B1228304557056N01345477EA014120148900111
B1228314557059N01345469EA014080148500111
B1228324557061N01345461EA014070148200111
B1228334557063N01345452EA014050147900111
B1228344557065N01345444EA014040147700111
B1228354557066N01345436EA014020147500111
B1228364557068N01345428EA013990147300111
B1228374557070N01345421EA013970147000111
B1228384557072N01345413EA013950146800111
B1228394557075N01345405EA013920146600111
B1228404557077N01345397EA013910146300210
B1228414557079N01345389EA013880146100111
B1228424557081N01345381EA013860145900111
B1228434557083N01345373EA013840145700111
B1228444557085N01345365EA013820145500111
B1228454557088N01345357EA013790145200111
B1228464557090N01345349EA013770145000111
B1228474557092N01345340EA013740144800210
B1228484557094N01345332EA013740144600210
B1228494557096N01345324EA013720144400111
B1228504557098N01345316EA013700144200111
B1228514557100N01345308EA013680144000111
B1228524557103N01345300EA013660143800111
B1228534557105N01345292EA013650143600111
B1228544557107N01345283EA013620143400111
B1228554557110N01345275EA013610143200111
B1228564557112N01345267EA013600143100111
B1228574557115N01345259EA013580142900111
B1228584557117N01345251EA013560142700111
B1228594557119N01345243EA013550142600111
B1229004557121N01345235EA013520142400111
B1229014557124N01345228EA013510142200111
B1229024557126N01345219EA013500142100111
B1229034557129N01345211EA013480141900111
B1229044557132N01345203EA013460141700111
B1229054557134N01345196EA013450141600111
B1229064557137N01345188EA013430141400111
B1229074557139N01345180EA013410141300111
B1229084557141N01345172EA013400141100111
B1229094557143N01345164EA013380140900111
B1229104557145N01345156EA013370140700111
B1229114557147N01345148EA013360140600111
B1229124557149N01345140EA013340140400111
B1229134557151N01345132EA013320140200111
B1229144557154N01345125EA013300140100210
B1229154557156N01345117EA013270139900111
B1229164557158N01345109EA013250139600111
B1229174557161N01345101EA013240139400111
B1229184557164N01345094EA013220139200210
B1229194557166N01345086EA013210139000111
B1229204557169N01345078EA013180138800111
B1229214557172N01345071EA013170138600111
B1229224557174N01345063EA013140138400111
B1229234557177N01345056EA013120138200111
B1229244557180N01345048EA013100138000111
B1229254557182N01345040EA013080137700111
B1229264557184N01345032EA013070137500111
B1229274557186N01345024EA013040137300111
B1229284557189N01345017EA013030137100111
B1229294557191N01345009EA013010137000111
B1229304557194N01345002EA012990136800111
B1229314557197N01344995EA012970136500111
B1229324557199N01344987EA012950136300111
B1229334557202N01344980EA012940136100111
B1229344557204N01344973EA012910136000111
B1229354557206N01344966EA012900135800111
B1229364557208N01344958EA012890135600111
B1229374557211N01344951EA012870135500111
B1229384557213N01344943EA012850135300111
B1229394557216N01344936EA012840135200111
B1229404557218N01344928EA012840135100111
B1229414557220N01344920EA012830135100210
B1229424557223N01344913EA012820135000111
B1229434557225N01344906EA012800134800111
B1229444557227N01344899EA012780134600111
B1229454557229N01344892EA012760134400111
B1229464557230N01344884EA012740134200111
B1229474557232N01344876EA012720134000111
B1229484557233N01344868EA012710133900111
B1229494557235N01344860EA012690133700111
B1229504557236N01344853EA012670133500210
B1229514557238N01344845EA012650133300111
B1229524557240N01344838EA012620133100111
B1229534557241N01344830EA012600132900111
B1229544557243N01344822EA012580132700111
B1229554557245N01344814EA012570132400111
B1229564557246N01344806EA012560132300111
B1229574557248N01344798EA012530132100111
B1229584557250N01344791EA012510131900111
B1229594557252N01344783EA012500131700111
B1230004557254N01344776EA012480131500111
B1230014557257N01344769EA012470131300210
B1230024557259N01344762EA012430131100111
B1230034557261N01344754EA012420130900111
B1230044557263N01344747EA012410130700111
B1230054557265N01344739EA012390130500111
B1230064557267N01344731EA012380130400111
B1230074557269N01344723EA012360130200111
B1230084557271N01344716EA012360130100111
B1230094557273N01344708EA012340130000111
B1230104557275N01344701EA012320129900111
B1230114557277N01344694EA012300129700210
B1230124557279N01344687EA012280129500210
B1230134557281N01344679EA012260129300111
B1230144557283N01344672EA012260129100111
B1230154557286N01344664EA012240128900111
B1230164557288N01344657EA012240128900111
B1230174557290N01344649EA012230128800111
B1230184557292N01344642EA012220128700111
B1230194557294N01344634EA012220128700111
B1230204557295N01344626EA012210128600111
B1230214557296N01344619EA012220128600111
B1230224557297N01344611EA012210128500111
B1230234557299N01344602EA012210128500111
B1230244557300N01344594EA012200128400111
B1230254557302N01344586EA012180128300111
B1230264557303N01344578EA012170128200111
B1230274557304N01344569EA012150128000111
B1230284557306N01344561EA012130127800111
B1230294557307N01344552EA012110127700111
B1230304557308N01344544EA012090127500111
B1230314557309N01344536EA012070127400111
B1230324557310N01344527EA012070127200111
B1230334557311N01344519EA012050127000111
B1230344557312N01344511EA012030126900111
B1230354557313N01344503EA012020126700111
B1230364557315N01344495EA012000126600111
B1230374557317N01344488EA011980126400111
B1230384557319N01344480EA011960126200111
B1230394557320N01344471EA011940125900210
B1230404557321N01344463EA011930125800111
B1230414557323N01344455EA011920125700111
B1230424557325N01344447EA011900125600111
B1230434557326N01344439EA011900125400111
B1230444557328N01344432EA011890125300111
B1230454557329N01344424EA011890125300111
B1230464557331N01344417EA011870125200111
B1230474557333N01344409EA011860125100111
B1230484557335N01344402EA011850125000111
B1230494557336N01344395EA011830124800111
B1230504557338N01344387EA011810124700111
B1230514557341N01344380EA011790124500111
B1230524557343N01344373EA011770124300111
B1230534557345N01344366EA011760124100111
B1230544557347N01344358EA011740123900111
B1230554557350N01344350EA011740123800111
B1230564557352N01344343EA011730123700111
B1230574557355N01344336EA011720123700210
B1230584557357N01344328EA011700123500111
B1230594557359N01344321EA011680123300111
B1231004557362N01344314EA011650123100111
B1231014557364N01344307EA011630122800111
B1231024557366N01344300EA011610122600111
B1231034557369N01344292EA011580122400111
B1231044557371N01344285EA011560122100111
B1231054557373N01344277EA011550122000210
B1231064557375N01344269EA011540121800111
B1231074557377N01344261EA011530121700111
B1231084557379N01344254EA011520121600111
B1231094557381N01344247EA011510121500111
B1231104557383N01344240EA011490121400111
B1231114557385N01344233EA011470121200111
B1231124557387N01344226EA011440120900111
B1231134557390N01344219EA011410120600111
B1231144557393N01344212EA011410120400111
B1231154557395N01344204EA011410120300111
B1231164557398N01344197EA011390120200111
B1231174557400N01344190EA011380120200111
B1231184557403N01344183EA011380120100111
B1231194557406N01344177EA011370120000111
B1231204557409N01344170EA011340119800111
B1231214557411N01344163EA011320119600111
B1231224557414N01344156EA011310119400111
B1231234557417N01344149EA011300119300111
B1231244557420N01344143EA011300119200111
B1231254557423N01344136EA011280119100111
B1231264557426N01344129EA011290119000111
B1231274557429N01344122EA011280119000111
B1231284557432N01344115EA011280119000111
B1231294557434N01344108EA011260118900111
B1231304557437N01344101EA011250118800111
B1231314557440N01344094EA011250118700210
B1231324557443N01344086EA011250118600111
B1231334557447N01344079EA011240118500111
B1231344557450N01344072EA011230118500111
B1231354557453N01344064EA011220118400111
B1231364557456N01344056EA011230118300111
B1231374557459N01344048EA011220118200111
B1231384557461N01344040EA011220118200111
B1231394557464N01344032EA011200118100111
B1231404557467N01344024EA011180118000111
B1231414557470N01344017EA011150117800111
B1231424557474N01344010EA011120117500111
B1231434557477N01344003EA011090117200111
B1231444557480N01343996EA011060116900111
B1231454557483N01343988EA011040116600111
B1231464557486N01343980EA011030116400111
B1231474557489N01343972EA010990116200111
B1231484557492N01343965EA010970116000111
B1231494557495N01343957EA010950115700111
B1231504557496N01343950EA010920115400111
B1231514557498N01343942EA010890115200111
B1231524557500N01343935EA010870114900111
B1231534557502N01343927EA010840114600111
B1231544557503N01343919EA010830114400111
B1231554557505N01343912EA010810114200111
B1231564557507N01343904EA010780114000111
B1231574557509N01343897EA010760113800111
B1231584557511N01343890EA010740113600111
B1231594557513N01343883EA010720113300111
B1232004557515N01343875EA010690113100111
B1232014557518N01343868EA010660112900210
B1232024557520N01343860EA010650112700111
B1232034557523N01343853EA010620112400210
B1232044557525N01343845EA010600112200210
B1232054557527N01343838EA010580111900111
B1232064557529N01343830EA010560111700210
B1232074557531N01343822EA010550111500111
B1232084557533N01343814EA010540111300111
B1232094557534N01343806EA010510111100111
B1232104557536N01343799EA010500111000210
B1232114557537N01343791EA010480110800210
B1232124557539N01343784EA010460110700111
B1232134557540N01343777EA010450110500111
B1232144557542N01343770EA010420110300111
B1232154557543N01343763EA010400110000111
B1232164557544N01343756EA010380109800111
B1232174557546N01343749EA010360109700111
B1232184557548N01343742EA010350109500111
B1232194557549N01343736EA010340109300111
B1232204557551N01343730EA010320109200111
B1232214557553N01343723EA010300109000111
B1232224557555N01343718EA010270108800111
B1232234557557N01343712EA010260108600210
B1232244557559N01343705EA010240108400111
B1232254557561N01343698EA010230108200111
B1232264557563N01343691EA010230108100111
B1232274557565N01343683EA010230108000111
B1232284557566N01343676EA010230108000111
B1232294557568N01343670EA010220108000111
B1232304557569N01343664EA010210108000111
B1232314557570N01343658EA010210107900111
B1232324557571N01343651EA010210107800111
B1232334557573N01343644EA010200107700111
B1232344557575N01343638EA010200107700111
B1232354557576N01343631EA010200107700111
B1232364557576N01343624EA010200107700111
B1232374557578N01343617EA010200107700111
B1232384557579N01343611EA010200107700111
B1232394557581N01343604EA010200107700111
B1232404557582N01343597EA010220107700111
B1232414557584N01343590EA010240107800111
B1232424557585N01343583EA010250107900210
B1232434557587N01343576EA010250108000111
B1232444557588N01343569EA010250108100210
B1232454557590N01343562EA010250108200111
B1232464557591N01343556EA010250108200111
B1232474557593N01343549EA010220108100111
B1232484557594N01343541EA010220107900111
B1232494557595N01343533EA010210107800210
B1232504557596N01343524EA010210107800210
B1232514557596N01343516EA010200107700210
B1232524557597N01343508EA010180107600111
B1232534557597N01343499EA010170107500111
B1232544557599N01343491EA010160107400111
B1232554557600N01343482EA010140107300111
B1232564557602N01343474EA010140107100111
B1232574557604N01343465EA010140107000111
B1232584557607N01343457EA010120106900111
B1232594557609N01343448EA010120106900111
B1233004557612N01343441EA010110106900111
B1233014557614N01343433EA010100106800111
B1233024557616N01343425EA010090106700111
B1233034557618N01343417EA010080106600111
B1233044557620N01343408EA010060106400111
B1233054557622N01343400EA010050106300111
B1233064557624N01343392EA010030106100111
B1233074557626N01343384EA010010105900111
B1233084557628N01343374EA010010105800210
B1233094557630N01343365EA010010105700111
B1233104557632N01343356EA010020105800209
B1233114557634N01343347EA010020105800210
B1233124557636N01343338EA010020105800210
B1233134557637N01343330EA010010105800210
B1233144557639N01343322EA010000105700210
B1233154557641N01343314EA010000105700210
B1233164557644N01343306EA010010105600111
B1233174557647N01343297EA010010105600111
B1233184557650N01343289EA010010105700111
B1233194557652N01343281EA010020105700111
B1233204557655N01343273EA010000105700111
B1233214557657N01343265EA009990105600111
B1233224557659N01343257EA009980105500111
B1233234557661N01343249EA009970105400111
B1233244557663N01343240EA009970105300111
B1233254557665N01343231EA009960105300111
B1233264557668N01343222EA009970105300111
B1233274557670N01343214EA009960105300210
B1233284557672N01343205EA009940105200210
B1233294557673N01343197EA009930105100210
B1233304557674N01343188EA009920104900111
B1233314557675N01343179EA009900104800111
B1233324557676N01343171EA009900104700210
B1233334557677N01343162EA009890104600210
B1233344557679N01343153EA009880104500210
B1233354557680N01343145EA009870104400209
B1233364557681N01343136EA009860104300209
B1233374557683N01343128EA009850104200111
B1233384557684N01343120EA009850104100111
B1233394557686N01343113EA009840104100210
B1233404557687N01343105EA009820104000111
B1233414557689N01343098EA009800103800111
B1233424557691N01343090EA009790103600111
B1233434557693N01343082EA009760103300111
B1233444557695N01343073EA009750103100111
B1233454557696N01343064EA009750103000111
B1233464557697N01343056EA009740102900111
B1233474557697N01343048EA009740102900111
B1233484557697N01343040EA009730102900111
B1233494557698N01343033EA009710102700111
B1233504557698N01343027EA009700102600111
B1233514557699N01343020EA009670102300111
B1233524557700N01343013EA009620102100111
B1233534557702N01343006EA009590101800111
B1233544557704N01342997EA009570101500111
B1233554557705N01342988EA009560101400111
B1233564557707N01342980EA009550101200111
B1233574557709N01342972EA009530101100111
B1233584557712N01342964EA009520100900111
B1233594557715N01342956EA009490100700111
B1234004557717N01342948EA009460100500111
B1234014557718N01342940EA009440100200111
B1234024557720N01342932EA009400099900210
B1234034557722N01342924EA009370099600111
B1234044557724N01342916EA009340099300111
B1234054557726N01342908EA009320098900111
B1234064557727N01342899EA009290098600111
B1234074557729N01342891EA009260098400111
B1234084557731N01342882EA009240098100111
B1234094557733N01342874EA009210097900111
B1234104557735N01342866EA009200097700111
B1234114557736N01342858EA009170097400111
B1234124557738N01342850EA009150097200111
B1234134557740N01342842EA009120097000111
B1234144557742N01342834EA009100096700111
B1234154557745N01342825EA009080096500111
B1234164557746N01342817EA009060096300111
B1234174557749N01342809EA009040096000111
B1234184557751N01342801EA009010095800111
B1234194557754N01342793EA008990095600111
B1234204557756N01342785EA008960095300111
B1234214557758N01342777EA008930095000210
B1234224557760N01342769EA008900094700210
B1234234557763N01342761EA008880094500111
B1234244557765N01342754EA008860094200111
B1234254557767N01342746EA008840094000111
B1234264557769N01342739EA008820093800111
B1234274557770N01342732EA008810093700111
B1234284557771N01342726EA008780093500111
B1234294557772N01342720EA008750093200111
B1234304557774N01342713EA008730093000111
B1234314557775N01342706EA008700092700111
B1234324557776N01342699EA008680092400111
B1234334557778N01342690EA008640092000111
B1234344557779N01342682EA008610091700210
B1234354557780N01342673EA008590091500111
B1234364557781N01342664EA008570091300111
B1234374557782N01342655EA008540091000210
B1234384557783N01342646EA008520090800210
B1234394557784N01342637EA008490090500111
B1234404557785N01342629EA008480090200111
B1234414557786N01342621EA008450090000111
B1234424557787N01342613EA008440089800210
B1234434557788N01342605EA008420089600111
B1234444557789N01342597EA008380089400111
B1234454557790N01342589EA008370089200210
B1234464557791N01342581EA008350089000210
B1234474557793N01342573EA008320088700111
B1234484557794N01342566EA008320088500111
B1234494557796N01342558EA008290088300111
B1234504557799N01342551EA008260088000111
B1234514557801N01342544EA008230087700111
B1234524557804N01342536EA008200087500111
B1234534557807N01342529EA008180087200111
B1234544557809N01342522EA008160086900111
B1234554557812N01342514EA008140086600111
B1234564557814N01342507EA008110086400111
B1234574557817N01342499EA008090086200111
B1234584557819N01342492EA008070086000111
B1234594557821N01342485EA008040085700111
B1235004557824N01342478EA008030085400111
B1235014557826N01342470EA008000085200111
B1235024557828N01342462EA008000085100111
B1235034557831N01342455EA008000084900111
B1235044557833N01342447EA007980084800111
B1235054557835N01342440EA007960084700111
B1235064557837N01342432EA007940084500111
B1235074557840N01342425EA007920084300111
B1235084557842N01342417EA007890084100111
B1235094557845N01342409EA007880083900111
B1235104557847N01342401EA007850083600210
B1235114557850N01342393EA007830083400111
B1235124557852N01342385EA007810083200111
B1235134557855N01342377EA007790083000111
B1235144557858N01342369EA007770082800111
B1235154557860N01342361EA007760082500210
B1235164557862N01342352EA007740082300111
B1235174557864N01342345EA007730082100111
B1235184557866N01342337EA007720082000111
B1235194557868N01342330EA007700081800111
B1235204557870N01342323EA007680081700111
B1235214557872N01342316EA007660081600111
B1235224557874N01342309EA007650081400111
B1235234557875N01342302EA007620081200111
B1235244557876N01342295EA007610081000111
B1235254557877N01342288EA007590080800111
B1235264557878N01342281EA007570080600111
B1235274557880N01342274EA007550080500111
B1235284557881N01342268EA007540080300111
B1235294557883N01342261EA007530080100111
B1235304557885N01342254EA007520080000111
B1235314557887N01342247EA007510079800111
B1235324557889N01342241EA007500079700111
B1235334557891N01342234EA007490079600111
B1235344557893N01342227EA007480079600111
B1235354557896N01342221EA007480079500111
B1235364557898N01342214EA007470079500111
B1235374557900N01342208EA007460079400111
B1235384557902N01342202EA007450079300111
B1235394557904N01342196EA007440079100111
B1235404557906N01342189EA007430079000111
B1235414557908N01342183EA007420078900111
B1235424557910N01342176EA007410078900111
B1235434557913N01342170EA007400078800111
B1235444557915N01342163EA007380078600111
B1235454557917N01342157EA007360078500111
B1235464557919N01342150EA007340078300111
B1235474557921N01342144EA007340078200111
B1235484557922N01342137EA007320078100111
B1235494557924N01342131EA007300077900111
B1235504557925N01342126EA007280077700111
B1235514557924N01342120EA007260077500111
B1235524557923N01342116EA007230077200111
B1235534557921N01342112EA007210077000111
B1235544557918N01342109EA007190076800111
B1235554557915N01342108EA007180076600111
B1235564557911N01342107EA007150076400111
B1235574557908N01342107EA007140076200111
B1235584557904N01342106EA007120076100111
B1235594557900N01342105EA007100075900111
B1236004557897N01342103EA007090075700111
B1236014557893N01342101EA007080075500111
B1236024557890N01342099EA007060075400111
B1236034557888N01342095EA007040075200111
B1236044557886N01342089EA007020075000111
B1236054557885N01342084EA007000074800111
B1236064557884N01342078EA006980074600111
B1236074557883N01342071EA006970074400111
B1236084557882N01342065EA006940074200111
B1236094557882N01342058EA006920073900111
B1236104557881N01342051EA006900073700210
B1236114557882N01342044EA006880073500111
B1236124557882N01342038EA006850073300111
B1236134557883N01342032EA006830073000111
B1236144557883N01342025EA006810072800111
B1236154557882N01342020EA006780072500111
B1236164557880N01342015EA006750072200111
B1236174557876N01342011EA006740071900111
B1236184557872N01342009EA006730071600111
B1236194557868N01342009EA006720071400111
B1236204557864N01342010EA006700071300111
B1236214557861N01342010EA006670071100111
B1236224557858N01342011EA006650070800111
B1236234557854N01342012EA006620070500111
B1236244557850N01342014EA006610070300111
B1236254557847N01342016EA006590070200111
B1236264557843N01342019EA006580070100111
B1236274557840N01342021EA006570070000111
B1236284557837N01342022EA006550069900111
B1236294557834N01342024EA006530069700111
B1236304557831N01342026EA006520069600111
B1236314557827N01342027EA006490069400111
B1236324557824N01342029EA006480069200111
B1236334557821N01342030EA006460069000111
B1236344557817N01342032EA006450068900111
B1236354557814N01342034EA006440068800111
B1236364557811N01342036EA006430068600111
B1236374557808N01342037EA006410068400111
B1236384557804N01342039EA006390068300111
B1236394557801N01342040EA006390068100111
B1236404557798N01342042EA006360068000111
B1236414557794N01342045EA006330067800111
B1236424557790N01342047EA006330067600111
B1236434557787N01342050EA006310067400111
B1236444557783N01342052EA006300067300111
B1236454557779N01342056EA006290067200111
B1236464557775N01342059EA006290067100111
B1236474557771N01342061EA006270067000111
B1236484557768N01342064EA006240066800111
B1236494557764N01342068EA006220066600111
B1236504557760N01342072EA006190066300111
B1236514557755N01342076EA006180066100111
B1236524557751N01342081EA006170065900111
B1236534557747N01342085EA006170065800111
B1236544557743N01342088EA006150065700111
B1236554557738N01342092EA006140065600111
B1236564557734N01342096EA006130065400111
B1236574557730N01342099EA006100065300111
B1236584557726N01342104EA006100065100111
B1236594557722N01342108EA006090065000111
B1237004557719N01342113EA006080064900111
B1237014557715N01342118EA006070064800111
B1237024557712N01342121EA006050064700111
B1237034557709N01342125EA006030064600111
B1237044557705N01342129EA006010064400111
B1237054557701N01342133EA006000064200111
B1237064557697N01342136EA005990064000210
B1237074557693N01342140EA005980063900111
B1237084557688N01342143EA005970063700111
B1237094557684N01342147EA005960063700111
B1237104557681N01342150EA005960063600111
B1237114557677N01342154EA005940063500111
B1237124557673N01342157EA005910063300111
B1237134557669N01342160EA005890063100111
B1237144557664N01342164EA005880062800111
B1237154557660N01342168EA005850062600111
B1237164557656N01342172EA005840062500111
B1237174557652N01342176EA005820062300111
B1237184557647N01342180EA005820062200111
B1237194557642N01342183EA005800062000111
B1237204557638N01342186EA005780061900111
B1237214557634N01342189EA005760061800111
B1237224557630N01342193EA005740061600111
B1237234557626N01342196EA005710061300111
B1237244557621N01342199EA005680061000111
B1237254557617N01342202EA005660060700111
B1237264557612N01342204EA005650060500111
B1237274557606N01342207EA005630060200111
B1237284557601N01342210EA005600060000111
B1237294557596N01342213EA005570059700210
B1237304557591N01342217EA005550059500111
B1237314557586N01342221EA005540059300111
B1237324557581N01342225EA005540059200111
B1237334557576N01342229EA005530059100111
B1237344557571N01342233EA005520059000111
B1237354557566N01342237EA005510059000111
B1237364557562N01342241EA005510058900111
B1237374557558N01342244EA005500058800111
B1237384557553N01342248EA005480058700111
B1237394557549N01342251EA005460058600111
B1237404557544N01342255EA005460058400111
B1237414557539N01342258EA005450058400111
B1237424557534N01342262EA005440058300111
B1237434557529N01342264EA005440058200111
B1237444557524N01342267EA005430058100111
B1237454557519N01342270EA005420058000111
B1237464557514N01342273EA005420057900111
B1237474557509N01342276EA005400057800111
B1237484557504N01342279EA005380057700111
B1237494557499N01342282EA005350057500111
B1237504557494N01342285EA005340057300111
B1237514557490N01342288EA005320057100111
B1237524557485N01342291EA005280056800111
B1237534557479N01342293EA005270056600210
B1237544557474N01342296EA005250056400210
B1237554557468N01342298EA005230056200111
B1237564557463N01342301EA005220056000111
B1237574557459N01342304EA005210055800111
B1237584557454N01342306EA005190055700111
B1237594557449N01342309EA005190055600111
B1238004557444N01342311EA005180055500111
B1238014557439N01342313EA005170055400111
B1238024557435N01342314EA005140055300111
B1238034557431N01342316EA005120055100111
B1238044557426N01342318EA005090055000111
B1238054557422N01342320EA005060054700111
B1238064557416N01342321EA005070054600111
B1238074557410N01342324EA005060054500111
B1238084557405N01342326EA005060054400111
B1238094557400N01342329EA005040054400111
B1238104557396N01342331EA005030054300111
B1238114557391N01342333EA005000054100111
B1238124557386N01342335EA004980053800111
B1238134557380N01342338EA004960053600111
B1238144557374N01342341EA004960053400111
B1238154557370N01342345EA004950053300111
B1238164557365N01342349EA004930053200111
B1238174557361N01342352EA004900053100111
B1238184557357N01342355EA004880052800111
B1238194557353N01342360EA004850052600111
B1238204557348N01342365EA004830052400111
B1238214557343N01342370EA004820052200111
B1238224557339N01342375EA004810052000111
B1238234557335N01342379EA004800051900111
B1238244557331N01342384EA004770051700111
B1238254557327N01342389EA004760051500111
B1238264557323N01342394EA004730051200111
B1238274557319N01342399EA004720051000111
B1238284557314N01342404EA004700050900111
B1238294557310N01342408EA004690050700111
B1238304557306N01342413EA004670050600111
B1238314557302N01342418EA004650050400111
B1238324557298N01342422EA004620050100111
B1238334557293N01342427EA004590049800111
B1238344557289N01342431EA004570049500111
B1238354557284N01342435EA004570049300111
B1238364557279N01342440EA004550049100111
B1238374557275N01342444EA004530048900111
B1238384557270N01342448EA004510048800111
B1238394557267N01342451EA004500048600111
B1238404557263N01342454EA004480048400111
B1238414557259N01342457EA004450048200111
B1238424557256N01342461EA004430047900111
B1238434557252N01342464EA004410047600111
B1238444557247N01342467EA004370047400111
B1238454557242N01342469EA004360047100111
B1238464557237N01342471EA004340047000111
B1238474557232N01342473EA004330046800111
B1238484557228N01342475EA004320046700111
B1238494557223N01342478EA004300046500111
B1238504557219N01342480EA004270046300111
B1238514557214N01342482EA004260046100111
B1238524557209N01342484EA004240045900111
B1238534557204N01342486EA004230045700111
B1238544557199N01342488EA004210045600111
B1238554557195N01342490EA004200045400111
B1238564557190N01342491EA004180045300210
B1238574557185N01342493EA004150045100210
B1238584557181N01342494EA004140044900210
B1238594557177N01342497EA004120044600210
B1239004557172N01342500EA004100044400210
B1239014557168N01342502EA004090044200210
B1239024557164N01342504EA004070044000210
B1239034557160N01342506EA004050043900210
B1239044557157N01342508EA004030043700210
B1239054557154N01342511EA004010043500210
B1239064557151N01342514EA003990043300210
B1239074557147N01342517EA003970043000210
B1239084557143N01342522EA003960042800210
B1239094557139N01342526EA003950042700210
B1239104557135N01342530EA003960042600210
B1239114557130N01342534EA003970042600210
B1239124557126N01342538EA003970042600210
B1239134557123N01342541EA003970042500210
B1239144557119N01342543EA003950042500210
B1239154557116N01342546EA003950042400210
B1239164557112N01342549EA003920042300210
B1239174557109N01342552EA003900042200210
B1239184557105N01342556EA003890042000210
B1239194557102N01342559EA003880041900210
B1239204557098N01342563EA003860041700210
B1239214557095N01342567EA003850041600210
B1239224557092N01342571EA003840041500210
B1239234557088N01342576EA003830041400210
B1239244557085N01342580EA003810041300210
B1239254557081N01342583EA003800041200210
B1239264557078N01342587EA003780041000210
B1239274557075N01342591EA003760040800210
B1239284557072N01342596EA003730040700210
B1239294557069N01342601EA003720040400210
B1239304557067N01342606EA003700040300210
B1239314557064N01342612EA003690040100210
B1239324557062N01342618EA003680040000210
B1239334557061N01342624EA003660039800210
B1239344557059N01342631EA003650039700210
B1239354557058N01342637EA003660039700210
B1239364557057N01342644EA003650039600210
B1239374557056N01342650EA003640039600210
B1239384557055N01342655EA003620039500210
B1239394557053N01342660EA003590039300210
B1239404557052N01342666EA003560039000210
B1239414557050N01342671EA003530038600210
B1239424557047N01342677EA003510038400210
B1239434557044N01342683EA003490038100210
B1239444557041N01342688EA003450037900210
B1239454557039N01342693EA003420037700210
B1239464557036N01342698EA003400037400210
B1239474557033N01342703EA003370037100210
B1239484557030N01342709EA003350036800210
B1239494557027N01342714EA003320036500210
B1239504557024N01342719EA003290036200210
B1239514557022N01342725EA003270035900210
B1239524557019N01342731EA003240035600210
B1239534557016N01342737EA003220035400210
B1239544557013N01342742EA003200035200210
B1239554557010N01342747EA003180035000210
B1239564557007N01342751EA003170034800210
B1239574557004N01342756EA003160034700210
B1239584557001N01342761EA003160034500210
B1239594556997N01342765EA003140034500210
B1240004556994N01342769EA003130034300210
B1240014556991N01342773EA003110034100210
B1240024556988N01342777EA003100033900210
B1240034556984N01342782EA003090033800210
B1240044556981N01342786EA003080033700210
B1240054556978N01342791EA003070033600210
B1240064556975N01342794EA003070033600210
B1240074556971N01342797EA003050033500210
B1240084556967N01342800EA003040033400210
B1240094556963N01342802EA003030033200210
B1240104556959N01342803EA003010033100210
B1240114556954N01342803EA003000033000210
B1240124556950N01342803EA002990032800210
B1240134556946N01342802EA002970032600210
B1240144556942N01342802EA002950032500210
B1240154556937N01342801EA002930032300210
B1240164556933N01342799EA002910032100210
B1240174556929N01342798EA002900032000210
B1240184556925N01342796EA002880031800210
B1240194556921N01342793EA002860031600210
B1240204556916N01342792EA002840031400210
B1240214556912N01342789EA002830031200210
B1240224556908N01342787EA002810031000210
B1240234556904N01342785EA002790030800210
B1240244556899N01342782EA002770030700210
B1240254556895N01342780EA002760030500210
B1240264556890N01342779EA002740030200210
B1240274556886N01342777EA002710030000210
B1240284556882N01342775EA002680029700210
B1240294556877N01342773EA002660029400210
B1240304556873N01342772EA002640029200210
B1240314556868N01342770EA002620028900210
B1240324556864N01342768EA002610028800210
B1240334556859N01342767EA002590028600210
B1240344556855N01342765EA002570028400210
B1240354556850N01342763EA002540028200210
B1240364556846N01342762EA002510027900210
B1240374556841N01342761EA002480027500210
B1240384556837N01342760EA002450027200210
B1240394556832N01342759EA002420026900210
B1240404556828N01342759EA002380026600210
B1240414556824N01342759EA002370026300210
B1240424556819N01342759EA002350026100210
B1240434556815N01342761EA002330025900210
B1240444556811N01342763EA002310025700210
B1240454556807N01342765EA002280025500210
B1240464556803N01342768EA002240025200210
B1240474556799N01342771EA002220024900210
B1240484556795N01342774EA002190024600210
B1240494556791N01342777EA002180024300210
B1240504556787N01342779EA002160024100210
B1240514556783N01342782EA002140024000210
B1240524556779N01342785EA002120023800210
B1240534556777N01342791EA002100023600210
B1240544556775N01342798EA002070023400210
B1240554556775N01342807EA002060023100210
B1240564556775N01342815EA002040022800210
B1240574556778N01342824EA002010022600210
B1240584556780N01342831EA001990022400210
B1240594556782N01342839EA001950022200210
B1241004556785N01342846EA001930021900210
B1241014556788N01342853EA001900021600210
B1241024556793N01342860EA001880021400210
B1241034556797N01342867EA001870021100210
B1241044556801N01342873EA001860020900210
B1241054556806N01342880EA001860020700210
B1241064556810N01342886EA001840020600210
B1241074556814N01342893EA001830020500210
B1241084556817N01342899EA001810020400210
B1241094556821N01342906EA001790020300210
B1241104556824N01342912EA001770020100210
B1241114556828N01342919EA001750019900210
B1241124556832N01342924EA001710019600210
B1241134556836N01342930EA001690019300210
B1241144556841N01342935EA001680019100210
B1241154556845N01342941EA001660018900210
B1241164556849N01342948EA001640018700210
B1241174556851N01342956EA001630018500210
B1241184556852N01342965EA001620018400210
B1241194556851N01342973EA001630018200210
B1241204556849N01342981EA001610018000210
B1241214556847N01342987EA001610017900210
B1241224556844N01342992EA001590017800210
B1241234556841N01342996EA001590017700210
B1241244556837N01342998EA001580017700210
B1241254556833N01342999EA001570017600210
B1241264556829N01343000EA001560017600210
B1241274556826N01343000EA001550017600210
B1241284556823N01342999EA001540017500210
B1241294556821N01342997EA001520017500210
B1241304556819N01342994EA001520017400210
B1241314556819N01342991EA001500017200210
B1241324556819N01342986EA001480017100210
B1241334556822N01342983EA001450016900210
B1241344556828N01342982EA001440016800210
B1241354556833N01342985EA001440016600210
B1241364556839N01342990EA001430016500210
B1241374556844N01342994EA001420016500210
B1241384556849N01342996EA001410016300210
B1241394556854N01342998EA001400016200210
B1241404556859N01342999EA001400016200209
B1241414556865N01343000EA001400016100209
B1241424556870N01343000EA001400016000209
B1241434556874N01342999EA001410016000209
B1241444556879N01342997EA001400016000209
B1241454556884N01342994EA001400016000209
B1241464556888N01342992EA001400016100209
B1241474556893N01342989EA001400016100209
B1241484556897N01342987EA001390016000209
B1241494556902N01342985EA001390015900209
B1241504556907N01342982EA001380015800209
B1241514556911N01342980EA001360015700209
B1241524556915N01342978EA001340015600209
B1241534556919N01342975EA001320015400209
B1241544556921N01342971EA001310015300209
B1241554556923N01342966EA001290015200209
B1241564556924N01342962EA001280015000209
B1241574556924N01342957EA001260014900209
B1241584556922N01342954EA001250014700209
B1241594556921N01342951EA001240014500209
B1242004556919N01342948EA001220014400209
B1242014556918N01342946EA001210014300209
B1242024556916N01342943EA001190014200209
B1242034556914N01342941EA001160014000209
B1242044556913N01342938EA001140013800209
B1242054556911N01342934EA001110013500209
B1242064556911N01342929EA001090013300209
B1242074556913N01342923EA001080013100209
B1242084556915N01342917EA001070012900209
B1242094556919N01342912EA001060012800209
B1242104556921N01342908EA001040012700209
B1242114556922N01342904EA001030012500209
B1242124556922N01342899EA001040012400209
B1242134556920N01342895EA001040012200209
B1242144556918N01342893EA001010012100209
B1242154556916N01342892EA000990011900209
B1242164556913N01342892EA000970011800209
B1242174556910N01342891EA000930011600209
B1242184556906N01342889EA000920011400209
B1242194556903N01342885EA000900011200209
B1242204556900N01342882EA000880011000209
B1242214556898N01342879EA000860010900209
B1242224556896N01342875EA000840010800209
B1242234556895N01342870EA000820010600209
B1242244556895N01342865EA000820010400209
B1242254556894N01342860EA000810010200209
B1242264556894N01342856EA000800010100209
B1242274556893N01342852EA000780009900209
B1242284556893N01342849EA000760009800209
B1242294556892N01342845EA000720009600209
B1242304556890N01342841EA000710009300209
B1242314556888N01342835EA000670009100209
B1242324556887N01342830EA000670008900209
B1242334556885N01342825EA000660008800209
B1242344556885N01342820EA000650008700209
B1242354556884N01342816EA000630008600209
B1242364556883N01342812EA000590008400209
B1242374556882N01342808EA000560008200209
B1242384556881N01342803EA000550008000209
B1242394556880N01342797EA000540007800209
B1242404556878N01342791EA000530007600209
B1242414556877N01342786EA000520007500209
B1242424556875N01342781EA000510007400209
B1242434556875N01342776EA000490007300209
B1242444556874N01342771EA000480007200209
B1242454556874N01342767EA000460007100209
B1242464556875N01342763EA000460007000209
B1242474556875N01342759EA000460006900209
B1242484556875N01342757EA000460006800209
B1242494556875N01342755EA000460006800209
B1242504556875N01342753EA000460006700209
B1242514556874N01342753EA000460006700209
B1242524556874N01342752EA000460006700209
B1242534556874N01342752EA000460006700209
B1242544556874N01342751EA000460006700209
B1242554556874N01342751EA000460006700209
B1242564556874N01342751EA000460006700209
B1242574556874N01342751EA000460006700209
B1242584556874N01342751EA000460006700209
B1242594556874N01342751EA000460006700209
B1243004556874N01342751EA000460006700209
B1243014556874N01342751EA000460006700209
B1243024556874N01342751EA000460006700209
B1243034556874N01342751EA000460006700209
B1243044556874N01342752EA000460006700209
B1243054556874N01342751EA000460006700209
B1243064556874N01342751EA000460006700209
B1243074556874N01342751EA000460006700209
B1243084556874N01342751EA000460006700209
B1243094556874N01342751EA000460006700209
B1243104556874N01342751EA000460006700209
GEF7E21FB859A8B5237474AB4E80ECE8C273526FAA79171C2992C4FAA7CA200E0
