AXSDUB52F5
HFDTE050824
HFPLTPILOTINCHARGE:
HFCM2CREW2:NIL
HFGTYGLIDERTYPE:NKN
HFGIDGLIDERID:NKN
HFCIDCOMPETITIONID:NKN
HFDTMGPSDATUM:WGS84
HFRFWFIRMWAREVERSION:2023-06-30:1fe35e9c
HFRHWHARDWAREVERSION:ULTRABIP 1.0
HFFTYFRTYPE:STODEUS,ULTRABIP
HFGPSRECEIVER:GOTOP,GT1110SN,22,18000
HFTZNTIMEZONE:2
HFPRSPRESSALTSENSOR:INFINEON,DPS310,7000
HFALGALTGPS:GEO
HFALPALTPRESSURE:ISA
LMMMGPSPERIOD1000MSEC
I023638FXA3940SIU
B1313464754585N00753383EA011240117900307
B1313474754585N00753383EA011240117900307
B1313484754585N00753383EA011240117900307
B1313494754585N00753383EA011240118000307
B1313504754585N00753383EA011240118000307
B1313514754585N00753383EA011240118000307
B1313524754585N00753383EA011240118000307
B1313534754585N00753382EA011230117900307
B1313544754586N00753381EA011220117800307
B1313554754587N00753379EA011220117700307
B1313564754587N00753378EA011220117700307
B1313574754587N00753375EA011230117700307
B1313584754588N00753372EA011210117500307
B1313594754589N00753367EA011190117400307
B1314004754591N00753363EA011170117200307
B1314014754593N00753358EA011170117000307
B1314024754595N00753351EA011150116800307
B1314034754597N00753344EA011150116600307
B1314044754599N00753337EA011140116400307
B1314054754601N00753329EA011120116300307
B1314064754603N00753322EA011110116300307
B1314074754605N00753316EA011100116200307
B1314084754607N00753310EA011100116100307
B1314094754609N00753303EA011100116000307
B1314104754610N00753296EA011070115900307
B1314114754612N00753288EA011090115900307
B1314124754613N00753281EA011090115900307
B1314134754615N00753274EA011120115800307
B1314144754617N00753267EA011140115800307
B1314154754619N00753261EA011140115800307
B1314164754621N00753256EA011120115800307
B1314174754622N00753251EA011110115900307
B1314184754623N00753247EA011110115800307
B1314194754625N00753244EA011100115700307
B1314204754625N00753239EA011090115700307
B1314214754626N00753235EA011080115700307
B1314224754626N00753231EA011070115600307
B1314234754626N00753227EA011040115400307
B1314244754627N00753223EA011030115200307
B1314254754629N00753219EA011030115000307
B1314264754632N00753216EA011030114900307
B1314274754635N00753213EA011040114900307
B1314284754637N00753210EA011040114800307
B1314294754640N00753208EA011040114800307
B1314304754643N00753207EA011030114700307
B1314314754646N00753206EA011010114700307
B1314324754649N00753206EA011010114600208
B1314334754652N00753206EA011020114600208
B1314344754656N00753205EA011020114500208
B1314354754658N00753204EA011000114500208
B1314364754661N00753202EA011000114600208
B1314374754662N00753200EA010990114600208
B1314384754664N00753197EA010980114600208
B1314394754666N00753194EA010970114600208
B1314404754668N00753193EA010960114600208
B1314414754671N00753191EA010960114600208
B1314424754674N00753191EA010970114600208
B1314434754677N00753191EA010960114700208
B1314444754680N00753191EA010970114700208
B1314454754684N00753193EA010970114700208
B1314464754687N00753195EA010960114700208
B1314474754690N00753198EA010940114600208
B1314484754692N00753200EA010940114400208
B1314494754695N00753202EA010910114300208
B1314504754698N00753201EA010890114200208
B1314514754700N00753197EA010880114000208
B1314524754701N00753192EA010890114000208
B1314534754702N00753187EA010870113900208
B1314544754704N00753183EA010850113800208
B1314554754707N00753180EA010840113600208
B1314564754709N00753177EA010820113500208
B1314574754712N00753172EA010810113400208
B1314584754714N00753168EA010810113200208
B1314594754716N00753163EA010810113200208
B1315004754718N00753160EA010810113100208
B1315014754721N00753159EA010800113100208
B1315024754724N00753158EA010790113100208
B1315034754726N00753157EA010790113000208
B1315044754729N00753155EA010780113000208
B1315054754732N00753154EA010770112900208
B1315064754735N00753153EA010760112800208
B1315074754738N00753155EA010720112700208
B1315084754741N00753157EA010730112700208
B1315094754745N00753159EA010710112700208
B1315104754748N00753162EA010710112700208
B1315114754750N00753165EA010700112600208
B1315124754753N00753168EA010690112500208
B1315134754756N00753169EA010680112300208
B1315144754759N00753170EA010670112100208
B1315154754763N00753171EA010650112000208
B1315164754767N00753174EA010640111900208
B1315174754770N00753178EA010630111800208
B1315184754772N00753183EA010610111600208
B1315194754775N00753187EA010600111500208
B1315204754778N00753192EA010590111400208
B1315214754781N00753195EA010580111200208
B1315224754784N00753199EA010570111100208
B1315234754787N00753203EA010570111100208
B1315244754791N00753206EA010570111000208
B1315254754794N00753209EA010560110900208
B1315264754797N00753212EA010560110800208
B1315274754800N00753216EA010540110800208
B1315284754802N00753221EA010530110700208
B1315294754805N00753225EA010500110500208
B1315304754807N00753229EA010480110300208
B1315314754809N00753232EA010460110100208
B1315324754814N00753234EA010440109900209
B1315334754818N00753234EA010430109800209
B1315344754822N00753235EA010410109700209
B1315354754826N00753234EA010400109700209
B1315364754828N00753233EA010380109500209
B1315374754830N00753232EA010370109200209
B1315384754833N00753230EA010340108900209
B1315394754837N00753229EA010320108700209
B1315404754842N00753229EA010310108500209
B1315414754846N00753229EA010300108500209
B1315424754850N00753230EA010300108400209
B1315434754854N00753230EA010280108300209
B1315444754858N00753229EA010260108100209
B1315454754862N00753227EA010260108000209
B1315464754866N00753226EA010250107900209
B1315474754870N00753225EA010230107800209
B1315484754875N00753224EA010210107600209
B1315494754879N00753223EA010210107400209
B1315504754883N00753221EA010210107300209
B1315514754888N00753218EA010200107100209
B1315524754892N00753217EA010220107100209
B1315534754896N00753216EA010220107100209
B1315544754899N00753215EA010230107200209
B1315554754902N00753216EA010220107300209
B1315564754905N00753216EA010220107300209
B1315574754908N00753216EA010190107200209
B1315584754911N00753217EA010180107100209
B1315594754915N00753218EA010180106900209
B1316004754919N00753219EA010180106900209
B1316014754923N00753221EA010180106900209
B1316024754926N00753223EA010180107000209
B1316034754930N00753226EA010180107000209
B1316044754933N00753228EA010160106900209
B1316054754936N00753229EA010160106800209
B1316064754940N00753230EA010150106700209
B1316074754943N00753229EA010130106600209
B1316084754946N00753229EA010140106500209
B1316094754949N00753228EA010120106400209
B1316104754952N00753228EA010120106300209
B1316114754954N00753226EA010100106200209
B1316124754956N00753224EA010090106000209
B1316134754957N00753220EA010070105900209
B1316144754956N00753215EA010070105800209
B1316154754954N00753210EA010060105700209
B1316164754951N00753206EA010060105600209
B1316174754947N00753202EA010050105600209
B1316184754943N00753199EA010030105500209
B1316194754938N00753197EA010020105400209
B1316204754933N00753193EA010000105200209
B1316214754930N00753189EA009980104900209
B1316224754927N00753183EA009970104600209
B1316234754926N00753177EA009960104400209
B1316244754927N00753172EA009940104300209
B1316254754929N00753169EA009930104200209
B1316264754931N00753167EA009900104100209
B1316274754933N00753166EA009880103900209
B1316284754936N00753165EA009860103600209
B1316294754939N00753163EA009850103400209
B1316304754943N00753161EA009820103200209
B1316314754947N00753158EA009840103000209
B1316324754951N00753156EA009840103000209
B1316334754953N00753154EA009830103000209
B1316344754956N00753151EA009820102900209
B1316354754958N00753149EA009810102800209
B1316364754961N00753147EA009820102800209
B1316374754964N00753145EA009820102700209
B1316384754968N00753145EA009810102700209
B1316394754971N00753146EA009810102800209
B1316404754975N00753148EA009830102800209
B1316414754979N00753150EA009830102800209
B1316424754983N00753152EA009840102900209
B1316434754986N00753153EA009840103000209
B1316444754990N00753155EA009830103000209
B1316454754993N00753157EA009830103000209
B1316464754997N00753157EA009820103000209
B1316474755000N00753157EA009810102900209
B1316484755004N00753155EA009820102800209
B1316494755008N00753154EA009810102800209
B1316504755011N00753152EA009790102800209
B1316514755013N00753149EA009770102800209
B1316524755015N00753146EA009750102700209
B1316534755017N00753144EA009740102600209
B1316544755019N00753141EA009730102400209
B1316554755021N00753137EA009740102400209
B1316564755023N00753134EA009750102300209
B1316574755025N00753132EA009750102400209
B1316584755027N00753131EA009770102400209
B1316594755029N00753130EA009770102400209
B1317004755033N00753129EA009770102400209
B1317014755036N00753128EA009780102400209
B1317024755039N00753128EA009780102500209
B1317034755043N00753129EA009790102700209
B1317044755046N00753130EA009800102800209
B1317054755049N00753131EA009820102900209
B1317064755051N00753132EA009820103000209
B1317074755053N00753134EA009820103000209
B1317084755056N00753135EA009810103000209
B1317094755058N00753137EA009800103000209
B1317104755060N00753139EA009770103000209
B1317114755062N00753140EA009750102900209
B1317124755064N00753140EA009730102800209
B1317134755066N00753138EA009700102600209
B1317144755067N00753134EA009690102500209
B1317154755069N00753130EA009670102300209
B1317164755070N00753127EA009660102200209
B1317174755072N00753123EA009630102000209
B1317184755074N00753120EA009620101700209
B1317194755075N00753116EA009610101400209
B1317204755077N00753112EA009590101100209
B1317214755079N00753107EA009590100900209
B1317224755081N00753103EA009580100800209
B1317234755083N00753100EA009570100700209
B1317244755085N00753096EA009560100600209
B1317254755088N00753093EA009560100500209
B1317264755091N00753089EA009550100500209
B1317274755094N00753084EA009550100500209
B1317284755096N00753079EA009560100500209
B1317294755099N00753074EA009570100500209
B1317304755101N00753070EA009570100500209
B1317314755104N00753065EA009570100600209
B1317324755106N00753061EA009560100600209
B1317334755108N00753057EA009550100500209
B1317344755111N00753053EA009530100400209
B1317354755113N00753050EA009520100200209
B1317364755116N00753046EA009490100100209
B1317374755119N00753044EA009470099900209
B1317384755122N00753041EA009450099700209
B1317394755125N00753038EA009430099500209
B1317404755128N00753034EA009410099200209
B1317414755130N00753030EA009380098900209
B1317424755133N00753026EA009360098600209
B1317434755136N00753022EA009320098400209
B1317444755138N00753019EA009300098100209
B1317454755140N00753014EA009270097800209
B1317464755142N00753009EA009250097500209
B1317474755144N00753003EA009250097300209
B1317484755147N00752998EA009240097200209
B1317494755150N00752993EA009250097200209
B1317504755152N00752989EA009250097200209
B1317514755153N00752985EA009250097200209
B1317524755155N00752983EA009240097100209
B1317534755156N00752980EA009240097100209
B1317544755158N00752977EA009250097100209
B1317554755159N00752973EA009250097200209
B1317564755160N00752969EA009260097200209
B1317574755161N00752964EA009270097200209
B1317584755161N00752959EA009280097300209
B1317594755160N00752953EA009270097400209
B1318004755158N00752947EA009250097300209
B1318014755155N00752942EA009210097200209
B1318024755152N00752935EA009180097200209
B1318034755149N00752929EA009190097000209
B1318044755149N00752922EA009150096900209
B1318054755151N00752917EA009130096800209
B1318064755155N00752914EA009110096700209
B1318074755158N00752912EA009090096500209
B1318084755161N00752909EA009050096200209
B1318094755163N00752906EA009020095700209
B1318104755166N00752902EA009000095300209
B1318114755169N00752898EA008960095100209
B1318124755173N00752897EA008940094800209
B1318134755177N00752897EA008920094500209
B1318144755180N00752896EA008890094100209
B1318154755184N00752893EA008880093800209
B1318164755188N00752890EA008870093700209
B1318174755191N00752887EA008880093700209
B1318184755196N00752885EA008870093700208
B1318194755199N00752884EA008880093800209
B1318204755202N00752883EA008880093800208
B1318214755205N00752881EA008880093700209
B1318224755208N00752878EA008880093600209
B1318234755211N00752876EA008880093600208
B1318244755215N00752874EA008880093600209
B1318254755218N00752872EA008870093600209
B1318264755221N00752871EA008850093500209
B1318274755225N00752869EA008850093400209
B1318284755229N00752865EA008870093300208
B1318294755232N00752861EA008870093300209
B1318304755236N00752858EA008870093300209
B1318314755239N00752855EA008870093400209
B1318324755241N00752854EA008860093400209
B1318334755243N00752852EA008830093300209
B1318344755245N00752849EA008820093000209
B1318354755248N00752846EA008800092800209
B1318364755251N00752842EA008820092700209
B1318374755254N00752839EA008810092700209
B1318384755258N00752836EA008800092700209
B1318394755262N00752834EA008800092700209
B1318404755265N00752831EA008800092600209
B1318414755269N00752828EA008790092500209
B1318424755272N00752825EA008820092500209
B1318434755276N00752821EA008800092500209
B1318444755279N00752818EA008800092600209
B1318454755282N00752815EA008790092500209
B1318464755285N00752812EA008780092400209
B1318474755288N00752808EA008760092300209
B1318484755292N00752804EA008760092200209
B1318494755295N00752799EA008750092200209
B1318504755298N00752795EA008740092100209
B1318514755300N00752790EA008730092000209
B1318524755303N00752787EA008710091900209
B1318534755305N00752783EA008680091700209
B1318544755308N00752779EA008690091500209
B1318554755311N00752774EA008690091300209
B1318564755315N00752770EA008710091300209
B1318574755319N00752767EA008710091300209
B1318584755322N00752765EA008710091400209
B1318594755326N00752764EA008700091400209
B1319004755329N00752763EA008700091400209
B1319014755333N00752762EA008680091300209
B1319024755336N00752762EA008650091100209
B1319034755340N00752761EA008640090900209
B1319044755345N00752760EA008630090700209
B1319054755349N00752757EA008620090600209
B1319064755353N00752753EA008620090500209
B1319074755355N00752749EA008610090400209
B1319084755357N00752744EA008610090300209
B1319094755359N00752738EA008600090200209
B1319104755360N00752732EA008580090100209
B1319114755360N00752725EA008590090000209
B1319124755361N00752718EA008590090000209
B1319134755360N00752711EA008590090100209
B1319144755360N00752704EA008590090200209
B1319154755360N00752698EA008610090300209
B1319164755359N00752693EA008620090400209
B1319174755359N00752688EA008630090400209
B1319184755358N00752682EA008630090500209
B1319194755357N00752675EA008640090600209
B1319204755356N00752669EA008650090700209
B1319214755355N00752663EA008650090800209
B1319224755354N00752656EA008670090900209
B1319234755353N00752650EA008670091000209
B1319244755352N00752643EA008670091000209
B1319254755353N00752637EA008680091000209
B1319264755354N00752631EA008680091000209
B1319274755356N00752626EA008680091100209
B1319284755359N00752623EA008690091200209
B1319294755362N00752622EA008680091200209
B1319304755365N00752621EA008670091200209
B1319314755369N00752621EA008660091200209
B1319324755372N00752623EA008670091200209
B1319334755375N00752626EA008670091200209
B1319344755378N00752627EA008680091200209
B1319354755380N00752626EA008660091200209
B1319364755383N00752622EA008670091200209
B1319374755383N00752616EA008660091200209
B1319384755383N00752608EA008670091200209
B1319394755382N00752602EA008670091300209
B1319404755381N00752595EA008690091400209
B1319414755379N00752588EA008700091300209
B1319424755378N00752580EA008700091300209
B1319434755378N00752572EA008720091400209
B1319444755378N00752564EA008750091500209
B1319454755380N00752557EA008770091700209
B1319464755382N00752552EA008770091700209
B1319474755387N00752549EA008780091700209
B1319484755392N00752547EA008790091800209
B1319494755397N00752548EA008800092000209
B1319504755402N00752552EA008800092000209
B1319514755406N00752559EA008790092000209
B1319524755407N00752568EA008800092100209
B1319534755407N00752579EA008840092200209
B1319544755405N00752589EA008840092400209
B1319554755403N00752597EA008830092500209
B1319564755400N00752604EA008810092600209
B1319574755396N00752611EA008780092500209
B1319584755390N00752617EA008770092500209
B1319594755384N00752622EA008760092500209
B1320004755376N00752626EA008760092400209
B1320014755368N00752626EA008770092400209
B1320024755360N00752624EA008780092400209
B1320034755354N00752619EA008780092500209
B1320044755349N00752615EA008790092600209
B1320054755344N00752610EA008780092700209
B1320064755340N00752605EA008770092600209
B1320074755336N00752598EA008780092500209
B1320084755335N00752590EA008810092400209
B1320094755335N00752582EA008830092400209
B1320104755337N00752577EA008860092500209
B1320114755339N00752572EA008860092700209
B1320124755341N00752569EA008870092900209
B1320134755344N00752565EA008880092900209
B1320144755347N00752562EA008890092800209
B1320154755351N00752559EA008880092800209
B1320164755356N00752557EA008890092800209
B1320174755361N00752557EA008910092900209
B1320184755367N00752560EA008920093000209
B1320194755371N00752564EA008940093200209
B1320204755375N00752568EA008960093400209
B1320214755379N00752574EA008980093500209
B1320224755383N00752582EA009000093500209
B1320234755385N00752590EA009020093700209
B1320244755386N00752599EA009030093800209
B1320254755385N00752607EA009040093900209
B1320264755381N00752613EA009060094000209
B1320274755377N00752618EA009050094100209
B1320284755371N00752623EA009060094200209
B1320294755366N00752627EA009040094300209
B1320304755359N00752631EA009050094400209
B1320314755353N00752633EA009040094400209
B1320324755345N00752634EA009040094400209
B1320334755338N00752631EA009030094500209
B1320344755332N00752626EA009040094500209
B1320354755328N00752619EA009040094600209
B1320364755326N00752612EA009040094700209
B1320374755324N00752606EA009040094700209
B1320384755325N00752599EA009060094800209
B1320394755326N00752592EA009080094900209
B1320404755329N00752586EA009100095000209
B1320414755332N00752581EA009130095300209
B1320424755335N00752577EA009160095600209
B1320434755339N00752574EA009160095800209
B1320444755341N00752572EA009160095900209
B1320454755344N00752570EA009160096000209
B1320464755347N00752570EA009170095900209
B1320474755352N00752571EA009150095800209
B1320484755357N00752574EA009160095800209
B1320494755361N00752580EA009170095900209
B1320504755365N00752587EA009210096000209
B1320514755369N00752595EA009220096200209
B1320524755371N00752603EA009230096400209
B1320534755371N00752611EA009250096500209
B1320544755370N00752619EA009240096600209
B1320554755366N00752625EA009250096800209
B1320564755361N00752630EA009270096900209
B1320574755356N00752634EA009270097100209
B1320584755350N00752635EA009270097100209
B1320594755344N00752635EA009270097200209
B1321004755338N00752631EA009280097200209
B1321014755334N00752626EA009290097300209
B1321024755331N00752619EA009310097400209
B1321034755331N00752613EA009320097500209
B1321044755331N00752606EA009330097600209
B1321054755332N00752600EA009370097700209
B1321064755333N00752594EA009380097900209
B1321074755335N00752589EA009390098200209
B1321084755337N00752587EA009410098400209
B1321094755340N00752587EA009410098500209
B1321104755343N00752587EA009410098500209
B1321114755347N00752587EA009420098600209
B1321124755352N00752587EA009440098600209
B1321134755357N00752589EA009470098700209
B1321144755362N00752593EA009470098800209
B1321154755366N00752599EA009500098900209
B1321164755369N00752607EA009520099100209
B1321174755370N00752615EA009520099300209
B1321184755371N00752623EA009530099500209
B1321194755370N00752632EA009520099500209
B1321204755369N00752641EA009520099600209
B1321214755367N00752650EA009530099600209
B1321224755363N00752659EA009540099700209
B1321234755357N00752667EA009540099800209
B1321244755351N00752672EA009550099800209
B1321254755344N00752675EA009560100000209
B1321264755337N00752677EA009570100100209
B1321274755330N00752677EA009560100200209
B1321284755324N00752675EA009570100100209
B1321294755317N00752671EA009580100100209
B1321304755312N00752664EA009590100100209
B1321314755309N00752657EA009600100300209
B1321324755308N00752650EA009600100500209
B1321334755307N00752643EA009620100600209
B1321344755308N00752637EA009630100800209
B1321354755309N00752631EA009640100900209
B1321364755311N00752625EA009640100900209
B1321374755315N00752621EA009660101000209
B1321384755320N00752618EA009700101100209
B1321394755325N00752619EA009730101200209
B1321404755330N00752622EA009750101400209
B1321414755333N00752628EA009770101600209
B1321424755334N00752634EA009800101900209
B1321434755334N00752640EA009800102100209
B1321444755335N00752648EA009810102200209
B1321454755335N00752657EA009840102400209
B1321464755333N00752666EA009850102600209
B1321474755329N00752674EA009870102700209
B1321484755323N00752680EA009880102900209
B1321494755317N00752684EA009890103100209
B1321504755311N00752687EA009900103300209
B1321514755305N00752689EA009900103400209
B1321524755298N00752689EA009900103300209
B1321534755290N00752687EA009890103300209
B1321544755283N00752683EA009900103300209
B1321554755277N00752677EA009900103400209
B1321564755273N00752669EA009910103400209
B1321574755272N00752662EA009920103500209
B1321584755271N00752654EA009920103700209
B1321594755272N00752647EA009920103800209
B1322004755274N00752640EA009930103900209
B1322014755277N00752635EA009940104000209
B1322024755280N00752630EA009960104100209
B1322034755285N00752628EA009970104200209
B1322044755290N00752626EA009990104400209
B1322054755294N00752626EA009990104500209
B1322064755298N00752627EA010000104600209
B1322074755302N00752630EA010010104700209
B1322084755305N00752634EA010020104800209
B1322094755307N00752640EA010010104900209
B1322104755309N00752647EA010020104900209
B1322114755308N00752656EA010020104900209
B1322124755307N00752666EA010020104900209
B1322134755304N00752675EA010030105000209
B1322144755299N00752685EA010050105000209
B1322154755293N00752692EA010060105100209
B1322164755286N00752697EA010070105200209
B1322174755280N00752700EA010080105300209
B1322184755273N00752702EA010100105400209
B1322194755266N00752703EA010090105500209
B1322204755259N00752701EA010100105600209
B1322214755252N00752698EA010120105700209
B1322224755246N00752692EA010130105800209
B1322234755241N00752686EA010140105900209
B1322244755237N00752678EA010130106100209
B1322254755234N00752671EA010130106100209
B1322264755232N00752663EA010130106100209
B1322274755231N00752656EA010130106000209
B1322284755231N00752648EA010130106000209
B1322294755233N00752641EA010120106000209
B1322304755237N00752636EA010140106000209
B1322314755241N00752632EA010160106100209
B1322324755244N00752628EA010160106300209
B1322334755247N00752626EA010170106500209
B1322344755251N00752625EA010180106500209
B1322354755254N00752626EA010190106600209
B1322364755258N00752629EA010200106600209
B1322374755261N00752634EA010200106600209
B1322384755263N00752643EA010210106700209
B1322394755263N00752652EA010210106800209
B1322404755261N00752662EA010230106900209
B1322414755258N00752672EA010260107000209
B1322424755255N00752681EA010280107200209
B1322434755249N00752688EA010290107300209
B1322444755243N00752692EA010280107400209
B1322454755236N00752693EA010290107500209
B1322464755229N00752692EA010300107600209
B1322474755222N00752690EA010300107600209
B1322484755216N00752685EA010310107700209
B1322494755211N00752680EA010310107700209
B1322504755206N00752673EA010300107700209
B1322514755203N00752666EA010300107600209
B1322524755201N00752658EA010290107600209
B1322534755200N00752650EA010300107600209
B1322544755200N00752643EA010300107600209
B1322554755202N00752636EA010310107700209
B1322564755204N00752632EA010310107700209
B1322574755208N00752629EA010330107800209
B1322584755212N00752629EA010330107900209
B1322594755216N00752629EA010330108000209
B1323004755220N00752630EA010340108000209
B1323014755225N00752630EA010360108100209
B1323024755230N00752631EA010380108200209
B1323034755235N00752634EA010390108300209
B1323044755239N00752638EA010390108500209
B1323054755243N00752642EA010400108700209
B1323064755246N00752644EA010410108800209
B1323074755250N00752645EA010410108800209
B1323084755254N00752645EA010410108800209
B1323094755257N00752645EA010420108900209
B1323104755260N00752645EA010410109000209
B1323114755263N00752641EA010400109000209
B1323124755264N00752636EA010400109000209
B1323134755263N00752630EA010390109000209
B1323144755261N00752624EA010390109100209
B1323154755256N00752620EA010390109100209
B1323164755250N00752618EA010380109100209
B1323174755243N00752616EA010380109000208
B1323184755236N00752616EA010390109000208
B1323194755229N00752617EA010390109000208
B1323204755222N00752621EA010380109000208
B1323214755216N00752627EA010370109000208
B1323224755212N00752635EA010400109000208
B1323234755208N00752644EA010410109100208
B1323244755206N00752653EA010420109200208
B1323254755206N00752662EA010430109200208
B1323264755206N00752670EA010430109300209
B1323274755208N00752678EA010430109400209
B1323284755211N00752684EA010440109400209
B1323294755214N00752689EA010430109400209
B1323304755217N00752691EA010440109300209
B1323314755221N00752691EA010430109300209
B1323324755223N00752689EA010430109300209
B1323334755226N00752686EA010430109400209
B1323344755228N00752683EA010430109500209
B1323354755229N00752680EA010430109500209
B1323364755231N00752676EA010440109500209
B1323374755232N00752672EA010470109600209
B1323384755232N00752667EA010480109600209
B1323394755231N00752661EA010480109600209
B1323404755228N00752657EA010480109700209
B1323414755224N00752654EA010480109700209
B1323424755219N00752651EA010480109700209
B1323434755214N00752648EA010480109700209
B1323444755208N00752646EA010480109600209
B1323454755201N00752646EA010460109600209
B1323464755194N00752651EA010450109500209
B1323474755188N00752659EA010450109400209
B1323484755183N00752668EA010450109400209
B1323494755181N00752678EA010440109300209
B1323504755180N00752687EA010440109300209
B1323514755181N00752695EA010430109300209
B1323524755182N00752703EA010420109200209
B1323534755185N00752709EA010420109100209
B1323544755189N00752712EA010410109100209
B1323554755193N00752712EA010420109100209
B1323564755197N00752710EA010440109100209
B1323574755200N00752708EA010460109200209
B1323584755203N00752706EA010480109300209
B1323594755206N00752705EA010490109500209
B1324004755208N00752704EA010490109600209
B1324014755211N00752704EA010500109600209
B1324024755214N00752706EA010510109700209
B1324034755218N00752708EA010500109800209
B1324044755221N00752710EA010510109900209
B1324054755224N00752712EA010530110100209
B1324064755226N00752711EA010530110200209
B1324074755229N00752709EA010540110200209
B1324084755231N00752706EA010540110300209
B1324094755233N00752701EA010550110300209
B1324104755233N00752695EA010550110400209
B1324114755231N00752689EA010570110400209
B1324124755228N00752684EA010580110600209
B1324134755223N00752680EA010580110800209
B1324144755218N00752678EA010570110900209
B1324154755213N00752678EA010560110900209
B1324164755206N00752679EA010550110900209
B1324174755198N00752682EA010570110900209
B1324184755191N00752686EA010560110800209
B1324194755185N00752692EA010540110900209
B1324204755180N00752700EA010540110800209
B1324214755177N00752709EA010530110800209
B1324224755175N00752719EA010540110800209
B1324234755175N00752728EA010560110800209
B1324244755176N00752736EA010560110800209
B1324254755179N00752741EA010560110700209
B1324264755183N00752744EA010570110700209
B1324274755187N00752743EA010570110800209
B1324284755190N00752742EA010590111000209
B1324294755193N00752740EA010600111200209
B1324304755196N00752738EA010610111200209
B1324314755199N00752736EA010610111300209
B1324324755201N00752734EA010620111300209
B1324334755204N00752733EA010630111300209
B1324344755208N00752733EA010630111400209
B1324354755211N00752734EA010610111300209
B1324364755215N00752736EA010620111300209
B1324374755218N00752739EA010640111300209
B1324384755221N00752740EA010640111300209
B1324394755224N00752738EA010630111200209
B1324404755226N00752734EA010620111200209
B1324414755227N00752729EA010620111300209
B1324424755227N00752723EA010620111300209
B1324434755226N00752717EA010610111300209
B1324444755223N00752712EA010590111200209
B1324454755219N00752707EA010590111100209
B1324464755214N00752702EA010580110900209
B1324474755208N00752699EA010570110800209
B1324484755201N00752697EA010550110700209
B1324494755195N00752697EA010540110500209
B1324504755188N00752699EA010510110400209
B1324514755182N00752701EA010500110300209
B1324524755175N00752705EA010500110100209
B1324534755168N00752710EA010480109900209
B1324544755163N00752717EA010470109700209
B1324554755158N00752727EA010460109700209
B1324564755156N00752736EA010460109500209
B1324574755155N00752746EA010480109400209
B1324584755155N00752754EA010480109400209
B1324594755156N00752761EA010480109500209
B1325004755157N00752767EA010470109500209
B1325014755160N00752771EA010460109400209
B1325024755162N00752775EA010460109300210
B1325034755165N00752778EA010460109300210
B1325044755168N00752781EA010450109300210
B1325054755171N00752784EA010450109300210
B1325064755174N00752786EA010440109200210
B1325074755177N00752787EA010430109000210
B1325084755181N00752787EA010440108900210
B1325094755185N00752788EA010440108900210
B1325104755189N00752789EA010450109000210
B1325114755192N00752791EA010460109100210
B1325124755195N00752792EA010460109100210
B1325134755197N00752794EA010460109200210
B1325144755200N00752796EA010450109100210
B1325154755203N00752799EA010460109100210
B1325164755206N00752801EA010460109100210
B1325174755209N00752803EA010450109200210
B1325184755212N00752804EA010450109200210
B1325194755215N00752805EA010440109100210
B1325204755218N00752805EA010430109000210
B1325214755221N00752805EA010430109000209
B1325224755224N00752805EA010420109000209
B1325234755227N00752805EA010430109000210
B1325244755230N00752806EA010430109000210
B1325254755232N00752806EA010420109000210
B1325264755235N00752806EA010400108900210
B1325274755237N00752804EA010390108700209
B1325284755240N00752801EA010370108600210
B1325294755242N00752797EA010380108500210
B1325304755245N00752794EA010370108500210
B1325314755248N00752792EA010360108400209
B1325324755251N00752792EA010350108400210
B1325334755254N00752794EA010330108300210
B1325344755258N00752795EA010310108100210
B1325354755262N00752797EA010320108000210
B1325364755265N00752801EA010310107900210
B1325374755269N00752806EA010310107900210
B1325384755272N00752812EA010310107900210
B1325394755276N00752818EA010320108000210
B1325404755279N00752824EA010330108100210
B1325414755281N00752830EA010320108100210
B1325424755283N00752837EA010330108100210
B1325434755285N00752844EA010320108000210
B1325444755288N00752851EA010320108000210
B1325454755290N00752858EA010330108100210
B1325464755293N00752863EA010320108100210
B1325474755295N00752867EA010310108100210
B1325484755298N00752872EA010310108000210
B1325494755301N00752876EA010300107900210
B1325504755304N00752882EA010290107800210
B1325514755306N00752888EA010290107800210
B1325524755309N00752894EA010290107700210
B1325534755312N00752900EA010290107700210
B1325544755314N00752904EA010280107700210
B1325554755316N00752909EA010270107700210
B1325564755318N00752914EA010270107600210
B1325574755319N00752919EA010260107500210
B1325584755320N00752926EA010250107300210
B1325594755321N00752932EA010240107200210
B1326004755322N00752938EA010230107200210
B1326014755324N00752944EA010220107100210
B1326024755326N00752949EA010200107000210
B1326034755327N00752953EA010190106800210
B1326044755330N00752957EA010170106600210
B1326054755333N00752960EA010150106400210
B1326064755336N00752960EA010120106200209
B1326074755340N00752958EA010120106100209
B1326084755342N00752953EA010110105900210
B1326094755344N00752948EA010100105800210
B1326104755345N00752942EA010100105700210
B1326114755346N00752936EA010090105700210
B1326124755347N00752930EA010100105600210
B1326134755349N00752925EA010090105500210
B1326144755351N00752919EA010090105500210
B1326154755354N00752915EA010110105500210
B1326164755357N00752913EA010130105600210
B1326174755361N00752912EA010130105700210
B1326184755364N00752912EA010140105900210
B1326194755367N00752914EA010150106000210
B1326204755370N00752915EA010160106100210
B1326214755372N00752918EA010160106100210
B1326224755376N00752922EA010150106100210
B1326234755378N00752927EA010150106100210
B1326244755381N00752932EA010150106200210
B1326254755383N00752937EA010160106200210
B1326264755385N00752942EA010160106100210
B1326274755387N00752946EA010170106200210
B1326284755390N00752952EA010170106300210
B1326294755391N00752958EA010160106300210
B1326304755392N00752963EA010150106300210
B1326314755393N00752969EA010120106200210
B1326324755395N00752975EA010100106000210
B1326334755397N00752980EA010080105800210
B1326344755400N00752985EA010060105600210
B1326354755403N00752987EA010030105400210
B1326364755406N00752987EA010020105400209
B1326374755409N00752985EA009990105300209
B1326384755410N00752981EA009980105200210
B1326394755412N00752976EA009970105100210
B1326404755412N00752970EA009960104900210
B1326414755412N00752964EA009930104800210
B1326424755409N00752957EA009920104500210
B1326434755405N00752950EA009900104300210
B1326444755400N00752945EA009900104300210
B1326454755395N00752941EA009910104300210
B1326464755391N00752936EA009910104200210
B1326474755387N00752929EA009900104200210
B1326484755385N00752921EA009920104100210
B1326494755384N00752914EA009930104100210
B1326504755384N00752907EA009940104100210
B1326514755386N00752902EA009940104100210
B1326524755387N00752897EA009940104100210
B1326534755390N00752895EA009930104000210
B1326544755393N00752893EA009920104000210
B1326554755397N00752893EA009910103900210
B1326564755402N00752896EA009910103900210
B1326574755406N00752901EA009920103900210
B1326584755408N00752908EA009930103900210
B1326594755410N00752915EA009920103900210
B1327004755412N00752923EA009910103900210
B1327014755413N00752930EA009900103800210
B1327024755415N00752937EA009910103700210
B1327034755417N00752943EA009890103600210
B1327044755419N00752949EA009880103500210
B1327054755422N00752955EA009860103400210
B1327064755425N00752961EA009860103300210
B1327074755428N00752966EA009840103200210
B1327084755431N00752971EA009830103100210
B1327094755433N00752976EA009810103000210
B1327104755436N00752982EA009810102800210
B1327114755438N00752988EA009800102600210
B1327124755441N00752995EA009780102500210
B1327134755444N00753002EA009770102400210
B1327144755446N00753009EA009760102300210
B1327154755448N00753016EA009770102300210
B1327164755451N00753023EA009790102300210
B1327174755454N00753030EA009790102400210
B1327184755456N00753037EA009800102500210
B1327194755457N00753044EA009810102600210
B1327204755458N00753051EA009810102700210
B1327214755458N00753059EA009820102700210
B1327224755458N00753066EA009830102700210
B1327234755458N00753073EA009820102800210
B1327244755460N00753080EA009810102700210
B1327254755462N00753086EA009820102700210
B1327264755466N00753090EA009820102600210
B1327274755470N00753091EA009830102600210
B1327284755474N00753090EA009850102600210
B1327294755477N00753086EA009840102600210
B1327304755477N00753083EA009850102700210
B1327314755476N00753077EA009840102700210
B1327324755474N00753072EA009840102700210
B1327334755471N00753067EA009820102700210
B1327344755467N00753062EA009830102700210
B1327354755463N00753058EA009810102600210
B1327364755458N00753054EA009820102600210
B1327374755454N00753048EA009820102600210
B1327384755452N00753041EA009820102500210
B1327394755451N00753034EA009830102600210
B1327404755452N00753027EA009840102700210
B1327414755453N00753021EA009860102700210
B1327424755456N00753017EA009860102700210
B1327434755460N00753017EA009870102700210
B1327444755465N00753020EA009870102800210
B1327454755469N00753025EA009880102900210
B1327464755473N00753030EA009890103000210
B1327474755475N00753036EA009900103200210
B1327484755478N00753042EA009900103200210
B1327494755480N00753050EA009910103300210
B1327504755482N00753058EA009930103400210
B1327514755482N00753067EA009920103500210
B1327524755482N00753076EA009930103600210
B1327534755483N00753085EA009940103600210
B1327544755484N00753094EA009950103700210
B1327554755486N00753102EA009950103700210
B1327564755489N00753109EA009940103800210
B1327574755492N00753113EA009940103800210
B1327584755496N00753114EA009930103800210
B1327594755498N00753112EA009930103900210
B1328004755499N00753109EA009930103900210
B1328014755499N00753104EA009930103900210
B1328024755497N00753097EA009940104000210
B1328034755493N00753091EA009940104000210
B1328044755489N00753087EA009940104000210
B1328054755483N00753083EA009940104000210
B1328064755477N00753080EA009940104100210
B1328074755471N00753078EA009940104100210
B1328084755464N00753077EA009940104000210
B1328094755458N00753075EA009950104000210
B1328104755451N00753072EA009950104000210
B1328114755445N00753070EA009960104200210
B1328124755439N00753068EA009980104400210
B1328134755433N00753067EA009990104500210
B1328144755428N00753064EA010010104600210
B1328154755424N00753060EA010010104600210
B1328164755420N00753056EA010040104800210
B1328174755415N00753053EA010020105000210
B1328184755411N00753051EA010040105100210
B1328194755406N00753050EA010050105100210
B1328204755402N00753048EA010030105100210
B1328214755397N00753044EA010040105000210
B1328224755393N00753039EA010050105100210
B1328234755387N00753035EA010070105200210
B1328244755383N00753032EA010080105500210
B1328254755378N00753030EA010100105600210
B1328264755374N00753026EA010090105600210
B1328274755371N00753021EA010100105600210
B1328284755367N00753017EA010090105600210
B1328294755362N00753012EA010100105600210
B1328304755358N00753008EA010100105700210
B1328314755353N00753004EA010100105800210
B1328324755349N00753000EA010110105800210
B1328334755345N00752997EA010120105800210
B1328344755340N00752994EA010110105800210
B1328354755335N00752993EA010100105800210
B1328364755329N00752994EA010090105700210
B1328374755324N00752994EA010080105700210
B1328384755319N00752994EA010080105700210
B1328394755314N00752994EA010090105600210
B1328404755308N00752993EA010070105500210
B1328414755302N00752992EA010080105500210
B1328424755296N00752990EA010080105500210
B1328434755292N00752988EA010090105600210
B1328444755287N00752985EA010090105700210
B1328454755282N00752984EA010090105700210
B1328464755277N00752984EA010090105700210
B1328474755272N00752986EA010080105600210
B1328484755266N00752989EA010080105600210
B1328494755260N00752992EA010080105600210
B1328504755254N00752993EA010090105600210
B1328514755248N00752993EA010090105500210
B1328524755242N00752990EA010090105500210
B1328534755237N00752985EA010100105500210
B1328544755234N00752978EA010130105500210
B1328554755232N00752971EA010150105600210
B1328564755232N00752965EA010160105600210
B1328574755233N00752961EA010180105700210
B1328584755237N00752960EA010160105700210
B1328594755241N00752961EA010160105700210
B1329004755245N00752964EA010170105800210
B1329014755249N00752968EA010180105900210
B1329024755253N00752975EA010190106100210
B1329034755255N00752983EA010200106200210
B1329044755256N00752993EA010210106300210
B1329054755256N00753004EA010240106500210
B1329064755254N00753013EA010260106700210
B1329074755252N00753022EA010270106900210
B1329084755249N00753030EA010270106900210
B1329094755245N00753038EA010260107000210
B1329104755241N00753046EA010270107100210
B1329114755237N00753052EA010280107200210
B1329124755232N00753058EA010270107200210
B1329134755227N00753061EA010280107200210
B1329144755221N00753063EA010270107200210
B1329154755214N00753063EA010270107300210
B1329164755208N00753061EA010280107400209
B1329174755204N00753057EA010300107400209
B1329184755201N00753052EA010300107500209
B1329194755200N00753046EA010320107600209
B1329204755200N00753041EA010330107700210
B1329214755201N00753037EA010340107800210
B1329224755203N00753034EA010360107900210
B1329234755206N00753032EA010360108000210
B1329244755209N00753032EA010350108100210
B1329254755213N00753034EA010350108200210
B1329264755217N00753038EA010360108200210
B1329274755221N00753046EA010370108300210
B1329284755224N00753055EA010380108300210
B1329294755225N00753065EA010390108500210
B1329304755224N00753075EA010390108600210
B1329314755222N00753085EA010400108800210
B1329324755219N00753094EA010410109000210
B1329334755214N00753102EA010410109000210
B1329344755209N00753109EA010410109000210
B1329354755203N00753113EA010400109000210
B1329364755197N00753115EA010420109100210
B1329374755191N00753114EA010410109100210
B1329384755186N00753111EA010420109200210
B1329394755183N00753106EA010420109200210
B1329404755181N00753101EA010420109200210
B1329414755181N00753096EA010430109300210
B1329424755182N00753091EA010440109300210
B1329434755184N00753087EA010440109300210
B1329444755186N00753083EA010450109400210
B1329454755188N00753079EA010450109400210
B1329464755190N00753074EA010450109500210
B1329474755192N00753070EA010450109500210
B1329484755194N00753067EA010450109400210
B1329494755196N00753065EA010450109400210
B1329504755199N00753063EA010460109400210
B1329514755201N00753059EA010470109400210
B1329524755202N00753055EA010470109500210
B1329534755200N00753050EA010460109500209
B1329544755197N00753045EA010480109600209
B1329554755193N00753040EA010480109700209
B1329564755189N00753036EA010490109800209
B1329574755185N00753033EA010480109900209
B1329584755179N00753033EA010460109900209
B1329594755172N00753035EA010460109900209
B1330004755165N00753038EA010450109900209
B1330014755159N00753043EA010460109900209
B1330024755153N00753050EA010490109900209
B1330034755148N00753058EA010470109800209
B1330044755143N00753068EA010480109900209
B1330054755140N00753077EA010500110000209
B1330064755137N00753085EA010520110100209
B1330074755134N00753093EA010520110200209
B1330084755130N00753101EA010530110200209
B1330094755126N00753108EA010530110200209
B1330104755120N00753112EA010540110300209
B1330114755114N00753113EA010560110300209
B1330124755109N00753111EA010540110300209
B1330134755104N00753109EA010540110400209
B1330144755100N00753106EA010550110500209
B1330154755096N00753103EA010540110500210
B1330164755093N00753098EA010530110500210
B1330174755092N00753093EA010510110300210
B1330184755092N00753088EA010520110200210
B1330194755094N00753084EA010520110200210
B1330204755097N00753082EA010510110200210
B1330214755100N00753082EA010510110200210
B1330224755104N00753083EA010500110200210
B1330234755108N00753087EA010510110200210
B1330244755112N00753092EA010510110300210
B1330254755115N00753098EA010510110300210
B1330264755117N00753106EA010510110300210
B1330274755118N00753116EA010520110300210
B1330284755119N00753125EA010510110400210
B1330294755119N00753134EA010510110400210
B1330304755118N00753143EA010510110300210
B1330314755115N00753152EA010500110200210
B1330324755111N00753159EA010490110200209
B1330334755105N00753163EA010480110100210
B1330344755099N00753164EA010480110000210
B1330354755093N00753162EA010500110000209
B1330364755088N00753159EA010500110000209
B1330374755084N00753155EA010480110000209
B1330384755081N00753151EA010480110100210
B1330394755078N00753147EA010460110000210
B1330404755076N00753142EA010470109800210
B1330414755076N00753137EA010450109700210
B1330424755077N00753132EA010440109600210
B1330434755079N00753129EA010440109500210
B1330444755083N00753126EA010430109500210
B1330454755086N00753124EA010420109400210
B1330464755090N00753123EA010430109300210
B1330474755094N00753121EA010440109300210
B1330484755098N00753121EA010450109300210
B1330494755103N00753122EA010450109400210
B1330504755107N00753124EA010450109400210
B1330514755111N00753127EA010460109500210
B1330524755115N00753130EA010480109500210
B1330534755119N00753133EA010470109600210
B1330544755123N00753135EA010470109600210
B1330554755126N00753138EA010470109600210
B1330564755128N00753141EA010470109600210
B1330574755132N00753144EA010460109600210
B1330584755135N00753147EA010450109400210
B1330594755139N00753148EA010430109400210
B1331004755143N00753148EA010440109300210
B1331014755146N00753147EA010450109300210
B1331024755149N00753146EA010460109400210
B1331034755150N00753144EA010470109500210
B1331044755150N00753141EA010470109600210
B1331054755148N00753137EA010470109600210
B1331064755145N00753134EA010470109700210
B1331074755141N00753131EA010470109700210
B1331084755136N00753128EA010470109600210
B1331094755131N00753126EA010460109600210
B1331104755126N00753124EA010450109600210
B1331114755122N00753120EA010450109400210
B1331124755120N00753115EA010430109300210
B1331134755118N00753109EA010440109200210
B1331144755119N00753102EA010430109200210
B1331154755121N00753097EA010420109200210
B1331164755122N00753094EA010410109100210
B1331174755125N00753094EA010390109100210
B1331184755127N00753094EA010370108900210
B1331194755131N00753095EA010360108700210
B1331204755135N00753098EA010350108600210
B1331214755138N00753102EA010350108500210
B1331224755141N00753107EA010340108500210
B1331234755144N00753112EA010330108400210
B1331244755147N00753118EA010310108300210
B1331254755150N00753122EA010300108100210
B1331264755154N00753125EA010270107900210
B1331274755157N00753126EA010240107800209
B1331284755159N00753124EA010230107700210
B1331294755161N00753121EA010210107500210
B1331304755161N00753117EA010190107400210
B1331314755160N00753112EA010170107100209
B1331324755158N00753107EA010150106900209
B1331334755155N00753102EA010130106700209
B1331344755150N00753098EA010110106500209
B1331354755144N00753095EA010110106300209
B1331364755137N00753093EA010100106200209
B1331374755130N00753092EA010090106000209
B1331384755124N00753091EA010100106000209
B1331394755118N00753088EA010100105900209
B1331404755113N00753084EA010080105800209
B1331414755108N00753079EA010060105700209
B1331424755103N00753074EA010040105600209
B1331434755100N00753069EA010010105300209
B1331444755097N00753063EA009990105100209
B1331454755096N00753057EA009970104900209
B1331464755096N00753051EA009930104700209
B1331474755098N00753046EA009900104500209
B1331484755099N00753041EA009880104200209
B1331494755101N00753037EA009850103900209
B1331504755102N00753032EA009840103700209
B1331514755104N00753028EA009810103300209
B1331524755107N00753025EA009790103000209
B1331534755110N00753023EA009760102700209
B1331544755114N00753020EA009770102500209
B1331554755117N00753018EA009780102300209
B1331564755121N00753015EA009800102300209
B1331574755125N00753013EA009790102400209
B1331584755129N00753013EA009810102500209
B1331594755133N00753013EA009810102500209
B1332004755137N00753015EA009830102600209
B1332014755141N00753018EA009820102700209
B1332024755145N00753021EA009810102800209
B1332034755149N00753024EA009810102800209
B1332044755153N00753027EA009820102700209
B1332054755158N00753029EA009810102600209
B1332064755163N00753029EA009830102500209
B1332074755167N00753027EA009840102500209
B1332084755171N00753025EA009830102500209
B1332094755173N00753024EA009830102600209
B1332104755175N00753023EA009830102600209
B1332114755177N00753022EA009810102600209
B1332124755179N00753019EA009800102400209
B1332134755181N00753016EA009780102200209
B1332144755184N00753012EA009780102100209
B1332154755188N00753008EA009790102000209
B1332164755192N00753006EA009800102100209
B1332174755196N00753005EA009800102100209
B1332184755200N00753004EA009800102200209
B1332194755204N00753005EA009810102300209
B1332204755208N00753005EA009810102300209
B1332214755213N00753005EA009820102400209
B1332224755217N00753005EA009830102500209
B1332234755221N00753004EA009830102600209
B1332244755225N00753004EA009850102800209
B1332254755228N00753003EA009870102900209
B1332264755231N00753001EA009880103100209
B1332274755233N00752998EA009890103200209
B1332284755234N00752995EA009880103300209
B1332294755234N00752991EA009900103300209
B1332304755234N00752986EA009880103400209
B1332314755233N00752980EA009890103400209
B1332324755232N00752975EA009900103500209
B1332334755231N00752970EA009920103600209
B1332344755230N00752964EA009930103700210
B1332354755229N00752959EA009940103800209
B1332364755230N00752954EA009940103800209
B1332374755232N00752950EA009960103900210
B1332384755234N00752947EA009980104100210
B1332394755236N00752946EA009980104200210
B1332404755240N00752947EA009990104400210
B1332414755242N00752949EA010000104500210
B1332424755245N00752952EA010000104500210
B1332434755248N00752956EA010010104500210
B1332444755251N00752962EA010020104600210
B1332454755254N00752969EA010040104800210
B1332464755256N00752978EA010060105000210
B1332474755256N00752987EA010090105300210
B1332484755256N00752995EA010100105600210
B1332494755255N00753003EA010110105800210
B1332504755253N00753011EA010110105900210
B1332514755251N00753020EA010130106000210
B1332524755246N00753028EA010140106100210
B1332534755242N00753036EA010150106200210
B1332544755236N00753041EA010150106300210
B1332554755230N00753046EA010160106500210
B1332564755225N00753049EA010170106500210
B1332574755219N00753051EA010170106600210
B1332584755213N00753051EA010180106600210
B1332594755208N00753051EA010190106600210
B1333004755203N00753048EA010190106700210
B1333014755200N00753043EA010190106700210
B1333024755198N00753036EA010200106800210
B1333034755197N00753030EA010210106900210
B1333044755199N00753023EA010230106900210
B1333054755201N00753018EA010230107000210
B1333064755203N00753015EA010240107200210
B1333074755206N00753014EA010250107300210
B1333084755210N00753014EA010250107400210
B1333094755214N00753016EA010260107400210
B1333104755218N00753019EA010280107600210
B1333114755221N00753025EA010290107700210
B1333124755224N00753032EA010300107800210
B1333134755225N00753041EA010320108000210
B1333144755226N00753050EA010350108200210
B1333154755226N00753058EA010370108400210
B1333164755225N00753066EA010360108600210
B1333174755223N00753074EA010360108800210
B1333184755219N00753082EA010350108900210
B1333194755215N00753090EA010380108900210
B1333204755211N00753100EA010410109000210
B1333214755207N00753108EA010430109100210
B1333224755203N00753114EA010420109200210
B1333234755197N00753116EA010410109300210
B1333244755191N00753115EA010410109300210
B1333254755185N00753111EA010440109300210
B1333264755180N00753104EA010460109300210
B1333274755177N00753098EA010470109500210
B1333284755176N00753091EA010480109700210
B1333294755175N00753086EA010480109900210
B1333304755174N00753081EA010500110100210
B1333314755173N00753075EA010510110100210
B1333324755174N00753069EA010520110200210
B1333334755176N00753063EA010520110200210
B1333344755178N00753059EA010520110300210
B1333354755182N00753057EA010520110400210
B1333364755186N00753056EA010550110500210
B1333374755189N00753056EA010550110500210
B1333384755193N00753058EA010570110600210
B1333394755197N00753061EA010580110800210
B1333404755200N00753066EA010600111000210
B1333414755201N00753072EA010610111100210
B1333424755203N00753079EA010610111200210
B1333434755203N00753087EA010610111200210
B1333444755202N00753095EA010600111200210
B1333454755199N00753104EA010610111200210
B1333464755195N00753113EA010620111300210
B1333474755190N00753120EA010630111400210
B1333484755186N00753125EA010650111600210
B1333494755180N00753129EA010650111700210
B1333504755175N00753133EA010650111700210
B1333514755168N00753134EA010670111800210
B1333524755162N00753133EA010690111800210
B1333534755156N00753130EA010710111900210
B1333544755151N00753124EA010720112000210
B1333554755148N00753118EA010730112100210
B1333564755146N00753112EA010750112300210
B1333574755145N00753106EA010760112400210
B1333584755145N00753099EA010760112500210
B1333594755146N00753095EA010760112500210
B1334004755149N00753092EA010770112600210
B1334014755152N00753091EA010770112700210
B1334024755156N00753093EA010790112800210
B1334034755160N00753095EA010790112900210
B1334044755162N00753098EA010800113100210
B1334054755164N00753101EA010800113200210
B1334064755167N00753105EA010800113200210
B1334074755169N00753111EA010780113200210
B1334084755170N00753119EA010790113200210
B1334094755170N00753128EA010800113300209
B1334104755169N00753137EA010800113300210
B1334114755166N00753145EA010800113400210
B1334124755161N00753152EA010810113500210
B1334134755156N00753157EA010830113600210
B1334144755150N00753162EA010850113800210
B1334154755145N00753165EA010880114000210
B1334164755139N00753165EA010880114100210
B1334174755133N00753164EA010890114100210
B1334184755128N00753160EA010910114200210
B1334194755124N00753155EA010920114300210
B1334204755121N00753149EA010930114500210
B1334214755120N00753143EA010940114600210
B1334224755120N00753137EA010950114700210
B1334234755121N00753133EA010960114800210
B1334244755122N00753129EA010950114900210
B1334254755124N00753128EA010940114900210
B1334264755126N00753127EA010950114800210
B1334274755129N00753127EA010950114900210
B1334284755133N00753129EA010940114900210
B1334294755136N00753133EA010940114900210
B1334304755139N00753138EA010940114900210
B1334314755141N00753144EA010950114900210
B1334324755142N00753152EA010950114900210
B1334334755142N00753162EA010960114800210
B1334344755142N00753173EA010960114900210
B1334354755140N00753184EA010990114900210
B1334364755138N00753193EA011010115000210
B1334374755134N00753201EA011030115100210
B1334384755128N00753206EA011030115200210
B1334394755122N00753208EA011060115300210
B1334404755116N00753209EA011060115300210
B1334414755110N00753207EA011070115400210
B1334424755104N00753203EA011080115400210
B1334434755100N00753198EA011100115500210
B1334444755095N00753192EA011110115700210
B1334454755092N00753186EA011120115900210
B1334464755090N00753180EA011110116000210
B1334474755089N00753175EA011090116000210
B1334484755089N00753170EA011070115900210
B1334494755091N00753165EA011070115800210
B1334504755094N00753163EA011070115800210
B1334514755098N00753162EA011080115900210
B1334524755102N00753165EA011080115900210
B1334534755105N00753168EA011080116000210
B1334544755108N00753173EA011080116100210
B1334554755111N00753178EA011060116100210
B1334564755114N00753184EA011070116000210
B1334574755116N00753191EA011070116000210
B1334584755118N00753200EA011080116000210
B1334594755119N00753210EA011090116000210
B1335004755118N00753220EA011110116100209
B1335014755116N00753230EA011120116200210
B1335024755115N00753239EA011150116300210
B1335034755112N00753247EA011170116500210
B1335044755108N00753255EA011170116700210
B1335054755103N00753262EA011180116700210
B1335064755097N00753268EA011190116800210
B1335074755091N00753271EA011210116900210
B1335084755084N00753271EA011220116900210
B1335094755078N00753269EA011240117000210
B1335104755073N00753266EA011240117200210
B1335114755069N00753262EA011250117300210
B1335124755065N00753257EA011250117400210
B1335134755063N00753251EA011250117400210
B1335144755062N00753245EA011250117400210
B1335154755062N00753240EA011270117500210
B1335164755064N00753235EA011280117600210
B1335174755068N00753233EA011280117700210
B1335184755072N00753232EA011280117800210
B1335194755076N00753232EA011280117800210
B1335204755080N00753234EA011270117700210
B1335214755084N00753236EA011270117700210
B1335224755087N00753241EA011260117700210
B1335234755091N00753246EA011260117700210
B1335244755095N00753253EA011270117700210
B1335254755098N00753259EA011290117800210
B1335264755101N00753266EA011300117900210
B1335274755103N00753274EA011310118000210
B1335284755103N00753282EA011330118100210
B1335294755102N00753290EA011340118200210
B1335304755100N00753297EA011340118400209
B1335314755096N00753304EA011340118400209
B1335324755091N00753310EA011340118400210
B1335334755084N00753315EA011360118500210
B1335344755077N00753319EA011370118700210
B1335354755071N00753322EA011380118900210
B1335364755065N00753325EA011380119000210
B1335374755060N00753327EA011390119000210
B1335384755053N00753327EA011390119000210
B1335394755047N00753326EA011410119000210
B1335404755042N00753323EA011410119100210
B1335414755038N00753319EA011430119100210
B1335424755036N00753314EA011420119300210
B1335434755035N00753309EA011430119400210
B1335444755035N00753304EA011430119400210
B1335454755037N00753300EA011430119500210
B1335464755040N00753295EA011460119500210
B1335474755044N00753292EA011490119700210
B1335484755047N00753290EA011490119800210
B1335494755051N00753293EA011480119900210
B1335504755054N00753297EA011470120000210
B1335514755058N00753301EA011460120000210
B1335524755062N00753304EA011460119900210
B1335534755066N00753306EA011490119900210
B1335544755070N00753311EA011480119800210
B1335554755073N00753316EA011460119700210
B1335564755075N00753323EA011450119700210
B1335574755076N00753329EA011450119700210
B1335584755076N00753336EA011430119700210
B1335594755075N00753344EA011430119600209
B1336004755072N00753352EA011410119500210
B1336014755068N00753360EA011410119500210
B1336024755063N00753365EA011420119400210
B1336034755057N00753369EA011430119500210
B1336044755051N00753372EA011450119600210
B1336054755046N00753375EA011440119700210
B1336064755041N00753377EA011450119600210
B1336074755036N00753378EA011440119600210
B1336084755031N00753376EA011450119500210
B1336094755025N00753372EA011460119600210
B1336104755021N00753369EA011480119800210
B1336114755017N00753365EA011480120000210
B1336124755014N00753361EA011480120000210
B1336134755014N00753356EA011480120000210
B1336144755014N00753351EA011500120000210
B1336154755017N00753347EA011520120000210
B1336164755019N00753343EA011530120100210
B1336174755022N00753341EA011530120200210
B1336184755024N00753341EA011520120300210
B1336194755026N00753342EA011500120300210
B1336204755028N00753342EA011500120100210
B1336214755032N00753341EA011500120000210
B1336224755036N00753340EA011480119800210
B1336234755040N00753341EA011480119800210
B1336244755044N00753344EA011470119800210
B1336254755047N00753348EA011470119900210
B1336264755049N00753354EA011470119900210
B1336274755050N00753361EA011450119900209
B1336284755050N00753369EA011460119900209
B1336294755049N00753377EA011470119900210
B1336304755046N00753385EA011460120000210
B1336314755042N00753391EA011440119900210
B1336324755037N00753396EA011410119800210
B1336334755032N00753402EA011400119700210
B1336344755026N00753408EA011400119400210
B1336354755019N00753413EA011420119300210
B1336364755011N00753416EA011430119300210
B1336374755003N00753417EA011430119300210
B1336384754997N00753417EA011430119400210
B1336394754992N00753417EA011420119600210
B1336404754987N00753418EA011420119600210
B1336414754982N00753420EA011410119500210
B1336424754976N00753421EA011410119400210
B1336434754970N00753419EA011410119300210
B1336444754965N00753415EA011410119300210
B1336454754962N00753410EA011410119300210
B1336464754961N00753405EA011430119300210
B1336474754960N00753399EA011430119300210
B1336484754961N00753395EA011420119300210
B1336494754963N00753390EA011420119300210
B1336504754966N00753385EA011400119200210
B1336514754970N00753381EA011400119200210
B1336524754975N00753379EA011390119100210
B1336534754979N00753378EA011370119000210
B1336544754984N00753380EA011380119000210
B1336554754988N00753382EA011370118900210
B1336564754992N00753383EA011360118900210
B1336574754997N00753382EA011360118700210
B1336584755001N00753382EA011370118700210
B1336594755006N00753383EA011380118700210
B1337004755011N00753386EA011400118700210
B1337014755015N00753391EA011410119000210
B1337024755018N00753397EA011430119200210
B1337034755021N00753403EA011440119400210
B1337044755023N00753409EA011420119400210
B1337054755027N00753414EA011410119200210
B1337064755032N00753417EA011400119100210
B1337074755038N00753418EA011430119200210
B1337084755043N00753419EA011440119200210
B1337094755047N00753420EA011460119300210
B1337104755050N00753423EA011450119400210
B1337114755054N00753427EA011440119400210
B1337124755059N00753430EA011460119400210
B1337134755063N00753434EA011480119500210
B1337144755066N00753438EA011490119600210
B1337154755069N00753444EA011470119600210
B1337164755072N00753450EA011470119600210
B1337174755074N00753456EA011470119600210
B1337184755077N00753460EA011440119500210
B1337194755081N00753463EA011430119400210
B1337204755086N00753463EA011410119300210
B1337214755090N00753461EA011420119300210
B1337224755093N00753457EA011430119300210
B1337234755094N00753451EA011420119200210
B1337244755093N00753445EA011420119200210
B1337254755090N00753440EA011420119300210
B1337264755086N00753436EA011440119400210
B1337274755081N00753434EA011430119400210
B1337284755075N00753433EA011440119400210
B1337294755068N00753433EA011420119400210
B1337304755062N00753436EA011440119400210
B1337314755056N00753440EA011450119500210
B1337324755051N00753446EA011460119600210
B1337334755047N00753452EA011450119600210
B1337344755044N00753459EA011460119700210
B1337354755043N00753466EA011460119700210
B1337364755043N00753472EA011450119700210
B1337374755046N00753477EA011440119600210
B1337384755050N00753479EA011420119500210
B1337394755054N00753478EA011420119500210
B1337404755058N00753474EA011440119600210
B1337414755061N00753471EA011450119600210
B1337424755064N00753469EA011440119700210
B1337434755067N00753468EA011430119700210
B1337444755070N00753468EA011430119600210
B1337454755074N00753468EA011410119500210
B1337464755077N00753467EA011390119300210
B1337474755080N00753465EA011380119200210
B1337484755083N00753460EA011370119000210
B1337494755085N00753454EA011380119000210
B1337504755088N00753450EA011370118900210
B1337514755091N00753446EA011360118900210
B1337524755095N00753444EA011340118900210
B1337534755098N00753443EA011340118900210
B1337544755102N00753443EA011320118800210
B1337554755105N00753444EA011300118600210
B1337564755108N00753447EA011270118500210
B1337574755111N00753451EA011260118200210
B1337584755115N00753453EA011250118000210
B1337594755119N00753453EA011240117900210
B1338004755122N00753451EA011240117700210
B1338014755124N00753447EA011230117600210
B1338024755126N00753443EA011220117500210
B1338034755126N00753437EA011230117400210
B1338044755124N00753432EA011240117400210
B1338054755121N00753426EA011260117400210
B1338064755117N00753422EA011280117400210
B1338074755112N00753420EA011300117600210
B1338084755107N00753420EA011300117800210
B1338094755102N00753421EA011300117900210
B1338104755097N00753423EA011310118000210
B1338114755092N00753423EA011300117900210
B1338124755088N00753420EA011300117900210
B1338134755085N00753416EA011310118000210
B1338144755083N00753410EA011340118200210
B1338154755082N00753405EA011350118300210
B1338164755082N00753400EA011370118400210
B1338174755081N00753395EA011370118600210
B1338184755081N00753390EA011400118700210
B1338194755081N00753386EA011410118900210
B1338204755080N00753382EA011430119100210
B1338214755079N00753378EA011430119200210
B1338224755078N00753375EA011420119300210
B1338234755075N00753372EA011410119400210
B1338244755071N00753370EA011420119400210
B1338254755065N00753369EA011410119400210
B1338264755060N00753372EA011390119500210
B1338274755056N00753378EA011390119500210
B1338284755052N00753384EA011400119600210
B1338294755050N00753393EA011400119700210
B1338304755049N00753402EA011400119700210
B1338314755050N00753413EA011400119700210
B1338324755054N00753421EA011410119700210
B1338334755058N00753427EA011420119800210
B1338344755062N00753430EA011430119900210
B1338354755066N00753431EA011450120000210
B1338364755070N00753430EA011470120100210
B1338374755072N00753427EA011470120200210
B1338384755074N00753423EA011480120300210
B1338394755075N00753419EA011500120400210
B1338404755075N00753414EA011510120500210
B1338414755075N00753409EA011520120600210
B1338424755076N00753404EA011530120700210
B1338434755077N00753400EA011540120800210
B1338444755078N00753396EA011530120800210
B1338454755078N00753392EA011540120900210
B1338464755077N00753388EA011530120900210
B1338474755075N00753383EA011530120900210
B1338484755071N00753379EA011520120900210
B1338494755067N00753377EA011500120800210
B1338504755062N00753377EA011490120700209
B1338514755057N00753380EA011480120700209
B1338524755052N00753385EA011460120600209
B1338534755047N00753391EA011460120600209
B1338544755044N00753400EA011450120500209
B1338554755042N00753411EA011440120400209
B1338564755042N00753421EA011440120400209
B1338574755044N00753430EA011420120300210
B1338584755047N00753437EA011410120200210
B1338594755051N00753442EA011420120100210
B1339004755056N00753446EA011400119900210
B1339014755060N00753446EA011400119800210
B1339024755065N00753444EA011410119700210
B1339034755068N00753441EA011420119700210
B1339044755071N00753437EA011430119700210
B1339054755074N00753433EA011440119800210
B1339064755078N00753430EA011460119700210
B1339074755083N00753428EA011470119800210
B1339084755087N00753426EA011480119900210
B1339094755091N00753424EA011500120100210
B1339104755093N00753421EA011490120200210
B1339114755095N00753418EA011500120200210
B1339124755097N00753416EA011490120100210
B1339134755099N00753414EA011490120100210
B1339144755102N00753413EA011490120100210
B1339154755105N00753411EA011490120000210
B1339164755108N00753410EA011500120000210
B1339174755110N00753408EA011500120000210
B1339184755112N00753405EA011480120100210
B1339194755114N00753402EA011490120100210
B1339204755114N00753397EA011490120000210
B1339214755113N00753391EA011470120000210
B1339224755110N00753386EA011470120000210
B1339234755107N00753381EA011470120000210
B1339244755104N00753375EA011470120000210
B1339254755100N00753371EA011480120000210
B1339264755097N00753366EA011470120000210
B1339274755091N00753363EA011480119900210
B1339284755086N00753362EA011460119900209
B1339294755079N00753363EA011480119900209
B1339304755074N00753366EA011460119800209
B1339314755068N00753372EA011460119800209
B1339324755064N00753379EA011470119800209
B1339334755060N00753387EA011470119800209
B1339344755058N00753398EA011470119800209
B1339354755057N00753408EA011450119800209
B1339364755058N00753419EA011470119700209
B1339374755059N00753428EA011470119700209
B1339384755062N00753436EA011480119800210
B1339394755065N00753443EA011480119900210
B1339404755068N00753447EA011470119900210
B1339414755073N00753450EA011470119900210
B1339424755077N00753453EA011460119900210
B1339434755080N00753455EA011460119900210
B1339444755083N00753457EA011440119900210
B1339454755086N00753458EA011430119700210
B1339464755089N00753457EA011430119600210
B1339474755091N00753455EA011420119400210
B1339484755095N00753452EA011400119300210
B1339494755099N00753449EA011400119200210
B1339504755102N00753444EA011410119200210
B1339514755104N00753440EA011420119200210
B1339524755105N00753436EA011410119300210
B1339534755107N00753433EA011400119200210
B1339544755110N00753430EA011400119200210
B1339554755114N00753428EA011400119200210
B1339564755119N00753429EA011400119200210
B1339574755124N00753430EA011410119300210
B1339584755128N00753431EA011410119500210
B1339594755131N00753433EA011400119500210
B1340004755135N00753433EA011380119400210
B1340014755139N00753431EA011380119300210
B1340024755142N00753428EA011370119200210
B1340034755144N00753423EA011360119300210
B1340044755146N00753417EA011350119200210
B1340054755146N00753412EA011350119200210
B1340064755143N00753408EA011330119100210
B1340074755140N00753404EA011320119000210
B1340084755136N00753401EA011300118800210
B1340094755131N00753398EA011300118600210
B1340104755126N00753396EA011290118500210
B1340114755119N00753393EA011300118500210
B1340124755114N00753390EA011300118500210
B1340134755110N00753386EA011310118500210
B1340144755105N00753382EA011300118600210
B1340154755101N00753379EA011310118600210
B1340164755097N00753377EA011300118500210
B1340174755093N00753374EA011290118500210
B1340184755089N00753372EA011290118400210
B1340194755085N00753370EA011280118300210
B1340204755080N00753369EA011270118200210
B1340214755075N00753369EA011270118000210
B1340224755069N00753369EA011280118000210
B1340234755063N00753370EA011280118000210
B1340244755057N00753372EA011270118000210
B1340254755052N00753375EA011260118000210
B1340264755048N00753379EA011250117900210
B1340274755043N00753382EA011220117700210
B1340284755037N00753383EA011200117500210
B1340294755032N00753381EA011190117200210
B1340304755027N00753377EA011160117100210
B1340314755025N00753372EA011160116900210
B1340324755025N00753367EA011150116800210
B1340334755027N00753363EA011140116800210
B1340344755029N00753360EA011130116700210
B1340354755031N00753357EA011140116600210
B1340364755035N00753354EA011130116500210
B1340374755039N00753353EA011100116400210
B1340384755044N00753353EA011100116300210
B1340394755049N00753354EA011090116100210
B1340404755055N00753354EA011080116000210
B1340414755060N00753354EA011080115900210
B1340424755064N00753353EA011070115800210
B1340434755068N00753352EA011070115800210
B1340444755073N00753353EA011060115800210
B1340454755077N00753353EA011060115700210
B1340464755082N00753353EA011060115700210
B1340474755087N00753352EA011050115700210
B1340484755091N00753350EA011050115700210
B1340494755095N00753349EA011050115700210
B1340504755099N00753348EA011060115700210
B1340514755104N00753348EA011060115600210
B1340524755108N00753348EA011050115600210
B1340534755112N00753347EA011060115600210
B1340544755116N00753346EA011050115600210
B1340554755120N00753345EA011050115600210
B1340564755124N00753344EA011050115600210
B1340574755128N00753342EA011050115700210
B1340584755132N00753339EA011060115600210
B1340594755136N00753335EA011060115600210
B1341004755139N00753330EA011080115700210
B1341014755142N00753325EA011070115800210
B1341024755145N00753321EA011080115900210
B1341034755149N00753317EA011100115900210
B1341044755153N00753313EA011120116000210
B1341054755158N00753311EA011140116200210
B1341064755162N00753310EA011160116400210
B1341074755167N00753311EA011170116600210
B1341084755171N00753313EA011170116700210
B1341094755175N00753317EA011160116700210
B1341104755178N00753323EA011160116800210
B1341114755181N00753329EA011160116800210
B1341124755183N00753337EA011150116700210
B1341134755183N00753346EA011140116600210
B1341144755181N00753354EA011140116600210
B1341154755177N00753363EA011130116500210
B1341164755171N00753369EA011140116600210
B1341174755165N00753373EA011140116600209
B1341184755158N00753375EA011150116600209
B1341194755152N00753373EA011190116600209
B1341204755147N00753369EA011180116700209
B1341214755145N00753362EA011180116700209
B1341224755144N00753355EA011200116900210
B1341234755145N00753349EA011210117000210
B1341244755145N00753343EA011230117200210
B1341254755146N00753338EA011230117300210
B1341264755146N00753332EA011240117400210
B1341274755147N00753327EA011260117400210
B1341284755148N00753321EA011250117400210
B1341294755150N00753316EA011250117500210
B1341304755152N00753310EA011270117700210
B1341314755154N00753306EA011280117800210
B1341324755157N00753302EA011280117800210
B1341334755160N00753298EA011290117800210
B1341344755164N00753297EA011290117800210
B1341354755169N00753297EA011300117900210
B1341364755174N00753298EA011320118000210
B1341374755178N00753300EA011320118100210
B1341384755182N00753305EA011320118200210
B1341394755185N00753311EA011330118200210
B1341404755187N00753319EA011330118300210
B1341414755188N00753329EA011330118300210
B1341424755188N00753339EA011320118300210
B1341434755186N00753350EA011330118400210
B1341444755183N00753359EA011350118400210
B1341454755179N00753367EA011360118500210
B1341464755175N00753373EA011370118600210
B1341474755170N00753376EA011370118600210
B1341484755165N00753378EA011360118700210
B1341494755160N00753377EA011370118700209
B1341504755155N00753375EA011390118800209
B1341514755150N00753372EA011400118800209
B1341524755146N00753368EA011420118900209
B1341534755142N00753363EA011440119200209
B1341544755140N00753357EA011450119400209
B1341554755139N00753352EA011450119500210
B1341564755138N00753348EA011430119600210
B1341574755139N00753343EA011430119600210
B1341584755140N00753338EA011430119500210
B1341594755143N00753333EA011450119500210
B1342004755147N00753331EA011470119500210
B1342014755152N00753330EA011480119600210
B1342024755156N00753332EA011500119800210
B1342034755160N00753335EA011500120000210
B1342044755164N00753338EA011510120100210
B1342054755168N00753342EA011520120100210
B1342064755172N00753346EA011520120200210
B1342074755176N00753352EA011520120200210
B1342084755180N00753359EA011530120300210
B1342094755183N00753367EA011520120300210
B1342104755186N00753376EA011540120300210
B1342114755188N00753387EA011550120300210
B1342124755188N00753399EA011560120400210
B1342134755187N00753409EA011570120500210
B1342144755184N00753418EA011580120600210
B1342154755180N00753425EA011590120700210
B1342164755176N00753431EA011610120800210
B1342174755171N00753436EA011620120900210
B1342184755166N00753438EA011630121000210
B1342194755161N00753437EA011650121100210
B1342204755156N00753436EA011670121400210
B1342214755152N00753433EA011690121600210
B1342224755149N00753429EA011690121700210
B1342234755147N00753425EA011690121800210
B1342244755146N00753420EA011700121800210
B1342254755146N00753414EA011700121900210
B1342264755147N00753409EA011700121900210
B1342274755150N00753405EA011700122000210
B1342284755155N00753405EA011710122100210
B1342294755160N00753405EA011730122200210
B1342304755165N00753408EA011730122300210
B1342314755170N00753411EA011750122400210
B1342324755175N00753415EA011760122500210
B1342334755179N00753421EA011760122600210
B1342344755184N00753428EA011770122700210
B1342354755188N00753437EA011780122800210
B1342364755190N00753447EA011790122800210
B1342374755192N00753458EA011810123000210
B1342384755191N00753468EA011830123200210
B1342394755190N00753477EA011830123400210
B1342404755188N00753487EA011840123500210
B1342414755185N00753496EA011840123600210
B1342424755181N00753504EA011840123600210
B1342434755175N00753509EA011860123700210
B1342444755169N00753512EA011880123800210
B1342454755163N00753511EA011900123900210
B1342464755159N00753507EA011910124100210
B1342474755155N00753503EA011930124400210
B1342484755152N00753499EA011940124600210
B1342494755149N00753494EA011960124800210
B1342504755148N00753489EA011960124900210
B1342514755147N00753483EA011980125000210
B1342524755149N00753478EA011990125200210
B1342534755151N00753473EA012010125300210
B1342544755155N00753469EA012040125400210
B1342554755159N00753467EA012050125600210
B1342564755163N00753468EA012050125700209
B1342574755168N00753470EA012060125800209
B1342584755174N00753473EA012080126000209
B1342594755180N00753476EA012110126200209
B1343004755184N00753481EA012130126400209
B1343014755188N00753487EA012150126600209
B1343024755191N00753495EA012150126800209
B1343034755193N00753505EA012160126900209
B1343044755194N00753516EA012180127100209
B1343054755194N00753527EA012190127300209
B1343064755193N00753537EA012200127400209
B1343074755191N00753547EA012200127600210
B1343084755188N00753556EA012200127600210
B1343094755184N00753566EA012200127700210
B1343104755179N00753574EA012210127700210
B1343114755173N00753579EA012210127700210
B1343124755167N00753581EA012210127800210
B1343134755161N00753580EA012220127900210
B1343144755157N00753576EA012230128100210
B1343154755153N00753572EA012250128200210
B1343164755151N00753568EA012280128300210
B1343174755150N00753563EA012280128400210
B1343184755148N00753558EA012300128500210
B1343194755148N00753552EA012310128700210
B1343204755147N00753547EA012330128800210
B1343214755146N00753542EA012350129000210
B1343224755146N00753537EA012360129100210
B1343234755148N00753533EA012370129200210
B1343244755150N00753530EA012370129400210
B1343254755153N00753527EA012380129400210
B1343264755157N00753524EA012400129500210
B1343274755159N00753521EA012410129700210
B1343284755161N00753519EA012420129800210
B1343294755161N00753516EA012420129900210
B1343304755161N00753513EA012420129900210
B1343314755160N00753510EA012430130000211
B1343324755158N00753506EA012420129900211
B1343334755157N00753503EA012410129900211
B1343344755156N00753500EA012400129800211
B1343354755156N00753496EA012380129700211
B1343364755158N00753493EA012380129600211
B1343374755161N00753491EA012380129600211
B1343384755164N00753489EA012390129600211
B1343394755168N00753489EA012410129600211
B1343404755173N00753491EA012420129700211
B1343414755176N00753494EA012430129900211
B1343424755180N00753498EA012450130000211
B1343434755182N00753504EA012460130100211
B1343444755184N00753511EA012460130200210
B1343454755185N00753520EA012480130200210
B1343464755186N00753530EA012500130300210
B1343474755187N00753541EA012540130500210
B1343484755186N00753552EA012580130800210
B1343494755184N00753562EA012590131000210
B1343504755182N00753571EA012600131200210
B1343514755179N00753579EA012620131300210
B1343524755175N00753586EA012620131500210
B1343534755169N00753593EA012620131500210
B1343544755163N00753599EA012650131600210
B1343554755156N00753603EA012680131800210
B1343564755150N00753604EA012690132000210
B1343574755146N00753603EA012690132100210
B1343584755142N00753601EA012690132100210
B1343594755140N00753599EA012680132100211
B1344004755136N00753596EA012680132100211
B1344014755133N00753594EA012690132000211
B1344024755130N00753591EA012680132100211
B1344034755127N00753587EA012670132000211
B1344044755126N00753581EA012680132000211
B1344054755126N00753575EA012680132100211
B1344064755126N00753569EA012680132200211
B1344074755128N00753563EA012680132100211
B1344084755129N00753558EA012700132200211
B1344094755132N00753554EA012710132300211
B1344104755136N00753550EA012740132400211
B1344114755141N00753549EA012750132500211
B1344124755145N00753550EA012750132600211
B1344134755150N00753553EA012760132600211
B1344144755154N00753558EA012770132800211
B1344154755158N00753564EA012790133000211
B1344164755161N00753571EA012810133200211
B1344174755164N00753578EA012800133400211
B1344184755166N00753587EA012820133600211
B1344194755168N00753597EA012830133700211
B1344204755169N00753609EA012840133800211
B1344214755169N00753620EA012850133900211
B1344224755167N00753630EA012860134000211
B1344234755165N00753639EA012860134100211
B1344244755161N00753648EA012860134100211
B1344254755156N00753656EA012880134200211
B1344264755151N00753664EA012890134200211
B1344274755144N00753670EA012900134300211
B1344284755138N00753675EA012890134400211
B1344294755132N00753678EA012910134600211
B1344304755127N00753680EA012910134700211
B1344314755122N00753682EA012890134600211
B1344324755116N00753683EA012880134500211
B1344334755111N00753681EA012880134400211
B1344344755107N00753677EA012900134400211
B1344354755103N00753672EA012900134400211
B1344364755101N00753667EA012900134500211
B1344374755099N00753662EA012890134600211
B1344384755098N00753657EA012880134600211
B1344394755098N00753651EA012880134500211
B1344404755098N00753646EA012890134500211
B1344414755100N00753640EA012910134500211
B1344424755102N00753635EA012930134600211
B1344434755105N00753631EA012950134800211
B1344444755108N00753628EA012960135000211
B1344454755112N00753626EA012980135100211
B1344464755116N00753624EA012970135200211
B1344474755121N00753625EA012970135200211
B1344484755127N00753628EA012960135300211
B1344494755132N00753633EA012960135300211
B1344504755136N00753639EA012960135300211
B1344514755140N00753646EA012960135300211
B1344524755143N00753655EA012970135300211
B1344534755145N00753666EA012970135300211
B1344544755146N00753677EA012990135400211
B1344554755145N00753689EA013000135600211
B1344564755142N00753699EA012990135800211
B1344574755138N00753707EA013000135900211
B1344584755133N00753714EA013000136000211
B1344594755127N00753720EA013010136000211
B1345004755122N00753725EA013020136100210
B1345014755116N00753729EA013020136100211
B1345024755111N00753732EA013010136100211
B1345034755107N00753732EA012980136100211
B1345044755103N00753730EA012980136000211
B1345054755099N00753728EA012980135900211
B1345064755094N00753725EA012970135900211
B1345074755091N00753721EA012960135800211
B1345084755088N00753718EA012940135600211
B1345094755085N00753714EA012930135400211
B1345104755082N00753711EA012910135300211
B1345114755079N00753707EA012910135100211
B1345124755076N00753702EA012900135000211
B1345134755072N00753698EA012900135000211
B1345144755069N00753694EA012910135000211
B1345154755066N00753690EA012910135000211
B1345164755064N00753686EA012920135100211
B1345174755061N00753683EA012920135200211
B1345184755057N00753681EA012910135200211
B1345194755054N00753678EA012920135200211
B1345204755050N00753676EA012940135200211
B1345214755047N00753673EA012940135200211
B1345224755044N00753671EA012950135300211
B1345234755041N00753668EA012940135400211
B1345244755039N00753664EA012930135400211
B1345254755039N00753658EA012950135400211
B1345264755039N00753651EA012970135400211
B1345274755041N00753644EA012990135500211
B1345284755042N00753637EA013000135600211
B1345294755043N00753633EA013010135800211
B1345304755043N00753628EA012990135900211
B1345314755043N00753624EA012970135900211
B1345324755042N00753619EA012950135900211
B1345334755041N00753613EA012930135800211
B1345344755037N00753608EA012940135700211
B1345354755033N00753604EA012930135700211
B1345364755027N00753603EA012920135700211
B1345374755022N00753603EA012920135700211
B1345384755017N00753603EA012900135600211
B1345394755012N00753605EA012880135400211
B1345404755006N00753609EA012860135200211
B1345414754999N00753614EA012850135000211
B1345424754994N00753622EA012850135000211
B1345434754991N00753631EA012830134900210
B1345444754990N00753640EA012820134900210
B1345454754991N00753649EA012820134800210
B1345464754994N00753657EA012830134600210
B1345474754997N00753663EA012810134600210
B1345484755002N00753666EA012800134400210
B1345494755007N00753665EA012810134300211
B1345504755011N00753662EA012800134200211
B1345514755014N00753660EA012800134200211
B1345524755017N00753657EA012790134200211
B1345534755019N00753654EA012760134000211
B1345544755021N00753650EA012760133700211
B1345554755023N00753646EA012740133400211
B1345564755027N00753641EA012730133200211
B1345574755030N00753637EA012720133100211
B1345584755033N00753634EA012720133100211
B1345594755036N00753631EA012740133100211
B1346004755038N00753627EA012750133200211
B1346014755040N00753622EA012750133300211
B1346024755043N00753618EA012750133300211
B1346034755045N00753614EA012760133400211
B1346044755048N00753610EA012790133400211
B1346054755051N00753606EA012800133500211
B1346064755054N00753602EA012810133700211
B1346074755056N00753599EA012810133800211
B1346084755059N00753595EA012820133900211
B1346094755062N00753593EA012820134000211
B1346104755065N00753591EA012830134000211
B1346114755068N00753588EA012820134000211
B1346124755070N00753584EA012820134000211
B1346134755072N00753579EA012830134000211
B1346144755073N00753573EA012840134200211
B1346154755072N00753568EA012860134300211
B1346164755070N00753564EA012860134400211
B1346174755067N00753560EA012870134400211
B1346184755063N00753557EA012870134400211
B1346194755059N00753556EA012870134400211
B1346204755054N00753557EA012870134400211
B1346214755048N00753561EA012880134400211
B1346224755043N00753566EA012880134500211
B1346234755038N00753573EA012900134600210
B1346244755034N00753580EA012930134800211
B1346254755031N00753589EA012940134900210
B1346264755029N00753598EA012950135100210
B1346274755028N00753608EA012960135100210
B1346284755029N00753616EA012970135200210
B1346294755031N00753625EA012980135300210
B1346304755033N00753632EA013000135500210
B1346314755036N00753638EA013010135600210
B1346324755039N00753643EA013020135700210
B1346334755044N00753646EA013030135700210
B1346344755049N00753648EA013040135800210
B1346354755054N00753648EA013040135900210
B1346364755058N00753646EA013040136000210
B1346374755061N00753641EA013040136000210
B1346384755062N00753635EA013060136100210
B1346394755062N00753629EA013080136200210
B1346404755061N00753624EA013090136400210
B1346414755058N00753619EA013100136500210
B1346424755055N00753617EA013110136600210
B1346434755050N00753616EA013110136700210
B1346444755046N00753616EA013110136800210
B1346454755041N00753617EA013100136700210
B1346464755036N00753620EA013100136700210
B1346474755031N00753624EA013100136700210
B1346484755027N00753631EA013100136700210
B1346494755022N00753638EA013100136700210
B1346504755019N00753647EA013110136800210
B1346514755016N00753656EA013120136800210
B1346524755016N00753664EA013130136900210
B1346534755016N00753673EA013140137000209
B1346544755018N00753682EA013150137100209
B1346554755020N00753691EA013160137200209
B1346564755024N00753697EA013180137300209
B1346574755028N00753701EA013170137300209
B1346584755034N00753703EA013200137400209
B1346594755040N00753704EA013220137500209
B1347004755046N00753705EA013240137700209
B1347014755051N00753705EA013250138000209
B1347024755055N00753706EA013280138100209
B1347034755060N00753706EA013300138200210
B1347044755064N00753706EA013300138400210
B1347054755067N00753705EA013320138500210
B1347064755070N00753702EA013330138700210
B1347074755071N00753698EA013340138800210
B1347084755071N00753694EA013350139000210
B1347094755070N00753689EA013360139100210
B1347104755067N00753685EA013390139300210
B1347114755063N00753681EA013400139500210
B1347124755058N00753679EA013420139700210
B1347134755052N00753679EA013440139900210
B1347144755046N00753681EA013450140100210
B1347154755042N00753685EA013470140200210
B1347164755038N00753691EA013490140400210
B1347174755034N00753698EA013490140500210
B1347184755031N00753705EA013510140700210
B1347194755030N00753715EA013520140800210
B1347204755031N00753724EA013540140900210
B1347214755033N00753733EA013550141100210
B1347224755036N00753740EA013550141200210
B1347234755039N00753746EA013570141400210
B1347244755042N00753750EA013590141500210
B1347254755047N00753754EA013610141600210
B1347264755052N00753756EA013600141600210
B1347274755057N00753756EA013590141700210
B1347284755061N00753754EA013600141800210
B1347294755062N00753750EA013610141900210
B1347304755063N00753746EA013610142000210
B1347314755063N00753741EA013620142000210
B1347324755062N00753736EA013610142000210
B1347334755059N00753732EA013610142000210
B1347344755056N00753729EA013620142100210
B1347354755049N00753728EA013630142100210
B1347364755044N00753729EA013640142200209
B1347374755039N00753731EA013670142300209
B1347384755034N00753736EA013680142500209
B1347394755030N00753741EA013710142600209
B1347404755026N00753748EA013740142800209
B1347414755023N00753755EA013760143100209
B1347424755020N00753762EA013770143400209
B1347434755016N00753768EA013780143600209
B1347444755013N00753773EA013790143700209
B1347454755008N00753778EA013810143800209
B1347464755003N00753781EA013810143800209
B1347474754997N00753782EA013830143900209
B1347484754991N00753780EA013850144000209
B1347494754986N00753777EA013870144200209
B1347504754980N00753774EA013880144500209
B1347514754975N00753772EA013900144800209
B1347524754971N00753772EA013900144900209
B1347534754966N00753773EA013900144900209
B1347544754961N00753775EA013890144800209
B1347554754956N00753776EA013880144700209
B1347564754949N00753779EA013900144700209
B1347574754943N00753783EA013900144700209
B1347584754938N00753788EA013900144800209
B1347594754934N00753796EA013900144800209
B1348004754931N00753804EA013890144800209
B1348014754929N00753812EA013880144800209
B1348024754929N00753821EA013870144700209
B1348034754931N00753829EA013860144700209
B1348044754934N00753836EA013860144600209
B1348054754939N00753840EA013840144500210
B1348064754944N00753840EA013840144500210
B1348074754948N00753838EA013840144500210
B1348084754952N00753836EA013840144600210
B1348094754956N00753834EA013840144600210
B1348104754959N00753830EA013830144500210
B1348114754961N00753825EA013820144500210
B1348124754963N00753819EA013850144400210
B1348134754964N00753812EA013870144500210
B1348144754967N00753806EA013880144500210
B1348154754969N00753801EA013900144700210
B1348164754971N00753797EA013930145000210
B1348174754972N00753793EA013940145200210
B1348184754973N00753789EA013930145300210
B1348194754973N00753783EA013950145200210
B1348204754973N00753777EA013960145200210
B1348214754975N00753770EA013980145300210
B1348224754976N00753764EA014000145400210
B1348234754978N00753758EA014040145600210
B1348244754978N00753752EA014070145600210
B1348254754976N00753746EA014080145700210
B1348264754973N00753741EA014100146000210
B1348274754969N00753737EA014120146200210
B1348284754964N00753736EA014110146300210
B1348294754959N00753737EA014100146400210
B1348304754953N00753737EA014100146500210
B1348314754947N00753737EA014080146500210
B1348324754941N00753739EA014080146500210
B1348334754936N00753744EA014090146400210
B1348344754931N00753752EA014080146400210
B1348354754928N00753760EA014080146600210
B1348364754925N00753767EA014090146700210
B1348374754923N00753774EA014100146700210
B1348384754922N00753782EA014100146700210
B1348394754923N00753791EA014090146700210
B1348404754924N00753800EA014100146700210
B1348414754927N00753808EA014110146900210
B1348424754930N00753812EA014130147000210
B1348434754933N00753813EA014140147000210
B1348444754936N00753813EA014150147100210
B1348454754939N00753811EA014160147200210
B1348464754942N00753807EA014170147200210
B1348474754944N00753801EA014170147300210
B1348484754943N00753794EA014180147400210
B1348494754939N00753789EA014190147500210
B1348504754935N00753784EA014210147700210
B1348514754931N00753779EA014200147800210
B1348524754928N00753775EA014180147900210
B1348534754926N00753770EA014180147800210
B1348544754923N00753765EA014150147800210
B1348554754919N00753761EA014130147700210
B1348564754914N00753759EA014120147500210
B1348574754908N00753759EA014100147400210
B1348584754903N00753761EA014090147400210
B1348594754898N00753766EA014070147300210
B1349004754895N00753773EA014060147200210
B1349014754892N00753780EA014050147100210
B1349024754890N00753789EA014030147000210
B1349034754888N00753797EA014030146800210
B1349044754885N00753805EA014020146700210
B1349054754881N00753811EA014000146600210
B1349064754876N00753817EA013970146500210
B1349074754871N00753820EA013950146300210
B1349084754866N00753823EA013940146100210
B1349094754861N00753825EA013920145800210
B1349104754855N00753826EA013870145500210
B1349114754848N00753827EA013860145200210
B1349124754842N00753828EA013840145100210
B1349134754835N00753829EA013820144900210
B1349144754829N00753831EA013810144700210
B1349154754823N00753834EA013770144400210
B1349164754817N00753836EA013740144100210
B1349174754810N00753839EA013710143800210
B1349184754804N00753842EA013700143500210
B1349194754797N00753845EA013700143300210
B1349204754790N00753848EA013680143100210
B1349214754783N00753852EA013660142900210
B1349224754778N00753854EA013640142700210
B1349234754770N00753859EA013610142400210
B1349244754764N00753863EA013610142200210
B1349254754757N00753867EA013600142000210
B1349264754750N00753872EA013590141900210
B1349274754744N00753877EA013570141800210
B1349284754738N00753882EA013560141700210
B1349294754732N00753887EA013540141500210
B1349304754726N00753893EA013510141300210
B1349314754720N00753899EA013500141000210
B1349324754714N00753905EA013480140900210
B1349334754709N00753912EA013470140700210
B1349344754703N00753919EA013470140600210
B1349354754697N00753925EA013470140600210
B1349364754692N00753932EA013470140600210
B1349374754687N00753939EA013470140600210
B1349384754682N00753946EA013470140600210
B1349394754678N00753953EA013460140500210
B1349404754675N00753961EA013450140300210
B1349414754672N00753970EA013430140100210
B1349424754670N00753980EA013410140000210
B1349434754669N00753990EA013400139900210
B1349444754667N00754000EA013380139800210
B1349454754665N00754009EA013380139700210
B1349464754663N00754018EA013370139600210
B1349474754662N00754027EA013360139500210
B1349484754663N00754036EA013340139400210
B1349494754667N00754044EA013330139300210
B1349504754671N00754051EA013320139300210
B1349514754676N00754056EA013320139200210
B1349524754680N00754059EA013320139200210
B1349534754684N00754060EA013310139100210
B1349544754688N00754060EA013310139000210
B1349554754692N00754058EA013310138900210
B1349564754696N00754055EA013310138900210
B1349574754700N00754050EA013320138800210
B1349584754701N00754045EA013330138800210
B1349594754702N00754041EA013320138900210
B1350004754704N00754036EA013310138900210
B1350014754705N00754031EA013300138700210
B1350024754708N00754027EA013280138600210
B1350034754710N00754021EA013270138500210
B1350044754712N00754016EA013260138400210
B1350054754713N00754011EA013250138400210
B1350064754713N00754008EA013230138200210
B1350074754714N00754003EA013210138100210
B1350084754716N00753998EA013220137900210
B1350094754718N00753992EA013250137900210
B1350104754721N00753988EA013260138000210
B1350114754723N00753984EA013270138200210
B1350124754725N00753981EA013280138300210
B1350134754726N00753979EA013280138300210
B1350144754728N00753976EA013290138200210
B1350154754731N00753973EA013270138100210
B1350164754734N00753970EA013260138100210
B1350174754738N00753968EA013260138200210
B1350184754741N00753966EA013270138200210
B1350194754743N00753963EA013290138300210
B1350204754744N00753959EA013270138300210
B1350214754746N00753954EA013280138300210
B1350224754747N00753949EA013280138400210
B1350234754748N00753945EA013270138400210
B1350244754748N00753940EA013270138400210
B1350254754747N00753935EA013260138400210
B1350264754746N00753929EA013240138300210
B1350274754747N00753922EA013240138200210
B1350284754747N00753916EA013230138100210
B1350294754749N00753911EA013220138000210
B1350304754751N00753906EA013200138000210
B1350314754753N00753902EA013180137800210
B1350324754755N00753898EA013160137700210
B1350334754757N00753893EA013160137500210
B1350344754760N00753889EA013140137400210
B1350354754763N00753885EA013130137300210
B1350364754766N00753882EA013110137100210
B1350374754769N00753879EA013090136900210
B1350384754773N00753876EA013070136700210
B1350394754777N00753873EA013050136500210
B1350404754780N00753871EA013030136300210
B1350414754784N00753869EA013020136100210
B1350424754789N00753867EA012990135900210
B1350434754794N00753866EA012980135700210
B1350444754798N00753865EA012980135500210
B1350454754802N00753864EA012960135400210
B1350464754807N00753863EA012960135300210
B1350474754811N00753863EA012940135200210
B1350484754815N00753862EA012930135100210
B1350494754819N00753860EA012920134900210
B1350504754824N00753857EA012920134900210
B1350514754828N00753855EA012900134800210
B1350524754832N00753852EA012900134800210
B1350534754837N00753849EA012900134800210
B1350544754841N00753847EA012890134700210
B1350554754845N00753845EA012880134700210
B1350564754850N00753843EA012870134500210
B1350574754854N00753841EA012860134400210
B1350584754858N00753838EA012840134200210
B1350594754862N00753835EA012830134100210
B1351004754866N00753832EA012820134000210
B1351014754869N00753828EA012800133900210
B1351024754871N00753824EA012790133800210
B1351034754873N00753819EA012800133700210
B1351044754875N00753812EA012790133600210
B1351054754877N00753806EA012810133600210
B1351064754879N00753799EA012830133500210
B1351074754880N00753793EA012840133600210
B1351084754882N00753787EA012850133800210
B1351094754885N00753782EA012850133900210
B1351104754887N00753776EA012850133900210
B1351114754889N00753770EA012850133900210
B1351124754891N00753765EA012850134000210
B1351134754894N00753760EA012850134000210
B1351144754897N00753757EA012860134000210
B1351154754901N00753753EA012870134000210
B1351164754905N00753750EA012860134100210
B1351174754908N00753747EA012860134100210
B1351184754911N00753744EA012850134200210
B1351194754914N00753741EA012860134100210
B1351204754917N00753739EA012860134100210
B1351214754921N00753736EA012860134100210
B1351224754925N00753733EA012870134200210
B1351234754929N00753731EA012870134200210
B1351244754932N00753730EA012850134300210
B1351254754935N00753728EA012840134200210
B1351264754938N00753726EA012800134100210
B1351274754943N00753723EA012790133900210
B1351284754947N00753721EA012780133700210
B1351294754953N00753719EA012780133700210
B1351304754957N00753717EA012780133700210
B1351314754961N00753715EA012770133700210
B1351324754964N00753712EA012770133600210
B1351334754968N00753708EA012760133400210
B1351344754972N00753704EA012770133400210
B1351354754976N00753699EA012780133400210
B1351364754980N00753695EA012800133500210
B1351374754982N00753690EA012810133600210
B1351384754983N00753685EA012800133600210
B1351394754983N00753680EA012810133500210
B1351404754984N00753675EA012790133500210
B1351414754987N00753670EA012800133400210
B1351424754990N00753665EA012800133400210
B1351434754993N00753661EA012810133500210
B1351444754996N00753658EA012810133600210
B1351454754998N00753654EA012810133600210
B1351464755001N00753651EA012800133600210
B1351474755004N00753647EA012810133600210
B1351484755008N00753643EA012820133600210
B1351494755012N00753638EA012860133700210
B1351504755015N00753632EA012870133800210
B1351514755016N00753625EA012870133900210
B1351524755016N00753619EA012880134000210
B1351534755015N00753613EA012880134100210
B1351544755013N00753608EA012870134100210
B1351554755011N00753602EA012860134100210
B1351564755008N00753597EA012860134100210
B1351574755004N00753592EA012850134100210
B1351584754999N00753588EA012850134100210
B1351594754994N00753587EA012830134100210
B1352004754988N00753586EA012830134100210
B1352014754983N00753588EA012830134100210
B1352024754976N00753592EA012820134000210
B1352034754971N00753597EA012810133900210
B1352044754966N00753603EA012800133800210
B1352054754962N00753610EA012780133700210
B1352064754960N00753618EA012770133600210
B1352074754958N00753625EA012760133500210
B1352084754957N00753633EA012750133300210
B1352094754957N00753642EA012730133100210
B1352104754958N00753650EA012710132900210
B1352114754961N00753657EA012690132800210
B1352124754964N00753663EA012680132700210
B1352134754968N00753667EA012680132500210
B1352144754973N00753671EA012690132400210
B1352154754977N00753675EA012690132300210
B1352164754983N00753679EA012710132300210
B1352174754987N00753682EA012720132400210
B1352184754990N00753687EA012730132400210
B1352194754992N00753693EA012730132500210
B1352204754994N00753700EA012720132500210
B1352214754997N00753707EA012740132600210
B1352224755001N00753714EA012760132600210
B1352234755005N00753719EA012770132700210
B1352244755009N00753724EA012800132800210
B1352254755013N00753728EA012810132900210
B1352264755016N00753733EA012820133200210
B1352274755019N00753737EA012820133300210
B1352284755022N00753741EA012820133300210
B1352294755026N00753746EA012840133400210
B1352304755029N00753751EA012850133600210
B1352314755033N00753756EA012880133800210
B1352324755036N00753759EA012880133900210
B1352334755040N00753761EA012890134100210
B1352344755043N00753761EA012890134200210
B1352354755047N00753759EA012910134300210
B1352364755049N00753757EA012920134400210
B1352374755051N00753754EA012930134500210
B1352384755051N00753751EA012910134500210
B1352394755051N00753746EA012900134500210
B1352404755049N00753741EA012900134400210
B1352414755047N00753736EA012910134400210
B1352424755043N00753731EA012920134500210
B1352434755038N00753727EA012930134600209
B1352444755033N00753724EA012940134700210
B1352454755027N00753725EA012970134800210
B1352464755022N00753726EA012980135000210
B1352474755018N00753729EA012990135100210
B1352484755014N00753733EA013010135300210
B1352494755010N00753738EA013030135400210
B1352504755006N00753744EA013030135600210
B1352514755004N00753752EA013040135700210
B1352524755004N00753759EA013040135800210
B1352534755005N00753766EA013050135900210
B1352544755007N00753773EA013050136000210
B1352554755010N00753778EA013050136000210
B1352564755014N00753781EA013080136000210
B1352574755019N00753782EA013110136100210
B1352584755024N00753781EA013100136300210
B1352594755027N00753779EA013090136400210
B1353004755029N00753775EA013070136500210
B1353014755028N00753771EA013060136500210
B1353024755027N00753765EA013060136400210
B1353034755024N00753759EA013060136400210
B1353044755020N00753753EA013070136400210
B1353054755014N00753750EA013070136500210
B1353064755009N00753750EA013090136500210
B1353074755003N00753751EA013100136600210
B1353084754998N00753752EA013100136700210
B1353094754993N00753752EA013110136800210
B1353104754988N00753752EA013120136900210
B1353114754983N00753754EA013130136900210
B1353124754978N00753757EA013130137000210
B1353134754973N00753764EA013160137100210
B1353144754971N00753772EA013170137300210
B1353154754969N00753781EA013190137400210
B1353164754970N00753789EA013190137500210
B1353174754972N00753796EA013200137600210
B1353184754974N00753802EA013190137600210
B1353194754977N00753806EA013180137600210
B1353204754980N00753809EA013170137500210
B1353214754984N00753811EA013180137400210
B1353224754989N00753811EA013180137400210
B1353234754994N00753810EA013190137500210
B1353244754998N00753807EA013190137500210
B1353254755001N00753804EA013190137600210
B1353264755004N00753800EA013200137700210
B1353274755006N00753797EA013210137800210
B1353284755008N00753793EA013200137800210
B1353294755010N00753789EA013200137800210
B1353304755013N00753783EA013200137700210
B1353314755015N00753777EA013200137700210
B1353324755018N00753771EA013210137700210
B1353334755020N00753765EA013230137800210
B1353344755022N00753759EA013240137900210
B1353354755022N00753752EA013240137900210
B1353364755020N00753745EA013240138000210
B1353374755018N00753737EA013250138100210
B1353384755015N00753730EA013280138300210
B1353394755012N00753725EA013300138500210
B1353404755008N00753719EA013310138700210
B1353414755003N00753715EA013300138800210
B1353424754999N00753711EA013320138900210
B1353434754994N00753709EA013320139000210
B1353444754989N00753706EA013330139100210
B1353454754984N00753706EA013340139200210
B1353464754978N00753709EA013340139300210
B1353474754973N00753713EA013360139400210
B1353484754968N00753718EA013380139500210
B1353494754963N00753722EA013370139600210
B1353504754958N00753725EA013380139800210
B1353514754954N00753728EA013380139800210
B1353524754949N00753732EA013370139900210
B1353534754946N00753738EA013360139900210
B1353544754944N00753746EA013360140000210
B1353554754943N00753755EA013370140000210
B1353564754943N00753763EA013360140000210
B1353574754945N00753771EA013340140000210
B1353584754947N00753778EA013340139900210
B1353594754952N00753783EA013340139600210
B1354004754959N00753785EA013350139500210
B1354014754965N00753784EA013360139500210
B1354024754970N00753781EA013370139600210
B1354034754973N00753778EA013380139700210
B1354044754976N00753774EA013380139800210
B1354054754978N00753768EA013390139800210
B1354064754979N00753761EA013400139800210
B1354074754979N00753754EA013400139900210
B1354084754979N00753746EA013420140000210
B1354094754978N00753740EA013420140100210
B1354104754976N00753733EA013430140200210
B1354114754973N00753727EA013440140200210
B1354124754969N00753721EA013440140300210
B1354134754964N00753716EA013450140400210
B1354144754959N00753711EA013470140500210
B1354154754954N00753707EA013480140600210
B1354164754949N00753703EA013480140800210
B1354174754944N00753699EA013500140900210
B1354184754939N00753696EA013510141000210
B1354194754933N00753693EA013510141000210
B1354204754928N00753692EA013500141000210
B1354214754922N00753691EA013500141000210
B1354224754917N00753693EA013500141000209
B1354234754911N00753697EA013470141000209
B1354244754907N00753703EA013460141100209
B1354254754904N00753711EA013450141100209
B1354264754902N00753720EA013460141100208
B1354274754902N00753730EA013450141100208
B1354284754904N00753739EA013460141100208
B1354294754908N00753747EA013460141000209
B1354304754913N00753751EA013460141000209
B1354314754918N00753753EA013470141000210
B1354324754923N00753752EA013470141000210
B1354334754927N00753749EA013470141100210
B1354344754931N00753744EA013460141100210
B1354354754933N00753739EA013460141100210
B1354364754936N00753733EA013480141000210
B1354374754938N00753727EA013470141000210
B1354384754941N00753721EA013480141100210
B1354394754944N00753715EA013490141200210
B1354404754947N00753710EA013510141300210
B1354414754950N00753705EA013520141400210
B1354424754953N00753701EA013530141500210
B1354434754957N00753697EA013540141600210
B1354444754961N00753693EA013570141700210
B1354454754965N00753690EA013600141900210
B1354464754968N00753686EA013620142200210
B1354474754972N00753683EA013650142400210
B1354484754975N00753682EA013660142700210
B1354494754978N00753681EA013680142800210
B1354504754982N00753680EA013710143000210
B1354514754985N00753678EA013720143100210
B1354524754989N00753676EA013740143200210
B1354534754994N00753675EA013760143400210
B1354544754999N00753673EA013780143700210
B1354554755002N00753670EA013790143900210
B1354564755006N00753666EA013800144000210
B1354574755009N00753662EA013810144100210
B1354584755013N00753658EA013830144200210
B1354594755018N00753656EA013860144400210
B1355004755023N00753653EA013900144700210
B1355014755027N00753650EA013920144900210
B1355024755031N00753646EA013940145200210
B1355034755034N00753641EA013960145400210
B1355044755035N00753636EA013990145700210
B1355054755036N00753630EA014020146000210
B1355064755036N00753624EA014050146200210
B1355074755034N00753617EA014070146400210
B1355084755031N00753612EA014090146600210
B1355094755026N00753609EA014110146800210
B1355104755021N00753607EA014140147100210
B1355114755016N00753607EA014170147400210
B1355124755011N00753609EA014210147700210
B1355134755007N00753613EA014230148000210
B1355144755003N00753619EA014270148300210
B1355154755000N00753626EA014280148600210
B1355164754998N00753633EA014310148800210
B1355174754997N00753642EA014340149000210
B1355184754997N00753650EA014360149200210
B1355194754998N00753658EA014370149500210
B1355204755000N00753664EA014380149700210
B1355214755004N00753670EA014410149800210
B1355224755008N00753675EA014430150000210
B1355234755014N00753679EA014460150200210
B1355244755019N00753680EA014480150400210
B1355254755025N00753679EA014510150700210
B1355264755029N00753677EA014540151000210
B1355274755033N00753674EA014570151400210
B1355284755035N00753672EA014590151600210
B1355294755037N00753668EA014620151800210
B1355304755038N00753663EA014620151800210
B1355314755037N00753656EA014640152000210
B1355324755036N00753649EA014680152200111
B1355334755033N00753643EA014710152600111
B1355344755029N00753638EA014740152900111
B1355354755025N00753635EA014760153300111
B1355364755021N00753633EA014790153600111
B1355374755017N00753631EA014840153900111
B1355384755012N00753630EA014840154200111
B1355394755007N00753632EA014870154400111
B1355404755000N00753636EA014890154700111
B1355414754994N00753641EA014930155100111
B1355424754988N00753646EA014970155600111
B1355434754983N00753651EA015000155900111
B1355444754979N00753658EA015030156200111
B1355454754975N00753665EA015070156500111
B1355464754973N00753674EA015100156800111
B1355474754972N00753682EA015110157100111
B1355484754972N00753691EA015140157400111
B1355494754972N00753699EA015170157700111
B1355504754975N00753707EA015190157900111
B1355514754979N00753714EA015200158100111
B1355524754985N00753718EA015210158300111
B1355534754990N00753721EA015220158500111
B1355544754995N00753722EA015250158800111
B1355554755000N00753721EA015260159000111
B1355564755005N00753719EA015290159100111
B1355574755009N00753715EA015310159300111
B1355584755013N00753710EA015310159500111
B1355594755015N00753703EA015340159700111
B1356004755016N00753696EA015350159800111
B1356014755015N00753690EA015390160000111
B1356024755013N00753684EA015400160300111
B1356034755011N00753679EA015430160500111
B1356044755007N00753674EA015450160700111
B1356054755002N00753670EA015480160900111
B1356064754997N00753668EA015510161100111
B1356074754992N00753667EA015530161400111
B1356084754986N00753669EA015560161600111
B1356094754981N00753672EA015590161900111
B1356104754976N00753676EA015610162200111
B1356114754971N00753682EA015650162500111
B1356124754968N00753688EA015670162700111
B1356134754966N00753696EA015690163000111
B1356144754966N00753704EA015710163200111
B1356154754968N00753711EA015740163500111
B1356164754971N00753717EA015770163800111
B1356174754975N00753722EA015790164100111
B1356184754980N00753726EA015810164300111
B1356194754985N00753728EA015820164500111
B1356204754990N00753728EA015810164600111
B1356214754995N00753727EA015850164800111
B1356224755000N00753723EA015850164900111
B1356234755004N00753718EA015870165200111
B1356244755006N00753712EA015900165400111
B1356254755007N00753706EA015920165600111
B1356264755007N00753699EA015930165800111
B1356274755007N00753694EA015960166000111
B1356284755006N00753688EA016000166300111
B1356294755005N00753681EA016020166700111
B1356304755004N00753676EA016050167000111
B1356314755002N00753671EA016070167200111
B1356324754999N00753666EA016100167400111
B1356334754996N00753662EA016110167600111
B1356344754993N00753658EA016130167800111
B1356354754989N00753654EA016150168000111
B1356364754984N00753651EA016160168200111
B1356374754980N00753649EA016170168300111
B1356384754975N00753648EA016180168500111
B1356394754970N00753648EA016190168600111
B1356404754964N00753651EA016210168800111
B1356414754960N00753656EA016200168900111
B1356424754955N00753662EA016220169000111
B1356434754950N00753669EA016230169200111
B1356444754945N00753677EA016260169300111
B1356454754942N00753686EA016290169500111
B1356464754939N00753695EA016320169800111
B1356474754937N00753706EA016360170100111
B1356484754936N00753717EA016390170500111
B1356494754937N00753726EA016430170800111
B1356504754938N00753734EA016450171100111
B1356514754941N00753740EA016460171400111
B1356524754945N00753745EA016480171500111
B1356534754948N00753750EA016490171600111
B1356544754953N00753753EA016490171600111
B1356554754958N00753754EA016500171700111
B1356564754963N00753753EA016520171900111
B1356574754968N00753751EA016540172100111
B1356584754972N00753747EA016560172300111
B1356594754975N00753742EA016580172500111
B1357004754978N00753737EA016600172700111
B1357014754980N00753730EA016620172900111
B1357024754982N00753723EA016660173200111
B1357034754983N00753716EA016710173400111
B1357044754982N00753709EA016730173600111
B1357054754979N00753703EA016750173900111
B1357064754976N00753699EA016780174200111
B1357074754973N00753695EA016790174500111
B1357084754970N00753691EA016810174800111
B1357094754967N00753687EA016820174900111
B1357104754964N00753683EA016830175000111
B1357114754961N00753680EA016840175000111
B1357124754956N00753678EA016830175100111
B1357134754951N00753677EA016840175200111
B1357144754946N00753676EA016850175200111
B1357154754940N00753676EA016860175300111
B1357164754933N00753677EA016890175400111
B1357174754928N00753681EA016910175600111
B1357184754923N00753687EA016940175800111
B1357194754919N00753695EA016970176100111
B1357204754915N00753701EA017000176500111
B1357214754913N00753708EA017040176900111
B1357224754911N00753716EA017050177200111
B1357234754910N00753724EA017070177300111
B1357244754910N00753733EA017070177500111
B1357254754911N00753742EA017100177700111
B1357264754914N00753749EA017120177900111
B1357274754917N00753755EA017140178100111
B1357284754920N00753760EA017140178300111
B1357294754923N00753764EA017160178500111
B1357304754927N00753766EA017150178500111
B1357314754932N00753768EA017170178600111
B1357324754937N00753767EA017180178700111
B1357334754941N00753766EA017190178700111
B1357344754943N00753761EA017230178800111
B1357354754944N00753756EA017240179000111
B1357364754944N00753749EA017260179200111
B1357374754943N00753742EA017280179300111
B1357384754940N00753737EA017300179600111
B1357394754936N00753732EA017320179800111
B1357404754931N00753728EA017340180000111
B1357414754926N00753725EA017370180300111
B1357424754920N00753723EA017390180600111
B1357434754915N00753721EA017420180900111
B1357444754908N00753720EA017440181100111
B1357454754902N00753719EA017470181400111
B1357464754895N00753719EA017480181700111
B1357474754889N00753720EA017510181900111
B1357484754882N00753722EA017530182200111
B1357494754876N00753724EA017550182400111
B1357504754869N00753727EA017590182600111
B1357514754862N00753730EA017610182900111
B1357524754855N00753735EA017620183200111
B1357534754850N00753740EA017620183400111
B1357544754845N00753747EA017620183600111
B1357554754841N00753754EA017630183800111
B1357564754838N00753761EA017630183800111
B1357574754836N00753769EA017620183700111
B1357584754836N00753778EA017620183600111
B1357594754837N00753786EA017650183700111
B1358004754841N00753793EA017630183800111
B1358014754845N00753798EA017640184000111
B1358024754849N00753802EA017680184200111
B1358034754854N00753804EA017700184400111
B1358044754858N00753804EA017720184500111
B1358054754861N00753804EA017730184500111
B1358064754865N00753802EA017740184600111
B1358074754869N00753798EA017750184700111
B1358084754872N00753794EA017760184900111
B1358094754875N00753789EA017770185100111
B1358104754878N00753784EA017790185200111
B1358114754880N00753780EA017800185300111
B1358124754883N00753776EA017800185300111
B1358134754887N00753772EA017810185400111
B1358144754890N00753769EA017830185400111
B1358154754895N00753765EA017850185600111
B1358164754898N00753761EA017870185800111
B1358174754901N00753757EA017890186000111
B1358184754903N00753751EA017910186200111
B1358194754904N00753745EA017910186300111
B1358204754904N00753737EA017940186500111
B1358214754903N00753730EA017950186700111
B1358224754901N00753723EA017970186900111
B1358234754897N00753717EA017970187000111
B1358244754894N00753712EA017970187100111
B1358254754889N00753707EA017970187200111
B1358264754883N00753702EA017980187200111
B1358274754876N00753700EA017990187300111
B1358284754869N00753699EA017980187300111
B1358294754862N00753700EA017970187400111
B1358304754857N00753703EA017960187400111
B1358314754851N00753705EA017960187300111
B1358324754845N00753709EA017960187100111
B1358334754839N00753714EA017950186900111
B1358344754834N00753720EA017940186900111
B1358354754830N00753728EA017930186800111
B1358364754827N00753737EA017920186800111
B1358374754826N00753746EA017930186800111
B1358384754827N00753754EA017940186800111
B1358394754829N00753761EA017950186900111
B1358404754832N00753766EA017980187000111
B1358414754835N00753771EA017970187100111
B1358424754839N00753774EA017990187200111
B1358434754843N00753776EA017990187400111
B1358444754847N00753777EA018010187500111
B1358454754851N00753777EA018000187600111
B1358464754855N00753776EA018030187700111
B1358474754859N00753774EA018050187900111
B1358484754863N00753771EA018040188000111
B1358494754866N00753767EA018050188000111
B1358504754867N00753761EA018060188100111
B1358514754869N00753754EA018070188200111
B1358524754870N00753748EA018090188300111
B1358534754871N00753742EA018100188400111
B1358544754873N00753737EA018100188600111
B1358554754874N00753731EA018100188600111
B1358564754874N00753725EA018110188600111
B1358574754874N00753718EA018100188600111
B1358584754873N00753711EA018110188600111
B1358594754872N00753702EA018100188600111
B1359004754869N00753694EA018090188500111
B1359014754865N00753687EA018080188400111
B1359024754860N00753682EA018050188400111
B1359034754855N00753678EA018030188200111
B1359044754849N00753675EA018010188000111
B1359054754844N00753674EA017980187800111
B1359064754838N00753675EA017940187700111
B1359074754833N00753678EA017910187400111
B1359084754828N00753683EA017880187200111
B1359094754823N00753690EA017860187100111
B1359104754820N00753697EA017820186900111
B1359114754818N00753706EA017800186600111
B1359124754817N00753714EA017770186400111
B1359134754816N00753722EA017760186100111
B1359144754817N00753730EA017740185900111
B1359154754818N00753738EA017730185700111
B1359164754819N00753745EA017730185500111
B1359174754821N00753753EA017720185300111
B1359184754822N00753761EA017720185200111
B1359194754824N00753768EA017730185200111
B1359204754827N00753774EA017730185100111
B1359214754829N00753780EA017730185000111
B1359224754832N00753788EA017730184900111
B1359234754834N00753796EA017740185000111
B1359244754836N00753804EA017750185000111
B1359254754837N00753812EA017760185100111
B1359264754837N00753820EA017760185200111
B1359274754837N00753826EA017750185200111
B1359284754838N00753833EA017740185100111
B1359294754839N00753839EA017720184900111
B1359304754840N00753847EA017700184800111
B1359314754842N00753854EA017700184600111
B1359324754845N00753860EA017680184500111
B1359334754849N00753865EA017660184300111
B1359344754854N00753868EA017650184100111
B1359354754859N00753871EA017630184100111
B1359364754864N00753873EA017620184000111
B1359374754868N00753874EA017610183800111
B1359384754872N00753874EA017570183500111
B1359394754876N00753871EA017560183300111
B1359404754880N00753866EA017550183200111
B1359414754883N00753860EA017550183000111
B1359424754885N00753854EA017540182900111
B1359434754886N00753847EA017550182900111
B1359444754888N00753841EA017530182700111
B1359454754890N00753835EA017520182600111
B1359464754892N00753828EA017520182700111
B1359474754894N00753821EA017530182700111
B1359484754893N00753814EA017550182700111
B1359494754891N00753808EA017560182700210
B1359504754889N00753802EA017570182800210
B1359514754889N00753796EA017580182900210
B1359524754888N00753789EA017580183000210
B1359534754887N00753782EA017590183000210
B1359544754886N00753775EA017600183100210
B1359554754884N00753768EA017620183200210
B1359564754882N00753761EA017620183300210
B1359574754882N00753754EA017630183400210
B1359584754881N00753748EA017620183500210
B1359594754879N00753742EA017630183500210
B1400004754878N00753736EA017620183500210
B1400014754876N00753730EA017600183500210
B1400024754874N00753725EA017610183600210
B1400034754873N00753721EA017600183600210
B1400044754871N00753716EA017580183600210
B1400054754869N00753711EA017570183600210
B1400064754865N00753707EA017560183500210
B1400074754861N00753705EA017540183400210
B1400084754856N00753704EA017490183300210
B1400094754851N00753706EA017470183100210
B1400104754846N00753709EA017430183000210
B1400114754841N00753714EA017420182800210
B1400124754837N00753720EA017370182700210
B1400134754834N00753729EA017350182500210
B1400144754834N00753741EA017340182400210
B1400154754837N00753753EA017310181900210
B1400164754842N00753762EA017310181700210
B1400174754847N00753768EA017340181600210
B1400184754852N00753774EA017340181600210
B1400194754857N00753780EA017350181600210
B1400204754862N00753785EA017350181700210
B1400214754867N00753789EA017360181700210
B1400224754871N00753792EA017350181700210
B1400234754876N00753795EA017350181600210
B1400244754881N00753798EA017340181500210
B1400254754887N00753800EA017330181400210
B1400264754892N00753801EA017310181200210
B1400274754897N00753801EA017300181000210
B1400284754902N00753800EA017270180700210
B1400294754907N00753798EA017240180400210
B1400304754911N00753797EA017220180000210
B1400314754916N00753794EA017180179700210
B1400324754921N00753792EA017170179400210
B1400334754926N00753789EA017130179200210
B1400344754930N00753787EA017120178900210
B1400354754935N00753783EA017100178700210
B1400364754938N00753778EA017090178500210
B1400374754942N00753774EA017070178400210
B1400384754946N00753769EA017040178200210
B1400394754949N00753765EA017030178000210
B1400404754953N00753761EA017000177800210
B1400414754957N00753757EA016970177500210
B1400424754961N00753753EA016940177300210
B1400434754965N00753749EA016900176900210
B1400444754968N00753745EA016860176500210
B1400454754970N00753740EA016820176000210
B1400464754971N00753733EA016790175500210
B1400474754970N00753725EA016750175100210
B1400484754968N00753718EA016710174900210
B1400494754964N00753713EA016700174600210
B1400504754960N00753709EA016670174400210
B1400514754956N00753705EA016640174100210
B1400524754952N00753701EA016620173800210
B1400534754948N00753697EA016580173500210
B1400544754944N00753693EA016530173200210
B1400554754939N00753691EA016520172900210
B1400564754934N00753689EA016500172600210
B1400574754929N00753686EA016460172300210
B1400584754924N00753683EA016420172000210
B1400594754920N00753680EA016390171700210
B1401004754916N00753677EA016360171200210
B1401014754911N00753675EA016320170800210
B1401024754906N00753675EA016290170500210
B1401034754900N00753675EA016270170200210
B1401044754895N00753677EA016250169900210
B1401054754890N00753681EA016250169700210
B1401064754885N00753685EA016240169500210
B1401074754879N00753688EA016220169400210
B1401084754874N00753688EA016210169200210
B1401094754869N00753689EA016180169000210
B1401104754863N00753689EA016180168800210
B1401114754857N00753689EA016160168600210
B1401124754851N00753689EA016130168400210
B1401134754845N00753688EA016120168200210
B1401144754840N00753686EA016100168000210
B1401154754834N00753685EA016090167800210
B1401164754828N00753685EA016070167600210
B1401174754822N00753686EA016070167500210
B1401184754816N00753688EA016060167400210
B1401194754810N00753689EA016050167300210
B1401204754804N00753690EA016040167200210
B1401214754797N00753691EA016040167100210
B1401224754791N00753693EA016030167100210
B1401234754786N00753695EA016030167000210
B1401244754780N00753698EA016020167000210
B1401254754775N00753701EA016000166900210
B1401264754770N00753705EA016000166800210
B1401274754766N00753709EA015980166700210
B1401284754761N00753714EA015980166600210
B1401294754756N00753719EA015960166500210
B1401304754752N00753724EA015950166400210
B1401314754747N00753728EA015920166200210
B1401324754743N00753733EA015900165900210
B1401334754739N00753740EA015880165600210
B1401344754735N00753747EA015860165400210
B1401354754731N00753754EA015840165200210
B1401364754727N00753762EA015820165100210
B1401374754723N00753770EA015810165000210
B1401384754718N00753776EA015800164900210
B1401394754714N00753783EA015780164700210
B1401404754710N00753790EA015760164500210
B1401414754706N00753797EA015740164200210
B1401424754701N00753804EA015730164100210
B1401434754697N00753811EA015710164000210
B1401444754693N00753818EA015690163900111
B1401454754689N00753825EA015670163700111
B1401464754685N00753831EA015650163400111
B1401474754680N00753837EA015610163200111
B1401484754675N00753841EA015610162900111
B1401494754670N00753846EA015580162700111
B1401504754665N00753850EA015580162600111
B1401514754660N00753855EA015550162400111
B1401524754656N00753860EA015550162300111
B1401534754652N00753866EA015530162100111
B1401544754648N00753872EA015510162000111
B1401554754646N00753879EA015500161800111
B1401564754645N00753887EA015480161600111
B1401574754645N00753895EA015460161500111
B1401584754644N00753902EA015450161400111
B1401594754643N00753910EA015420161200111
B1402004754642N00753917EA015410161000111
B1402014754640N00753925EA015380160700111
B1402024754637N00753934EA015380160500111
B1402034754634N00753942EA015370160400111
B1402044754631N00753950EA015350160400111
B1402054754626N00753957EA015360160300111
B1402064754623N00753963EA015350160200111
B1402074754620N00753970EA015340160100111
B1402084754618N00753979EA015310159900111
B1402094754617N00753987EA015300159700111
B1402104754617N00753996EA015290159600111
B1402114754616N00754005EA015290159500111
B1402124754616N00754013EA015280159500111
B1402134754615N00754020EA015270159300111
B1402144754614N00754028EA015260159100111
B1402154754613N00754036EA015230158900111
B1402164754614N00754044EA015230158700111
B1402174754615N00754050EA015210158600111
B1402184754618N00754055EA015220158500111
B1402194754622N00754058EA015200158400111
B1402204754626N00754060EA015170158400111
B1402214754630N00754060EA015170158300111
B1402224754633N00754059EA015170158300111
B1402234754637N00754058EA015170158200111
B1402244754640N00754056EA015140158000111
B1402254754643N00754056EA015120157900111
B1402264754647N00754056EA015100157800111
B1402274754651N00754056EA015080157600111
B1402284754655N00754057EA015070157500111
B1402294754659N00754060EA015050157300111
B1402304754663N00754062EA015020157000111
B1402314754667N00754066EA015010156700111
B1402324754671N00754071EA014990156500111
B1402334754675N00754076EA014980156300111
B1402344754678N00754081EA014980156200111
B1402354754682N00754086EA014970156000111
B1402364754687N00754089EA014950155900111
B1402374754692N00754090EA014950155800111
B1402384754697N00754089EA014960155700111
B1402394754702N00754086EA014970155600111
B1402404754705N00754083EA014960155700111
B1402414754709N00754081EA014960155700111
B1402424754712N00754078EA014920155600111
B1402434754716N00754076EA014880155400111
B1402444754719N00754073EA014840155300111
B1402454754723N00754070EA014800155000111
B1402464754726N00754066EA014760154700111
B1402474754730N00754062EA014730154300111
B1402484754734N00754057EA014720154000111
B1402494754739N00754053EA014680153700111
B1402504754744N00754049EA014660153500111
B1402514754748N00754047EA014640153400111
B1402524754752N00754044EA014620153200111
B1402534754755N00754042EA014580152900111
B1402544754759N00754039EA014560152600111
B1402554754762N00754035EA014540152300111
B1402564754766N00754031EA014520152000111
B1402574754770N00754027EA014500151800111
B1402584754773N00754023EA014510151800111
B1402594754777N00754019EA014520151700111
B1403004754780N00754015EA014530151700111
B1403014754784N00754012EA014540151700111
B1403024754788N00754008EA014540151800111
B1403034754791N00754005EA014540151900111
B1403044754793N00754002EA014550152100111
B1403054754795N00753999EA014540152100111
B1403064754797N00753996EA014530152000111
B1403074754798N00753992EA014530151800111
B1403084754799N00753986EA014520151700111
B1403094754799N00753979EA014500151500111
B1403104754799N00753973EA014490151400111
B1403114754798N00753967EA014470151300111
B1403124754797N00753961EA014450151200111
B1403134754798N00753955EA014440151000111
B1403144754800N00753949EA014410150800111
B1403154754802N00753943EA014410150600111
B1403164754805N00753938EA014400150500111
B1403174754807N00753934EA014380150400111
B1403184754811N00753932EA014380150300111
B1403194754815N00753931EA014370150200111
B1403204754819N00753930EA014360150100111
B1403214754823N00753929EA014360150000111
B1403224754827N00753929EA014350150000111
B1403234754831N00753927EA014330149900111
B1403244754835N00753925EA014320149800111
B1403254754839N00753922EA014310149600111
B1403264754841N00753916EA014310149500111
B1403274754843N00753910EA014300149500111
B1403284754843N00753904EA014300149400111
B1403294754844N00753899EA014280149300111
B1403304754845N00753894EA014250149200111
B1403314754845N00753889EA014230148900111
B1403324754846N00753883EA014200148600111
B1403334754846N00753877EA014190148300111
B1403344754847N00753871EA014170148100111
B1403354754849N00753866EA014160148000111
B1403364754852N00753862EA014140147900111
B1403374754855N00753859EA014130147700111
B1403384754858N00753856EA014110147400111
B1403394754861N00753852EA014100147200111
B1403404754864N00753848EA014090147000111
B1403414754869N00753845EA014070146900111
B1403424754873N00753843EA014070146800111
B1403434754878N00753841EA014070146700111
B1403444754883N00753841EA014100146700111
B1403454754889N00753841EA014110146900111
B1403464754894N00753841EA014130147200111
B1403474754899N00753841EA014160147500111
B1403484754904N00753841EA014190147700111
B1403494754908N00753841EA014200148000111
B1403504754912N00753840EA014220148100111
B1403514754917N00753839EA014240148200111
B1403524754921N00753841EA014240148400111
B1403534754925N00753843EA014260148500111
B1403544754930N00753845EA014270148700111
B1403554754934N00753847EA014280148800111
B1403564754938N00753851EA014290148800111
B1403574754942N00753856EA014280148800111
B1403584754944N00753864EA014270148800111
B1403594754945N00753873EA014270148700111
B1404004754944N00753883EA014270148700111
B1404014754942N00753892EA014260148700111
B1404024754938N00753900EA014250148600111
B1404034754934N00753908EA014240148500111
B1404044754927N00753913EA014240148500111
B1404054754920N00753917EA014240148500111
B1404064754913N00753918EA014250148500111
B1404074754907N00753917EA014260148400111
B1404084754901N00753913EA014290148600111
B1404094754897N00753908EA014300148900111
B1404104754894N00753903EA014320149100111
B1404114754891N00753897EA014330149200111
B1404124754889N00753891EA014350149300111
B1404134754887N00753885EA014360149400111
B1404144754884N00753878EA014370149500111
B1404154754882N00753871EA014390149700111
B1404164754881N00753864EA014400149900111
B1404174754879N00753857EA014420150000111
B1404184754877N00753850EA014440150100111
B1404194754876N00753844EA014450150300111
B1404204754876N00753838EA014460150400111
B1404214754877N00753832EA014480150500111
B1404224754879N00753826EA014480150700111
B1404234754882N00753821EA014500150900111
B1404244754884N00753817EA014500151100111
B1404254754887N00753812EA014510151100111
B1404264754891N00753809EA014510151100111
B1404274754897N00753805EA014530151100111
B1404284754903N00753804EA014550151300111
B1404294754909N00753805EA014570151500111
B1404304754915N00753810EA014580151600111
B1404314754919N00753816EA014590151700111
B1404324754921N00753825EA014610151900111
B1404334754923N00753834EA014600152000111
B1404344754923N00753844EA014610152200111
B1404354754922N00753853EA014620152100111
B1404364754919N00753863EA014620152200111
B1404374754915N00753872EA014650152300111
B1404384754909N00753878EA014650152400111
B1404394754902N00753881EA014670152600111
B1404404754896N00753882EA014680152700111
B1404414754889N00753881EA014700152900111
B1404424754884N00753880EA014710153100111
B1404434754878N00753878EA014720153300111
B1404444754873N00753875EA014730153300111
B1404454754868N00753870EA014720153300111
B1404464754865N00753863EA014710153300111
B1404474754862N00753855EA014720153400111
B1404484754861N00753847EA014730153400111
B1404494754862N00753839EA014750153500111
B1404504754863N00753832EA014740153500111
B1404514754866N00753825EA014740153600111
B1404524754869N00753819EA014770153700111
B1404534754873N00753814EA014780153800111
B1404544754878N00753812EA014760153900111
B1404554754884N00753812EA014770154000111
B1404564754889N00753813EA014780154100111
B1404574754895N00753815EA014780154100111
B1404584754900N00753819EA014790154100111
B1404594754905N00753825EA014780154000111
B1405004754909N00753833EA014810154100111
B1405014754912N00753842EA014830154200111
B1405024754914N00753852EA014840154300111
B1405034754913N00753861EA014860154400111
B1405044754910N00753871EA014860154500111
B1405054754906N00753879EA014880154700111
B1405064754901N00753885EA014880154900111
B1405074754896N00753891EA014890155000111
B1405084754891N00753895EA014890155100111
B1405094754885N00753897EA014920155200111
B1405104754878N00753896EA014920155300111
B1405114754872N00753894EA014930155500111
B1405124754867N00753891EA014950155700111
B1405134754864N00753887EA014940155800111
B1405144754861N00753880EA014930155800111
B1405154754861N00753872EA014940155800111
B1405164754863N00753865EA014960155900111
B1405174754866N00753859EA014980156000111
B1405184754871N00753856EA014990156100111
B1405194754876N00753854EA014980156200111
B1405204754881N00753855EA014980156200111
B1405214754886N00753857EA014960156200111
B1405224754891N00753861EA014950156300111
B1405234754896N00753866EA014950156200111
B1405244754901N00753875EA014950156200111
B1405254754904N00753884EA014950156200111
B1405264754905N00753895EA014970156200111
B1405274754904N00753906EA014990156300111
B1405284754902N00753916EA015010156500111
B1405294754898N00753925EA015030156600111
B1405304754894N00753932EA015040156800111
B1405314754888N00753937EA015040156800111
B1405324754882N00753941EA015040156900111
B1405334754876N00753942EA015050156900210
B1405344754870N00753941EA015060157000210
B1405354754865N00753938EA015060157000210
B1405364754860N00753932EA015080157100210
B1405374754857N00753925EA015090157100210
B1405384754856N00753918EA015100157200210
B1405394754855N00753911EA015090157200210
B1405404754856N00753904EA015100157200210
B1405414754858N00753898EA015100157200111
B1405424754862N00753893EA015110157200111
B1405434754867N00753889EA015120157200111
B1405444754873N00753886EA015140157200111
B1405454754879N00753885EA015120157300111
B1405464754884N00753885EA015110157400111
B1405474754889N00753886EA015100157300111
B1405484754894N00753888EA015080157200111
B1405494754898N00753890EA015060157200111
B1405504754904N00753894EA015070157100111
B1405514754909N00753900EA015080157100111
B1405524754913N00753908EA015080157200111
B1405534754916N00753916EA015080157300111
B1405544754917N00753926EA015080157300111
B1405554754917N00753936EA015080157200111
B1405564754916N00753946EA015090157200111
B1405574754913N00753955EA015100157100111
B1405584754909N00753964EA015090157200111
B1405594754904N00753970EA015100157200111
B1406004754898N00753973EA015110157400111
B1406014754891N00753974EA015130157500111
B1406024754886N00753973EA015130157700111
B1406034754883N00753970EA015140157800111
B1406044754881N00753967EA015130157800111
B1406054754878N00753962EA015130157800111
B1406064754875N00753957EA015130157900111
B1406074754873N00753952EA015150157900111
B1406084754873N00753946EA015150157900111
B1406094754874N00753941EA015140157900111
B1406104754877N00753936EA015130157900111
B1406114754881N00753932EA015130157900111
B1406124754884N00753928EA015120157900111
B1406134754887N00753924EA015120157800111
B1406144754891N00753920EA015110157700111
B1406154754895N00753916EA015110157600111
B1406164754900N00753914EA015090157500111
B1406174754906N00753914EA015080157400111
B1406184754912N00753916EA015090157400111
B1406194754917N00753921EA015080157400111
B1406204754922N00753926EA015080157400111
B1406214754925N00753933EA015060157300111
B1406224754928N00753941EA015030157200111
B1406234754930N00753950EA015010156900111
B1406244754931N00753960EA015010156800111
B1406254754931N00753970EA015010156700111
B1406264754929N00753981EA015000156600111
B1406274754926N00753990EA014990156500111
B1406284754922N00753996EA014980156500111
B1406294754916N00754001EA014960156400111
B1406304754911N00754003EA014960156200111
B1406314754906N00754004EA014950156100111
B1406324754900N00754002EA014960156000111
B1406334754896N00753999EA014950155900111
B1406344754893N00753993EA014950155800111
B1406354754891N00753988EA014950155800111
B1406364754890N00753983EA014970155900111
B1406374754889N00753978EA014960155900111
B1406384754888N00753973EA014970156000111
B1406394754887N00753968EA014960156000111
B1406404754886N00753963EA014960156000111
B1406414754885N00753958EA014960156100111
B1406424754884N00753954EA014960156000111
B1406434754883N00753949EA014950156000111
B1406444754882N00753945EA014940155900111
B1406454754880N00753939EA014940155800111
B1406464754879N00753933EA014930155700111
B1406474754878N00753927EA014930155700111
B1406484754877N00753921EA014920155600111
B1406494754876N00753915EA014930155600111
B1406504754875N00753908EA014940155600111
B1406514754875N00753901EA014930155700111
B1406524754875N00753895EA014940155800111
B1406534754876N00753891EA014940155800111
B1406544754877N00753888EA014940155800111
B1406554754878N00753885EA014930155700111
B1406564754879N00753881EA014930155600111
B1406574754879N00753875EA014930155500111
B1406584754881N00753870EA014930155500111
B1406594754883N00753865EA014940155600111
B1407004754885N00753861EA014950155700111
B1407014754888N00753857EA014960155900111
B1407024754891N00753854EA014970155900111
B1407034754895N00753851EA014990156000111
B1407044754899N00753848EA015010156200111
B1407054754904N00753846EA015030156300111
B1407064754909N00753846EA015060156500111
B1407074754914N00753847EA015070156700111
B1407084754918N00753850EA015080156900111
B1407094754923N00753854EA015080157000111
B1407104754927N00753859EA015090157100111
B1407114754932N00753864EA015100157200111
B1407124754936N00753870EA015110157300111
B1407134754940N00753877EA015120157300111
B1407144754943N00753886EA015130157400111
B1407154754944N00753897EA015130157500111
B1407164754943N00753907EA015150157500111
B1407174754941N00753918EA015160157600111
B1407184754937N00753926EA015190157800111
B1407194754932N00753931EA015200157900111
B1407204754927N00753933EA015190158000111
B1407214754923N00753931EA015190158000111
B1407224754919N00753929EA015190158000111
B1407234754915N00753925EA015200158000111
B1407244754912N00753920EA015210158000111
B1407254754910N00753913EA015190158100111
B1407264754910N00753907EA015200158100111
B1407274754912N00753900EA015210158200111
B1407284754914N00753894EA015240158400111
B1407294754916N00753889EA015260158700111
B1407304754917N00753884EA015280158900111
B1407314754916N00753879EA015310159100111
B1407324754915N00753875EA015320159200111
B1407334754915N00753868EA015330159300111
B1407344754916N00753862EA015370159500111
B1407354754917N00753857EA015390159700111
B1407364754919N00753853EA015390159800111
B1407374754922N00753852EA015390160000111
B1407384754926N00753852EA015390160100111
B1407394754929N00753853EA015390160100111
B1407404754933N00753856EA015380160200111
B1407414754936N00753862EA015390160200111
B1407424754938N00753870EA015400160200111
B1407434754940N00753880EA015420160400111
B1407444754940N00753889EA015420160600111
B1407454754941N00753898EA015420160700111
B1407464754943N00753907EA015420160700111
B1407474754944N00753916EA015440160700111
B1407484754944N00753927EA015420160600111
B1407494754943N00753937EA015430160600111
B1407504754939N00753945EA015440160600111
B1407514754934N00753951EA015440160700111
B1407524754928N00753955EA015440160800111
B1407534754923N00753957EA015430160800111
B1407544754918N00753958EA015430160800111
B1407554754913N00753957EA015420160800111
B1407564754908N00753955EA015430160700111
B1407574754904N00753950EA015430160700111
B1407584754900N00753945EA015450160700111
B1407594754897N00753939EA015470160800111
B1408004754896N00753932EA015470160900111
B1408014754896N00753926EA015480161100111
B1408024754896N00753921EA015490161200111
B1408034754896N00753916EA015500161200111
B1408044754896N00753910EA015510161200111
B1408054754898N00753904EA015510161400111
B1408064754899N00753898EA015520161500111
B1408074754900N00753893EA015530161700111
B1408084754900N00753889EA015520161800111
B1408094754900N00753885EA015520161800111
B1408104754901N00753881EA015500161700111
B1408114754903N00753877EA015490161500111
B1408124754906N00753873EA015460161400111
B1408134754909N00753871EA015470161300111
B1408144754913N00753870EA015460161200111
B1408154754916N00753872EA015450161100111
B1408164754918N00753877EA015440161000111
B1408174754920N00753885EA015440161000111
B1408184754922N00753893EA015430161000111
B1408194754924N00753902EA015450161000111
B1408204754926N00753912EA015450161100111
B1408214754927N00753922EA015480161200111
B1408224754925N00753932EA015460161200111
B1408234754922N00753940EA015450161300111
B1408244754917N00753947EA015480161300111
B1408254754913N00753953EA015470161400111
B1408264754908N00753959EA015470161400111
B1408274754904N00753966EA015480161400111
B1408284754901N00753974EA015460161300111
B1408294754899N00753984EA015460161300111
B1408304754896N00753994EA015460161200111
B1408314754894N00754004EA015460161200111
B1408324754891N00754013EA015460161200111
B1408334754888N00754022EA015460161200111
B1408344754885N00754030EA015470161200111
B1408354754881N00754037EA015470161100111
B1408364754876N00754043EA015460161000111
B1408374754870N00754048EA015470161000111
B1408384754864N00754051EA015480161000111
B1408394754859N00754052EA015480161100111
B1408404754854N00754052EA015470161200111
B1408414754850N00754052EA015460161200111
B1408424754845N00754050EA015460161100111
B1408434754842N00754048EA015460160900111
B1408444754838N00754044EA015450160800111
B1408454754835N00754039EA015430160800111
B1408464754833N00754034EA015440160800111
B1408474754831N00754029EA015430161000111
B1408484754829N00754024EA015420161000111
B1408494754827N00754020EA015410161000111
B1408504754825N00754016EA015400160900111
B1408514754823N00754011EA015390160700111
B1408524754822N00754005EA015380160600111
B1408534754821N00754000EA015380160500111
B1408544754821N00753994EA015370160400111
B1408554754822N00753989EA015370160400111
B1408564754824N00753985EA015360160300111
B1408574754826N00753982EA015350160300111
B1408584754827N00753979EA015340160200111
B1408594754829N00753976EA015330160000111
B1409004754832N00753973EA015310159900111
B1409014754834N00753971EA015290159700111
B1409024754836N00753969EA015290159700111
B1409034754838N00753966EA015290159600111
B1409044754839N00753963EA015260159400111
B1409054754840N00753958EA015230159200111
B1409064754841N00753952EA015220159000111
B1409074754842N00753947EA015200158900111
B1409084754843N00753942EA015170158700111
B1409094754845N00753938EA015150158500111
B1409104754847N00753934EA015140158300111
B1409114754851N00753931EA015140158200111
B1409124754855N00753929EA015130158100111
B1409134754860N00753929EA015120158000111
B1409144754864N00753932EA015110157900111
B1409154754868N00753935EA015100157800111
B1409164754873N00753938EA015110157700111
B1409174754877N00753941EA015100157700111
B1409184754882N00753945EA015090157700111
B1409194754885N00753950EA015090157600111
B1409204754889N00753956EA015070157600111
B1409214754892N00753962EA015060157500111
B1409224754895N00753969EA015040157300111
B1409234754899N00753976EA015020157100111
B1409244754903N00753985EA015010156900111
B1409254754906N00753994EA014980156700111
B1409264754908N00754005EA014970156500111
B1409274754910N00754016EA014960156300111
B1409284754910N00754027EA014940156100111
B1409294754910N00754038EA014930156000111
B1409304754908N00754050EA014920155800111
B1409314754906N00754061EA014910155700111
B1409324754903N00754072EA014890155600111
B1409334754899N00754082EA014890155500111
B1409344754895N00754090EA014890155400111
B1409354754889N00754096EA014870155200111
B1409364754883N00754100EA014850155100111
B1409374754877N00754102EA014830155000111
B1409384754870N00754104EA014820154900111
B1409394754864N00754104EA014800154700111
B1409404754857N00754104EA014790154400111
B1409414754851N00754103EA014770154200111
B1409424754845N00754101EA014760154000111
B1409434754840N00754098EA014760153900111
B1409444754835N00754094EA014750153800111
B1409454754831N00754090EA014750153800111
B1409464754826N00754086EA014730153700111
B1409474754822N00754082EA014720153600111
B1409484754818N00754078EA014710153500111
B1409494754814N00754073EA014700153500111
B1409504754810N00754068EA014690153400111
B1409514754805N00754064EA014700153200111
B1409524754801N00754059EA014690153200111
B1409534754796N00754055EA014680153100111
B1409544754792N00754051EA014680153100111
B1409554754787N00754047EA014660153100111
B1409564754783N00754045EA014660153100111
B1409574754779N00754042EA014650153000111
B1409584754776N00754039EA014660152800111
B1409594754772N00754034EA014650152600111
B1410004754770N00754028EA014660152600111
B1410014754769N00754022EA014650152600111
B1410024754770N00754017EA014670152600111
B1410034754774N00754014EA014670152600111
B1410044754779N00754013EA014680152600111
B1410054754783N00754012EA014680152700111
B1410064754787N00754011EA014690152700111
B1410074754792N00754011EA014680152800111
B1410084754797N00754010EA014680152900111
B1410094754801N00754008EA014680153000111
B1410104754805N00754006EA014670153000111
B1410114754807N00754002EA014650153000111
B1410124754808N00753996EA014660153000111
B1410134754810N00753990EA014650152900111
B1410144754813N00753984EA014660152900111
B1410154754816N00753981EA014650152900111
B1410164754819N00753978EA014650152900111
B1410174754821N00753975EA014650152900111
B1410184754823N00753971EA014650152700111
B1410194754826N00753967EA014620152700111
B1410204754828N00753964EA014640152700111
B1410214754830N00753962EA014630152800111
B1410224754831N00753959EA014630152700111
B1410234754831N00753956EA014600152600111
B1410244754830N00753952EA014580152600111
B1410254754828N00753947EA014570152500111
B1410264754824N00753942EA014560152400111
B1410274754820N00753939EA014550152300111
B1410284754815N00753936EA014540152200111
B1410294754811N00753932EA014530152000111
B1410304754806N00753927EA014520151900111
B1410314754803N00753923EA014510151800111
B1410324754798N00753918EA014490151600111
B1410334754794N00753913EA014480151500111
B1410344754789N00753908EA014470151300111
B1410354754785N00753903EA014460151200111
B1410364754780N00753898EA014450151000111
B1410374754776N00753894EA014430150900111
B1410384754772N00753889EA014420150800111
B1410394754768N00753885EA014390150600111
B1410404754764N00753880EA014370150300111
B1410414754760N00753876EA014350150100111
B1410424754756N00753871EA014320149800111
B1410434754752N00753865EA014310149600210
B1410444754748N00753860EA014290149400111
B1410454754744N00753855EA014280149300111
B1410464754740N00753849EA014260149100111
B1410474754737N00753844EA014250149000111
B1410484754732N00753839EA014220148700111
B1410494754728N00753833EA014210148500111
B1410504754725N00753827EA014190148300111
B1410514754721N00753822EA014170148200111
B1410524754717N00753816EA014150148000111
B1410534754713N00753810EA014120147800111
B1410544754709N00753805EA014100147600111
B1410554754705N00753799EA014090147300111
B1410564754700N00753795EA014070147200111
B1410574754694N00753790EA014060147000111
B1410584754689N00753786EA014050146800111
B1410594754684N00753781EA014030146600111
B1411004754679N00753776EA014010146400111
B1411014754674N00753771EA013980146200111
B1411024754669N00753766EA013970146000111
B1411034754665N00753760EA013950145800111
B1411044754662N00753754EA013920145600111
B1411054754659N00753747EA013910145400111
B1411064754655N00753741EA013890145200111
B1411074754651N00753735EA013880145000111
B1411084754648N00753729EA013860144900210
B1411094754644N00753724EA013830144700210
B1411104754642N00753718EA013810144500210
B1411114754639N00753711EA013780144200111
B1411124754636N00753704EA013760143900111
B1411134754633N00753698EA013730143600210
B1411144754629N00753692EA013710143400210
B1411154754625N00753686EA013690143200210
B1411164754622N00753679EA013660143000210
B1411174754618N00753673EA013640142700210
B1411184754615N00753667EA013620142600210
B1411194754611N00753661EA013610142400210
B1411204754607N00753654EA013590142100210
B1411214754603N00753648EA013570141900210
B1411224754599N00753643EA013560141800210
B1411234754596N00753637EA013530141600210
B1411244754593N00753631EA013500141400111
B1411254754591N00753626EA013480141200111
B1411264754587N00753620EA013460140900111
B1411274754584N00753614EA013440140600111
B1411284754581N00753608EA013420140400111
B1411294754578N00753603EA013420140300111
B1411304754575N00753597EA013400140100111
B1411314754571N00753593EA013380139900111
B1411324754568N00753588EA013360139700111
B1411334754564N00753583EA013330139400111
B1411344754561N00753578EA013300139200111
B1411354754557N00753572EA013280139000111
B1411364754555N00753566EA013260138700111
B1411374754553N00753560EA013240138500111
B1411384754553N00753554EA013220138300111
B1411394754553N00753548EA013200138100111
B1411404754555N00753542EA013180137900111
B1411414754557N00753537EA013160137800111
B1411424754559N00753532EA013160137600111
B1411434754562N00753528EA013140137400111
B1411444754565N00753525EA013120137200111
B1411454754569N00753522EA013110137100111
B1411464754574N00753519EA013090136900111
B1411474754578N00753517EA013070136800111
B1411484754583N00753516EA013060136600111
B1411494754587N00753515EA013040136400111
B1411504754592N00753514EA013000136200111
B1411514754597N00753514EA012980136100111
B1411524754602N00753514EA012970135900111
B1411534754607N00753513EA012970135900111
B1411544754611N00753513EA012950135800111
B1411554754616N00753513EA012930135700111
B1411564754620N00753512EA012920135500111
B1411574754625N00753511EA012900135300111
B1411584754629N00753510EA012890135100111
B1411594754634N00753509EA012880135000111
B1412004754638N00753508EA012880134900111
B1412014754642N00753507EA012860134800111
B1412024754646N00753506EA012850134700111
B1412034754651N00753504EA012830134500111
B1412044754655N00753502EA012820134300111
B1412054754658N00753500EA012800134200111
B1412064754662N00753498EA012800134100111
B1412074754667N00753494EA012770133900111
B1412084754670N00753491EA012750133800111
B1412094754674N00753488EA012730133600111
B1412104754677N00753485EA012700133400111
B1412114754681N00753482EA012710133300111
B1412124754685N00753479EA012710133200111
B1412134754689N00753477EA012710133100111
B1412144754692N00753475EA012690133100111
B1412154754696N00753473EA012690133000111
B1412164754700N00753471EA012690132900111
B1412174754704N00753470EA012690132900111
B1412184754708N00753469EA012670132800111
B1412194754713N00753469EA012670132700111
B1412204754717N00753468EA012650132500111
B1412214754721N00753468EA012630132300111
B1412224754725N00753467EA012620132100111
B1412234754729N00753466EA012610131900111
B1412244754734N00753464EA012590131800111
B1412254754738N00753461EA012590131700111
B1412264754741N00753458EA012580131600111
B1412274754744N00753455EA012560131500111
B1412284754746N00753452EA012550131300111
B1412294754749N00753448EA012530131100111
B1412304754751N00753444EA012520130900111
B1412314754753N00753439EA012500130700111
B1412324754755N00753433EA012510130600111
B1412334754757N00753428EA012490130500111
B1412344754757N00753421EA012490130400111
B1412354754757N00753415EA012480130300111
B1412364754758N00753409EA012470130300111
B1412374754758N00753403EA012460130200111
B1412384754758N00753397EA012460130100111
B1412394754758N00753391EA012450130000111
B1412404754757N00753386EA012450129900111
B1412414754756N00753381EA012430129800111
B1412424754755N00753375EA012420129700111
B1412434754753N00753369EA012400129500111
B1412444754752N00753363EA012380129400111
B1412454754751N00753357EA012370129200111
B1412464754751N00753350EA012350129100111
B1412474754752N00753344EA012340128900111
B1412484754754N00753339EA012330128800111
B1412494754757N00753335EA012330128700111
B1412504754760N00753332EA012320128600111
B1412514754764N00753332EA012300128500111
B1412524754767N00753332EA012300128400111
B1412534754771N00753334EA012270128300111
B1412544754775N00753336EA012280128300111
B1412554754780N00753338EA012260128200111
B1412564754784N00753340EA012230128200111
B1412574754787N00753344EA012220128000111
B1412584754791N00753349EA012230127800111
B1412594754795N00753355EA012230127800111
B1413004754799N00753359EA012230127800111
B1413014754803N00753362EA012230127800111
B1413024754806N00753365EA012240127800111
B1413034754809N00753367EA012240127700111
B1413044754812N00753371EA012240127700111
B1413054754815N00753375EA012230127700111
B1413064754818N00753379EA012220127700111
B1413074754820N00753384EA012210127600111
B1413084754822N00753389EA012190127400111
B1413094754825N00753393EA012180127200111
B1413104754829N00753397EA012170127200111
B1413114754833N00753399EA012170127100111
B1413124754837N00753399EA012170127100111
B1413134754841N00753398EA012170127100111
B1413144754844N00753397EA012150127000111
B1413154754847N00753396EA012110126800111
B1413164754851N00753394EA012080126500111
B1413174754854N00753392EA012050126200111
B1413184754858N00753391EA012020126000111
B1413194754863N00753390EA012010125800111
B1413204754868N00753389EA011990125500111
B1413214754873N00753390EA011970125300111
B1413224754878N00753392EA011940125100111
B1413234754883N00753394EA011930124900111
B1413244754887N00753396EA011900124700111
B1413254754892N00753397EA011860124400111
B1413264754896N00753397EA011840124100111
B1413274754900N00753395EA011810123800111
B1413284754904N00753391EA011790123600111
B1413294754908N00753388EA011760123300111
B1413304754913N00753385EA011740123100111
B1413314754917N00753382EA011720122800111
B1413324754921N00753379EA011690122600111
B1413334754924N00753377EA011660122300111
B1413344754929N00753375EA011630122000111
B1413354754934N00753372EA011600121700111
B1413364754938N00753370EA011580121400111
B1413374754943N00753367EA011550121200111
B1413384754947N00753365EA011530120900111
B1413394754953N00753363EA011500120700111
B1413404754958N00753363EA011480120400111
B1413414754963N00753363EA011460120200111
B1413424754969N00753363EA011440120000111
B1413434754974N00753362EA011430119800111
B1413444754979N00753362EA011410119700111
B1413454754984N00753362EA011390119500111
B1413464754989N00753364EA011370119300111
B1413474754994N00753365EA011340119100111
B1413484754999N00753366EA011320118800111
B1413494755004N00753366EA011310118600111
B1413504755009N00753367EA011290118400111
B1413514755014N00753368EA011280118200111
B1413524755020N00753370EA011260118000111
B1413534755025N00753372EA011230117800111
B1413544755031N00753374EA011210117600111
B1413554755036N00753374EA011200117400111
B1413564755042N00753374EA011190117300111
B1413574755047N00753374EA011170117100111
B1413584755053N00753374EA011140116900111
B1413594755058N00753373EA011120116700111
B1414004755063N00753371EA011100116500111
B1414014755068N00753368EA011070116200111
B1414024755073N00753366EA011050116000111
B1414034755078N00753363EA011030115700111
B1414044755083N00753360EA011000115500111
B1414054755087N00753356EA011000115300111
B1414064755092N00753352EA011010115200111
B1414074755097N00753348EA011000115100111
B1414084755101N00753346EA010990115100111
B1414094755107N00753343EA011000115100111
B1414104755112N00753341EA011000115100111
B1414114755117N00753338EA011000115100111
B1414124755122N00753335EA011010115100111
B1414134755126N00753332EA011010115100111
B1414144755131N00753331EA011000115100111
B1414154755137N00753330EA011000115100111
B1414164755142N00753330EA011010115100111
B1414174755147N00753331EA011010115100111
B1414184755153N00753332EA011000115100111
B1414194755158N00753335EA011020115100111
B1414204755164N00753337EA011020115200111
B1414214755169N00753340EA011030115400111
B1414224755174N00753343EA011030115500111
B1414234755179N00753346EA011040115500111
B1414244755184N00753349EA011030115500111
B1414254755190N00753352EA011040115500111
B1414264755195N00753355EA011050115500111
B1414274755201N00753356EA011050115500111
B1414284755207N00753356EA011050115600111
B1414294755212N00753353EA011060115600111
B1414304755216N00753350EA011070115700111
B1414314755221N00753348EA011090115800111
B1414324755226N00753346EA011100115900111
B1414334755230N00753345EA011110116100111
B1414344755235N00753345EA011120116200111
B1414354755240N00753345EA011130116200111
B1414364755245N00753347EA011130116300111
B1414374755249N00753348EA011110116300111
B1414384755252N00753349EA011110116300111
B1414394755257N00753350EA011100116200111
B1414404755260N00753349EA011090116100111
B1414414755262N00753345EA011090116000111
B1414424755263N00753340EA011080116000111
B1414434755263N00753333EA011080116000111
B1414444755260N00753326EA011090116000111
B1414454755256N00753321EA011100116000111
B1414464755252N00753318EA011080116000111
B1414474755247N00753315EA011070115900111
B1414484755240N00753315EA011100115800111
B1414494755234N00753316EA011100115800111
B1414504755228N00753319EA011110115900111
B1414514755223N00753324EA011110116000111
B1414524755218N00753328EA011120116100111
B1414534755213N00753330EA011160116200111
B1414544755208N00753331EA011160116300111
B1414554755202N00753332EA011200116600111
B1414564755197N00753334EA011220116900111
B1414574755191N00753337EA011230117100111
B1414584755185N00753340EA011240117500111
B1414594755180N00753344EA011270117600111
B1415004755175N00753349EA011270117700111
B1415014755170N00753355EA011250117700111
B1415024755166N00753362EA011250117700111
B1415034755161N00753371EA011250117700111
B1415044755157N00753378EA011250117700111
B1415054755152N00753385EA011260117700111
B1415064755146N00753389EA011270117800111
B1415074755140N00753392EA011270117900111
B1415084755135N00753394EA011280117900111
B1415094755130N00753394EA011290118000111
B1415104755126N00753392EA011310118000111
B1415114755122N00753388EA011300118100111
B1415124755119N00753383EA011280118100111
B1415134755118N00753376EA011280117900111
B1415144755119N00753370EA011250117700111
B1415154755121N00753365EA011260117700111
B1415164755125N00753360EA011280117800111
B1415174755128N00753357EA011290117800111
B1415184755133N00753356EA011310117900111
B1415194755137N00753358EA011300118000111
B1415204755141N00753360EA011280118000111
B1415214755144N00753364EA011280117900111
B1415224755148N00753369EA011280117900111
B1415234755153N00753374EA011280117900111
B1415244755158N00753379EA011300118000111
B1415254755163N00753381EA011310118000111
B1415264755168N00753381EA011320118100111
B1415274755173N00753381EA011340118300111
B1415284755177N00753382EA011350118500111
B1415294755182N00753384EA011350118500111
B1415304755186N00753388EA011370118600111
B1415314755189N00753392EA011390118800111
B1415324755193N00753395EA011400118900111
B1415334755196N00753398EA011390119000111
B1415344755200N00753399EA011400119000111
B1415354755202N00753399EA011380119000111
B1415364755204N00753398EA011370119000111
B1415374755206N00753395EA011360119000111
B1415384755207N00753391EA011350118800111
B1415394755207N00753386EA011330118800111
B1415404755206N00753381EA011300118700111
B1415414755203N00753376EA011290118600111
B1415424755198N00753370EA011280118600111
B1415434755191N00753366EA011290118500111
B1415444755185N00753363EA011280118500111
B1415454755179N00753362EA011260118500111
B1415464755174N00753363EA011240118400111
B1415474755168N00753366EA011230118300111
B1415484755162N00753372EA011230118100111
B1415494755155N00753378EA011220118000111
B1415504755148N00753385EA011240118000111
B1415514755141N00753391EA011260118100111
B1415524755135N00753397EA011270118300111
B1415534755130N00753402EA011260118400111
B1415544755125N00753406EA011250118300111
B1415554755119N00753409EA011230118200111
B1415564755113N00753409EA011240118000111
B1415574755107N00753407EA011240117900111
B1415584755102N00753404EA011230117900111
B1415594755099N00753399EA011230117900111
B1416004755099N00753394EA011220117900111
B1416014755100N00753389EA011220117800111
B1416024755102N00753385EA011240117700111
B1416034755105N00753382EA011220117500111
B1416044755109N00753380EA011180117400111
B1416054755113N00753382EA011180117300111
B1416064755117N00753384EA011170117300111
B1416074755121N00753385EA011170117200111
B1416084755125N00753385EA011150117100111
B1416094755128N00753384EA011150117000111
B1416104755131N00753384EA011130116900111
B1416114755134N00753385EA011110116700111
B1416124755137N00753386EA011090116400111
B1416134755141N00753386EA011060116200111
B1416144755144N00753385EA011060116000111
B1416154755146N00753382EA011070115900111
B1416164755147N00753378EA011060115700111
B1416174755148N00753373EA011050115600111
B1416184755150N00753370EA011030115600111
B1416194755152N00753366EA011040115500111
B1416204755154N00753362EA011020115400111
B1416214755155N00753358EA011020115300111
B1416224755156N00753352EA011020115300111
B1416234755156N00753347EA011030115400111
B1416244755158N00753344EA011040115400111
B1416254755158N00753342EA011030115400111
B1416264755159N00753340EA011030115400111
B1416274755158N00753337EA011020115300111
B1416284755158N00753333EA011020115300111
B1416294755159N00753329EA011030115300111
B1416304755160N00753326EA011040115300111
B1416314755162N00753323EA011060115400111
B1416324755165N00753321EA011070115500111
B1416334755168N00753320EA011070115600111
B1416344755171N00753319EA011050115700111
B1416354755175N00753319EA011040115600111
B1416364755178N00753318EA011010115500111
B1416374755182N00753318EA010990115300111
B1416384755185N00753316EA010970115100111
B1416394755187N00753312EA010930114900111
B1416404755188N00753306EA010910114600111
B1416414755188N00753300EA010890114400111
B1416424755187N00753295EA010880114200111
B1416434755186N00753289EA010850114000111
B1416444755185N00753284EA010830113800111
B1416454755183N00753278EA010820113600111
B1416464755181N00753272EA010800113400111
B1416474755180N00753266EA010790113200210
B1416484755178N00753260EA010780113100210
B1416494755178N00753255EA010780113000210
B1416504755179N00753250EA010740112800210
B1416514755180N00753245EA010730112700210
B1416524755181N00753240EA010720112500210
B1416534755182N00753234EA010710112300210
B1416544755182N00753228EA010690112100210
B1416554755181N00753222EA010660112000210
B1416564755180N00753216EA010660111800210
B1416574755178N00753210EA010650111700210
B1416584755176N00753203EA010630111600210
B1416594755174N00753198EA010620111500210
B1417004755171N00753192EA010600111300210
B1417014755169N00753187EA010590111100210
B1417024755167N00753181EA010590110900210
B1417034755166N00753175EA010580110700210
B1417044755166N00753169EA010580110600210
B1417054755168N00753163EA010580110500210
B1417064755170N00753160EA010580110500210
B1417074755172N00753157EA010580110400210
B1417084755174N00753156EA010560110300210
B1417094755177N00753155EA010560110100210
B1417104755180N00753153EA010530110000210
B1417114755183N00753150EA010540109900210
B1417124755185N00753145EA010510109800210
B1417134755186N00753140EA010510109800210
B1417144755186N00753136EA010500109700210
B1417154755187N00753132EA010480109500210
B1417164755189N00753128EA010460109300210
B1417174755190N00753123EA010450109100210
B1417184755192N00753118EA010440108900210
B1417194755195N00753114EA010420108800210
B1417204755197N00753110EA010400108700210
B1417214755200N00753107EA010390108600210
B1417224755203N00753105EA010370108400210
B1417234755206N00753104EA010360108300210
B1417244755210N00753103EA010330108100210
B1417254755213N00753102EA010310107900210
B1417264755216N00753099EA010280107700210
B1417274755218N00753095EA010270107400210
B1417284755220N00753089EA010250107200210
B1417294755221N00753083EA010230107100210
B1417304755221N00753077EA010210106900210
B1417314755222N00753070EA010210106700210
B1417324755221N00753064EA010180106600210
B1417334755219N00753057EA010170106400210
B1417344755218N00753051EA010140106300210
B1417354755217N00753045EA010120106100210
B1417364755217N00753038EA010100105900210
B1417374755218N00753032EA010070105700210
B1417384755219N00753026EA010040105400210
B1417394755220N00753020EA010010105100210
B1417404755222N00753014EA009990104800210
B1417414755225N00753008EA009970104500210
B1417424755228N00753003EA009950104300210
B1417434755231N00752998EA009930104100210
B1417444755235N00752994EA009920103900210
B1417454755238N00752991EA009890103700210
B1417464755242N00752987EA009850103400209
B1417474755246N00752985EA009850103300210
B1417484755251N00752982EA009830103100210
B1417494755255N00752979EA009810102900209
B1417504755259N00752975EA009810102800209
B1417514755263N00752972EA009800102700209
B1417524755267N00752969EA009790102700209
B1417534755272N00752966EA009780102600209
B1417544755276N00752964EA009760102500209
B1417554755280N00752962EA009760102400209
B1417564755285N00752960EA009760102300209
B1417574755289N00752958EA009740102200209
B1417584755294N00752957EA009730102100210
B1417594755298N00752956EA009720102000210
B1418004755303N00752954EA009710102000210
B1418014755306N00752952EA009690101800210
B1418024755310N00752949EA009680101700210
B1418034755313N00752945EA009670101500210
B1418044755317N00752940EA009670101300210
B1418054755320N00752936EA009670101200210
B1418064755324N00752932EA009680101200210
B1418074755328N00752929EA009680101100210
B1418084755332N00752927EA009670101000210
B1418094755336N00752927EA009660100900210
B1418104755340N00752928EA009650100900210
B1418114755343N00752931EA009650100800210
B1418124755347N00752934EA009660100800210
B1418134755350N00752937EA009660100800210
B1418144755353N00752940EA009660100800210
B1418154755356N00752945EA009650100800210
B1418164755359N00752949EA009630100700210
B1418174755362N00752953EA009630100700210
B1418184755366N00752956EA009650100600210
B1418194755369N00752957EA009630100600210
B1418204755373N00752956EA009640100600210
B1418214755376N00752955EA009640100600210
B1418224755378N00752952EA009640100600210
B1418234755379N00752948EA009630100600210
B1418244755379N00752943EA009630100600210
B1418254755378N00752938EA009620100500210
B1418264755376N00752933EA009620100500209
B1418274755372N00752928EA009610100500209
B1418284755367N00752924EA009610100500209
B1418294755361N00752922EA009600100500209
B1418304755355N00752921EA009600100500209
B1418314755349N00752921EA009590100500209
B1418324755343N00752921EA009600100500209
B1418334755336N00752922EA009600100500209
B1418344755330N00752922EA009590100400209
B1418354755323N00752922EA009600100400209
B1418364755317N00752919EA009590100500209
B1418374755312N00752914EA009600100400209
B1418384755309N00752907EA009600100400209
B1418394755309N00752898EA009620100400209
B1418404755310N00752890EA009630100400209
B1418414755312N00752883EA009640100600209
B1418424755315N00752877EA009650100800209
B1418434755317N00752872EA009670100900209
B1418444755320N00752867EA009680101000209
B1418454755324N00752864EA009670101100209
B1418464755328N00752864EA009670101100209
B1418474755332N00752866EA009680101100210
B1418484755335N00752870EA009690101200210
B1418494755338N00752874EA009700101300210
B1418504755342N00752880EA009690101400210
B1418514755344N00752886EA009690101500210
B1418524755345N00752893EA009690101500210
B1418534755347N00752898EA009680101500210
B1418544755351N00752902EA009670101500210
B1418554755354N00752902EA009670101400210
B1418564755357N00752900EA009670101400210
B1418574755359N00752896EA009670101400210
B1418584755360N00752891EA009670101300210
B1418594755359N00752884EA009680101300210
B1419004755357N00752878EA009670101300210
B1419014755353N00752872EA009680101300210
B1419024755348N00752867EA009670101300210
B1419034755343N00752863EA009670101300210
B1419044755337N00752860EA009670101300210
B1419054755330N00752857EA009690101400210
B1419064755324N00752855EA009700101500210
B1419074755318N00752852EA009690101500210
B1419084755313N00752847EA009700101500210
B1419094755309N00752841EA009710101500210
B1419104755306N00752834EA009720101500210
B1419114755305N00752825EA009720101500210
B1419124755305N00752817EA009730101600210
B1419134755305N00752811EA009720101700210
B1419144755307N00752806EA009720101700210
B1419154755309N00752803EA009710101600210
B1419164755312N00752800EA009720101600210
B1419174755316N00752799EA009720101600210
B1419184755320N00752799EA009720101600210
B1419194755324N00752800EA009730101700210
B1419204755328N00752800EA009720101700210
B1419214755332N00752800EA009730101700210
B1419224755336N00752800EA009730101700210
B1419234755341N00752800EA009740101700210
B1419244755345N00752802EA009740101800210
B1419254755349N00752807EA009730101800210
B1419264755352N00752813EA009740101900210
B1419274755354N00752819EA009750101900210
B1419284755356N00752826EA009760102000210
B1419294755358N00752834EA009760102000210
B1419304755359N00752842EA009750102000210
B1419314755361N00752849EA009750102000210
B1419324755363N00752855EA009750101900210
B1419334755367N00752858EA009730101900210
B1419344755370N00752858EA009730101800210
B1419354755373N00752856EA009730101800210
B1419364755375N00752851EA009730101900210
B1419374755375N00752846EA009720101800210
B1419384755374N00752840EA009720101900210
B1419394755373N00752835EA009720101900210
B1419404755372N00752830EA009710101800210
B1419414755370N00752825EA009700101700210
B1419424755368N00752819EA009710101700210
B1419434755365N00752815EA009690101600210
B1419444755362N00752810EA009680101600210
B1419454755359N00752806EA009680101500210
B1419464755356N00752801EA009690101500210
B1419474755354N00752795EA009700101500210
B1419484755353N00752789EA009710101500210
B1419494755352N00752783EA009720101600210
B1419504755352N00752777EA009730101700210
B1419514755353N00752772EA009740101700210
B1419524755354N00752767EA009720101700210
B1419534755357N00752762EA009730101700210
B1419544755359N00752758EA009720101700210
B1419554755362N00752756EA009720101700210
B1419564755365N00752753EA009720101600210
B1419574755367N00752750EA009700101500210
B1419584755368N00752745EA009700101500210
B1419594755368N00752738EA009700101400210
B1420004755365N00752731EA009700101400210
B1420014755362N00752726EA009710101500210
B1420024755358N00752722EA009720101600210
B1420034755354N00752720EA009710101700210
B1420044755348N00752718EA009690101600210
B1420054755342N00752716EA009660101400210
B1420064755337N00752714EA009640101200210
B1420074755332N00752711EA009620101000210
B1420084755327N00752706EA009620100700210
B1420094755324N00752700EA009610100600210
B1420104755322N00752693EA009600100400210
B1420114755322N00752688EA009590100300210
B1420124755324N00752683EA009580100200210
B1420134755326N00752679EA009560100100210
B1420144755329N00752676EA009560099900210
B1420154755333N00752674EA009530099800210
B1420164755337N00752673EA009520099700210
B1420174755341N00752673EA009500099600210
B1420184755344N00752671EA009500099500210
B1420194755347N00752668EA009490099300210
B1420204755350N00752665EA009490099100210
B1420214755354N00752661EA009480099100210
B1420224755358N00752658EA009480099100210
B1420234755361N00752656EA009490099200210
B1420244755365N00752652EA009490099200210
B1420254755368N00752649EA009490099200210
B1420264755370N00752644EA009490099100210
B1420274755373N00752639EA009490099100210
B1420284755376N00752634EA009480099000210
B1420294755378N00752628EA009480098900210
B1420304755380N00752622EA009480098900210
B1420314755382N00752616EA009490099000210
B1420324755383N00752609EA009510099000210
B1420334755384N00752603EA009510099100210
B1420344755384N00752596EA009520099100210
B1420354755383N00752589EA009530099200210
B1420364755382N00752582EA009520099200210
B1420374755381N00752575EA009540099300210
B1420384755382N00752567EA009560099500210
B1420394755383N00752560EA009580099600210
B1420404755385N00752554EA009600099800210
B1420414755387N00752548EA009620099900210
B1420424755391N00752544EA009640100000210
B1420434755395N00752541EA009660100100210
B1420444755399N00752541EA009660100200210
B1420454755404N00752542EA009680100400210
B1420464755409N00752544EA009690100600210
B1420474755413N00752548EA009700100700210
B1420484755416N00752553EA009710100800210
B1420494755419N00752561EA009700100900210
B1420504755420N00752571EA009710101000210
B1420514755419N00752581EA009710101100210
B1420524755417N00752590EA009730101200210
B1420534755413N00752598EA009740101200210
B1420544755409N00752605EA009750101300210
B1420554755405N00752610EA009760101400210
B1420564755399N00752613EA009760101500210
B1420574755394N00752615EA009760101500210
B1420584755387N00752614EA009770101600210
B1420594755381N00752612EA009790101700210
B1421004755376N00752608EA009790101800210
B1421014755372N00752602EA009790102000210
B1421024755369N00752595EA009810102200210
B1421034755368N00752587EA009830102300210
B1421044755368N00752580EA009840102500210
B1421054755370N00752573EA009860102600210
B1421064755372N00752567EA009870102800210
B1421074755376N00752564EA009890103000210
B1421084755381N00752563EA009900103200210
B1421094755385N00752564EA009920103400210
B1421104755389N00752566EA009950103600210
B1421114755393N00752570EA009960103700210
B1421124755397N00752576EA009960103800210
B1421134755401N00752582EA009970103900210
B1421144755404N00752589EA009980104000210
B1421154755406N00752597EA009990104100210
B1421164755406N00752606EA009980104200210
B1421174755405N00752616EA009980104200210
B1421184755403N00752626EA009990104300210
B1421194755399N00752634EA010000104400210
B1421204755395N00752640EA010010104500210
B1421214755390N00752645EA010020104500210
B1421224755384N00752647EA010030104500210
B1421234755378N00752649EA010030104600210
B1421244755372N00752648EA010040104700210
B1421254755367N00752646EA010040104700210
B1421264755361N00752642EA010050104800210
B1421274755357N00752636EA010050104900210
B1421284755355N00752629EA010080105000210
B1421294755355N00752621EA010090105100210
B1421304755355N00752613EA010090105200210
B1421314755356N00752606EA010100105400210
B1421324755357N00752598EA010120105600210
B1421334755358N00752592EA010130105700210
B1421344755360N00752587EA010150105800210
B1421354755363N00752581EA010160105900210
B1421364755366N00752577EA010170106000210
B1421374755368N00752572EA010190106200210
B1421384755371N00752568EA010220106500210
B1421394755374N00752564EA010230106700210
B1421404755377N00752562EA010240106800210
B1421414755380N00752562EA010260106900210
B1421424755384N00752564EA010270107100210
B1421434755387N00752567EA010250107200210
B1421444755390N00752571EA010250107200210
B1421454755393N00752572EA010230107200210
B1421464755395N00752573EA010220107100210
B1421474755398N00752570EA010180107200210
B1421484755399N00752566EA010160107200210
B1421494755399N00752560EA010150107200210
B1421504755398N00752553EA010140107100210
B1421514755395N00752547EA010110106900210
B1421524755390N00752542EA010090106600210
B1421534755385N00752539EA010070106400210
B1421544755379N00752537EA010040106100210
B1421554755373N00752536EA010020105900210
B1421564755366N00752537EA009990105700210
B1421574755360N00752540EA009960105500210
B1421584755354N00752546EA009940105200210
B1421594755349N00752552EA009910104900210
B1422004755344N00752560EA009900104600210
B1422014755340N00752569EA009890104400210
B1422024755337N00752579EA009880104300210
B1422034755336N00752589EA009870104300210
B1422044755337N00752599EA009890104200210
B1422054755339N00752608EA009900104200210
B1422064755343N00752615EA009920104300210
B1422074755346N00752621EA009940104400210
B1422084755350N00752626EA009970104600210
B1422094755354N00752631EA009990104700210
B1422104755357N00752635EA010000104900210
B1422114755361N00752639EA010020105000210
B1422124755364N00752642EA010040105200210
B1422134755368N00752643EA010050105300210
B1422144755371N00752644EA010060105400210
B1422154755375N00752643EA010060105600210
B1422164755378N00752643EA010070105700210
B1422174755381N00752642EA010070105800210
B1422184755384N00752641EA010060105800210
B1422194755387N00752641EA010040105700210
B1422204755390N00752640EA010020105500210
B1422214755394N00752639EA010000105400210
B1422224755397N00752637EA009970105200210
B1422234755399N00752636EA009950105000210
B1422244755402N00752633EA009920104700210
B1422254755404N00752629EA009900104600210
B1422264755405N00752623EA009870104300210
B1422274755404N00752616EA009850104100210
B1422284755402N00752610EA009820103800210
B1422294755398N00752606EA009800103700210
B1422304755393N00752604EA009790103500210
B1422314755387N00752603EA009780103300210
B1422324755382N00752604EA009760103200209
B1422334755376N00752608EA009750103100209
B1422344755370N00752614EA009720102800209
B1422354755366N00752622EA009710102700209
B1422364755363N00752630EA009700102600209
B1422374755362N00752639EA009690102500209
B1422384755364N00752647EA009680102500210
B1422394755367N00752654EA009670102400210
B1422404755370N00752660EA009660102200210
B1422414755374N00752666EA009660102100210
B1422424755378N00752671EA009650101900210
B1422434755382N00752676EA009630101800210
B1422444755386N00752680EA009630101600210
B1422454755391N00752683EA009620101500210
B1422464755396N00752684EA009610101400210
B1422474755400N00752683EA009590101300210
B1422484755403N00752681EA009580101000210
B1422494755406N00752678EA009550100800210
B1422504755409N00752675EA009540100500210
B1422514755412N00752670EA009520100200210
B1422524755414N00752665EA009510100000210
B1422534755417N00752659EA009480099800210
B1422544755418N00752653EA009470099600210
B1422554755420N00752648EA009450099400210
B1422564755422N00752643EA009430099200210
B1422574755424N00752638EA009420099000210
B1422584755426N00752633EA009390098800210
B1422594755427N00752628EA009370098600210
B1423004755429N00752622EA009350098300210
B1423014755431N00752616EA009340098200210
B1423024755433N00752610EA009330098000210
B1423034755435N00752604EA009330098000210
B1423044755437N00752598EA009320097900210
B1423054755439N00752593EA009320097900210
B1423064755441N00752587EA009340097900210
B1423074755443N00752582EA009340097900210
B1423084755445N00752577EA009340098000210
B1423094755447N00752573EA009330097900210
B1423104755449N00752568EA009310097800210
B1423114755451N00752564EA009280097600210
B1423124755453N00752559EA009260097300210
B1423134755455N00752554EA009240097100210
B1423144755457N00752548EA009220096900210
B1423154755457N00752542EA009220096800210
B1423164755456N00752536EA009210096700210
B1423174755455N00752531EA009210096600210
B1423184755454N00752526EA009210096600210
B1423194755454N00752520EA009200096400210
B1423204755454N00752514EA009200096300210
B1423214755455N00752508EA009210096300210
B1423224755455N00752503EA009220096400210
B1423234755455N00752498EA009210096500210
B1423244755456N00752493EA009210096600210
B1423254755456N00752489EA009210096600210
B1423264755455N00752484EA009220096500210
B1423274755455N00752478EA009210096400210
B1423284755454N00752471EA009210096500210
B1423294755455N00752466EA009220096600210
B1423304755455N00752460EA009220096700210
B1423314755455N00752456EA009220096700210
B1423324755455N00752451EA009220096700210
B1423334755456N00752446EA009220096600210
B1423344755457N00752440EA009220096600210
B1423354755459N00752435EA009230096600210
B1423364755462N00752431EA009230096600210
B1423374755466N00752428EA009240096600210
B1423384755469N00752427EA009230096600210
B1423394755473N00752426EA009240096600210
B1423404755477N00752427EA009220096500210
B1423414755481N00752428EA009210096500210
B1423424755485N00752430EA009210096400210
B1423434755489N00752432EA009180096300210
B1423444755493N00752431EA009170096200210
B1423454755496N00752428EA009160096100210
B1423464755498N00752423EA009160096000210
B1423474755499N00752417EA009150096000210
B1423484755498N00752411EA009150096000210
B1423494755497N00752405EA009160096000210
B1423504755494N00752400EA009140095900210
B1423514755491N00752395EA009140095900210
B1423524755486N00752391EA009130095800210
B1423534755481N00752390EA009130095800210
B1423544755474N00752389EA009130095700210
B1423554755467N00752391EA009140095700210
B1423564755461N00752396EA009150095700210
B1423574755455N00752400EA009160095900210
B1423584755450N00752406EA009160095900210
B1423594755446N00752412EA009160096000210
B1424004755442N00752419EA009170095900210
B1424014755438N00752428EA009160095900210
B1424024755436N00752437EA009170095900210
B1424034755436N00752446EA009180095900210
B1424044755437N00752454EA009200096000210
B1424054755440N00752461EA009200096100210
B1424064755442N00752468EA009220096200210
B1424074755445N00752474EA009220096200210
B1424084755449N00752480EA009230096300210
B1424094755453N00752484EA009230096300210
B1424104755457N00752486EA009220096300210
B1424114755461N00752487EA009200096300210
B1424124755464N00752486EA009200096400210
B1424134755467N00752484EA009190096400210
B1424144755470N00752480EA009190096300210
B1424154755472N00752475EA009180096300210
B1424164755472N00752469EA009160096200210
B1424174755472N00752462EA009150096100210
B1424184755469N00752456EA009170096100210
B1424194755465N00752450EA009170096100210
B1424204755460N00752446EA009150096100210
B1424214755454N00752444EA009150096100210
B1424224755448N00752443EA009160096000209
B1424234755442N00752443EA009160096000209
B1424244755436N00752445EA009160095900209
B1424254755430N00752450EA009150095900209
B1424264755424N00752457EA009160095900209
B1424274755420N00752464EA009160095800209
B1424284755417N00752473EA009160095800209
B1424294755416N00752481EA009150095700209
B1424304755415N00752490EA009140095700209
B1424314755416N00752498EA009150095600209
B1424324755419N00752505EA009150095500210
B1424334755422N00752509EA009140095500210
B1424344755426N00752510EA009150095500210
B1424354755430N00752510EA009150095500210
B1424364755433N00752508EA009160095500210
B1424374755435N00752505EA009160095600210
B1424384755437N00752502EA009170095700210
B1424394755440N00752500EA009170095700210
B1424404755442N00752498EA009180095800210
B1424414755445N00752497EA009190095800210
B1424424755449N00752497EA009180095800210
B1424434755452N00752497EA009190095900210
B1424444755456N00752497EA009200095900210
B1424454755459N00752499EA009190095900210
B1424464755463N00752500EA009180095900210
B1424474755466N00752501EA009170095900210
B1424484755470N00752500EA009170095800210
B1424494755473N00752498EA009140095700210
B1424504755476N00752495EA009140095600210
B1424514755479N00752490EA009150095600210
B1424524755481N00752485EA009170095600210
B1424534755481N00752479EA009180095600210
B1424544755479N00752473EA009180095700210
B1424554755476N00752467EA009180095800210
B1424564755472N00752462EA009200096000210
B1424574755468N00752459EA009220096200210
B1424584755462N00752457EA009220096400210
B1424594755456N00752456EA009230096500210
B1425004755450N00752456EA009240096500210
B1425014755444N00752458EA009250096600210
B1425024755438N00752461EA009260096700210
B1425034755433N00752465EA009270096800210
B1425044755429N00752471EA009290096900210
B1425054755426N00752478EA009300097000210
B1425064755424N00752486EA009310097100210
B1425074755424N00752495EA009330097100210
B1425084755426N00752502EA009350097300210
B1425094755430N00752509EA009350097400210
B1425104755434N00752513EA009360097600210
B1425114755438N00752517EA009380097700210
B1425124755442N00752519EA009370097700210
B1425134755446N00752518EA009370097700210
B1425144755449N00752516EA009370097800210
B1425154755451N00752512EA009380097900210
B1425164755452N00752506EA009390098000210
B1425174755451N00752500EA009400098200210
B1425184755450N00752494EA009410098300210
B1425194755447N00752489EA009420098400210
B1425204755444N00752485EA009430098400210
B1425214755439N00752481EA009440098500210
B1425224755434N00752478EA009460098700210
B1425234755429N00752476EA009480098900210
B1425244755424N00752477EA009480099000210
B1425254755418N00752480EA009490099100210
B1425264755413N00752484EA009500099200210
B1425274755408N00752491EA009530099400210
B1425284755404N00752498EA009540099500210
B1425294755402N00752506EA009550099600210
B1425304755402N00752515EA009560099700210
B1425314755403N00752524EA009570099900210
B1425324755406N00752532EA009600100100210
B1425334755409N00752538EA009610100200210
B1425344755413N00752542EA009620100300210
B1425354755417N00752544EA009630100400210
B1425364755421N00752544EA009650100500210
B1425374755424N00752542EA009670100600210
B1425384755426N00752538EA009660100800210
B1425394755429N00752534EA009680100900210
B1425404755430N00752528EA009710101000210
B1425414755432N00752522EA009720101200210
B1425424755432N00752516EA009750101500210
B1425434755431N00752511EA009760101700210
B1425444755429N00752506EA009780101900210
B1425454755426N00752501EA009790102000210
B1425464755422N00752497EA009800102100210
B1425474755418N00752494EA009810102100210
B1425484755412N00752492EA009820102200210
B1425494755406N00752491EA009830102300210
B1425504755399N00752492EA009870102400210
B1425514755394N00752496EA009880102600210
B1425524755388N00752502EA009900102800210
B1425534755384N00752509EA009920102900210
B1425544755380N00752516EA009940103200210
B1425554755377N00752524EA009960103300210
B1425564755375N00752533EA009980103500210
B1425574755376N00752541EA009990103700210
B1425584755379N00752549EA010020104000210
B1425594755382N00752556EA010040104200210
B1426004755385N00752561EA010060104500210
B1426014755388N00752565EA010070104700210
B1426024755392N00752568EA010080104800210
B1426034755396N00752570EA010090104900210
B1426044755401N00752570EA010110105100210
B1426054755405N00752568EA010120105200210
B1426064755408N00752565EA010130105300210
B1426074755409N00752561EA010140105400210
B1426084755409N00752556EA010160105500210
B1426094755408N00752551EA010170105700210
B1426104755405N00752547EA010180105900210
B1426114755402N00752543EA010190106000210
B1426124755398N00752539EA010190106200210
B1426134755393N00752537EA010210106300210
B1426144755388N00752534EA010240106500210
B1426154755382N00752533EA010270106800210
B1426164755376N00752534EA010280106900210
B1426174755371N00752537EA010310107100210
B1426184755365N00752541EA010340107400210
B1426194755361N00752547EA010380107800210
B1426204755357N00752552EA010390108100210
B1426214755355N00752558EA010410108400210
B1426224755353N00752564EA010450108600210
B1426234755351N00752571EA010460108800210
B1426244755351N00752579EA010480109000210
B1426254755352N00752586EA010500109200210
B1426264755354N00752592EA010510109400210
B1426274755357N00752598EA010530109700210
B1426284755361N00752602EA010550109900210
B1426294755364N00752605EA010580110100210
B1426304755368N00752607EA010580110300210
B1426314755371N00752607EA010580110400210
B1426324755374N00752605EA010590110600210
B1426334755375N00752601EA010600110700210
B1426344755376N00752596EA010620110800210
B1426354755377N00752590EA010650110900210
B1426364755376N00752584EA010670111100210
B1426374755375N00752578EA010680111200210
B1426384755372N00752573EA010700111400210
B1426394755368N00752568EA010710111500210
B1426404755363N00752563EA010750111700210
B1426414755358N00752559EA010780111900210
B1426424755353N00752555EA010800112200210
B1426434755347N00752555EA010820112500210
B1426444755342N00752556EA010850112800210
B1426454755337N00752560EA010880113000210
B1426464755332N00752565EA010920113400210
B1426474755329N00752571EA010940113700210
B1426484755327N00752577EA010960114000210
B1426494755326N00752584EA010970114200210
B1426504755326N00752591EA010990114300210
B1426514755327N00752599EA011010114600210
B1426524755330N00752605EA011040114900210
B1426534755333N00752611EA011060115100210
B1426544755337N00752615EA011080115300210
B1426554755341N00752619EA011110115600210
B1426564755345N00752622EA011150115900210
B1426574755349N00752624EA011180116200210
B1426584755353N00752624EA011200116500210
B1426594755356N00752623EA011210116700210
B1427004755357N00752620EA011230117000210
B1427014755359N00752617EA011230117100210
B1427024755359N00752615EA011220117200210
B1427034755359N00752611EA011230117300210
B1427044755359N00752606EA011240117400210
B1427054755357N00752600EA011250117600210
B1427064755353N00752596EA011270117700210
B1427074755347N00752593EA011280117900210
B1427084755341N00752593EA011300118000210
B1427094755335N00752594EA011320118100210
B1427104755330N00752596EA011340118300210
B1427114755324N00752599EA011380118500210
B1427124755319N00752604EA011400118700210
B1427134755315N00752611EA011410118900210
B1427144755313N00752619EA011430119200210
B1427154755311N00752627EA011450119400210
B1427164755310N00752635EA011470119600210
B1427174755310N00752642EA011490119800210
B1427184755311N00752649EA011510119800210
B1427194755312N00752656EA011510119800210
B1427204755315N00752663EA011530120000210
B1427214755318N00752669EA011550120200210
B1427224755322N00752674EA011570120500210
B1427234755325N00752677EA011570120700210
B1427244755328N00752678EA011580120900210
B1427254755331N00752677EA011590121100210
B1427264755334N00752674EA011610121200210
B1427274755335N00752669EA011620121400210
B1427284755335N00752662EA011620121500209
B1427294755333N00752656EA011630121600210
B1427304755329N00752651EA011640121700210
B1427314755324N00752648EA011640121800210
B1427324755319N00752646EA011650121900210
B1427334755313N00752646EA011660121900210
B1427344755307N00752647EA011670121800210
B1427354755300N00752651EA011700121900210
B1427364755294N00752658EA011740122200210
B1427374755289N00752664EA011760122500210
B1427384755285N00752672EA011770122600210
B1427394755282N00752680EA011770122700210
B1427404755281N00752688EA011780122800210
B1427414755280N00752698EA011800122800210
B1427424755280N00752707EA011800122900210
B1427434755281N00752715EA011800123000210
B1427444755283N00752722EA011800123100210
B1427454755285N00752728EA011790123100210
B1427464755289N00752732EA011800123100210
B1427474755294N00752735EA011800123200210
B1427484755298N00752735EA011800123200210
B1427494755302N00752734EA011820123200210
B1427504755305N00752730EA011820123200210
B1427514755306N00752724EA011830123300210
B1427524755306N00752717EA011840123400210
B1427534755306N00752710EA011860123500210
B1427544755306N00752704EA011880123700210
B1427554755305N00752698EA011880123900210
B1427564755304N00752693EA011890124000210
B1427574755302N00752687EA011900124100210
B1427584755300N00752682EA011910124100210
B1427594755299N00752676EA011910124200210
B1428004755298N00752671EA011920124300210
B1428014755299N00752666EA011920124400210
B1428024755300N00752662EA011910124400210
B1428034755302N00752660EA011920124500210
B1428044755306N00752659EA011930124500210
B1428054755309N00752661EA011930124500210
B1428064755313N00752665EA011930124500210
B1428074755317N00752671EA011940124600210
B1428084755320N00752677EA011940124700210
B1428094755323N00752681EA011930124800210
B1428104755327N00752684EA011910124800210
B1428114755330N00752684EA011890124700210
B1428124755333N00752684EA011880124600210
B1428134755336N00752681EA011870124500210
B1428144755337N00752675EA011850124500209
B1428154755337N00752669EA011840124400209
B1428164755335N00752662EA011840124300209
B1428174755330N00752657EA011820124200209
B1428184755324N00752653EA011830124100209
B1428194755318N00752651EA011820124000210
B1428204755311N00752649EA011820124000210
B1428214755305N00752648EA011820123900210
B1428224755300N00752645EA011830123900210
B1428234755294N00752642EA011830123800210
B1428244755289N00752639EA011820123800210
B1428254755283N00752637EA011860123800210
B1428264755277N00752636EA011880123800210
B1428274755271N00752636EA011890123900210
B1428284755265N00752639EA011900124000210
B1428294755260N00752643EA011940124100210
B1428304755255N00752649EA011960124300210
B1428314755250N00752654EA011980124500210
B1428324755245N00752659EA012000124800210
B1428334755240N00752664EA012020125000210
B1428344755236N00752671EA012040125200210
B1428354755234N00752679EA012040125300210
B1428364755234N00752687EA012070125500210
B1428374755234N00752695EA012070125800210
B1428384755236N00752701EA012090125900210
B1428394755238N00752705EA012090126100210
B1428404755241N00752706EA012080126200209
B1428414755244N00752706EA012100126300210
B1428424755247N00752704EA012110126400210
B1428434755249N00752702EA012130126500210
B1428444755251N00752699EA012140126600210
B1428454755252N00752696EA012130126800210
B1428464755253N00752692EA012140126800210
B1428474755252N00752687EA012140126900210
B1428484755250N00752681EA012130126900210
B1428494755247N00752676EA012150127000210
B1428504755243N00752672EA012170127100210
B1428514755238N00752668EA012180127300210
B1428524755233N00752665EA012200127500210
B1428534755227N00752663EA012210127700210
B1428544755222N00752662EA012220127700210
B1428554755216N00752662EA012230127800210
B1428564755210N00752663EA012230127800210
B1428574755204N00752667EA012250127900210
B1428584755199N00752671EA012270128000210
B1428594755195N00752677EA012290128200210
B1429004755191N00752683EA012310128300210
B1429014755189N00752691EA012320128400210
B1429024755188N00752698EA012340128600210
B1429034755189N00752706EA012350128700210
B1429044755190N00752713EA012360128800210
B1429054755192N00752719EA012350128900210
B1429064755194N00752725EA012370129000210
B1429074755196N00752731EA012360129000210
B1429084755199N00752736EA012380129100210
B1429094755203N00752741EA012380129200210
B1429104755205N00752744EA012400129200210
B1429114755209N00752745EA012390129300210
B1429124755212N00752744EA012390129400210
B1429134755214N00752742EA012400129400210
B1429144755216N00752738EA012400129400210
B1429154755217N00752734EA012410129500210
B1429164755217N00752729EA012400129500210
B1429174755216N00752723EA012410129500210
B1429184755214N00752717EA012410129600210
B1429194755211N00752710EA012400129600210
B1429204755207N00752704EA012430129600210
B1429214755203N00752698EA012440129700210
B1429224755197N00752693EA012440129800210
B1429234755191N00752690EA012450130000210
B1429244755185N00752688EA012470130100210
B1429254755179N00752687EA012480130200210
B1429264755173N00752688EA012490130300210
B1429274755166N00752690EA012500130400210
B1429284755161N00752693EA012520130500210
B1429294755155N00752696EA012520130700210
B1429304755150N00752701EA012520130800210
B1429314755146N00752706EA012530130800210
B1429324755142N00752713EA012560130900210
B1429334755138N00752720EA012560131000210
B1429344755136N00752728EA012570131100210
B1429354755135N00752736EA012580131200210
B1429364755136N00752742EA012590131300210
B1429374755138N00752746EA012590131300210
B1429384755140N00752750EA012590131400210
B1429394755142N00752752EA012580131400210
B1429404755145N00752754EA012560131500210
B1429414755148N00752755EA012560131500210
B1429424755151N00752753EA012560131500210
B1429434755155N00752749EA012550131500210
B1429444755158N00752745EA012560131500210
B1429454755160N00752740EA012570131500210
B1429464755161N00752734EA012570131500210
B1429474755161N00752728EA012560131400210
B1429484755159N00752722EA012570131400210
B1429494755157N00752716EA012570131400210
B1429504755152N00752711EA012560131400210
B1429514755146N00752708EA012580131500210
B1429524755139N00752707EA012580131500210
B1429534755133N00752709EA012600131600210
B1429544755127N00752712EA012620131800210
B1429554755122N00752717EA012640131900210
B1429564755117N00752723EA012630132000210
B1429574755114N00752730EA012630132000210
B1429584755111N00752737EA012650132100210
B1429594755109N00752745EA012650132200210
B1430004755108N00752753EA012660132200210
B1430014755108N00752761EA012670132200210
B1430024755110N00752769EA012680132300210
B1430034755111N00752776EA012690132500210
B1430044755112N00752783EA012680132600210
B1430054755112N00752789EA012680132600209
B1430064755114N00752796EA012680132500210
B1430074755116N00752800EA012660132400210
B1430084755120N00752804EA012670132400210
B1430094755125N00752805EA012660132400210
B1430104755128N00752804EA012670132400210
B1430114755131N00752801EA012660132400210
B1430124755133N00752797EA012660132300210
B1430134755135N00752792EA012650132300210
B1430144755136N00752786EA012670132400210
B1430154755137N00752781EA012670132400210
B1430164755138N00752775EA012680132400210
B1430174755140N00752771EA012680132400210
B1430184755143N00752767EA012690132400210
B1430194755146N00752765EA012690132500210
B1430204755150N00752764EA012700132500210
B1430214755153N00752764EA012700132600210
B1430224755156N00752764EA012700132600210
B1430234755160N00752765EA012680132600210
B1430244755164N00752768EA012690132500210
B1430254755167N00752771EA012680132500210
B1430264755171N00752774EA012690132600210
B1430274755175N00752775EA012700132600210
B1430284755178N00752774EA012700132600210
B1430294755181N00752771EA012720132700210
B1430304755183N00752767EA012720132800210
B1430314755184N00752762EA012720132800210
B1430324755184N00752757EA012720132900210
B1430334755183N00752751EA012720132800210
B1430344755182N00752744EA012730132800210
B1430354755181N00752736EA012730132800210
B1430364755180N00752729EA012740132900210
B1430374755178N00752721EA012730133000210
B1430384755176N00752714EA012730133000210
B1430394755172N00752708EA012720133000210
B1430404755168N00752702EA012720132900210
B1430414755163N00752696EA012710132900210
B1430424755157N00752691EA012710132800210
B1430434755151N00752688EA012700132700210
B1430444755145N00752686EA012690132600210
B1430454755138N00752685EA012680132500210
B1430464755131N00752686EA012680132500210
B1430474755125N00752687EA012670132400210
B1430484755119N00752691EA012660132400210
B1430494755113N00752696EA012650132400210
B1430504755109N00752702EA012640132300210
B1430514755105N00752710EA012630132200210
B1430524755102N00752718EA012620132000210
B1430534755101N00752727EA012610131800210
B1430544755101N00752736EA012600131600210
B1430554755104N00752744EA012580131500210
B1430564755107N00752751EA012580131400210
B1430574755112N00752755EA012580131400210
B1430584755117N00752757EA012580131400210
B1430594755122N00752759EA012580131500210
B1431004755127N00752762EA012590131500210
B1431014755131N00752764EA012590131600210
B1431024755136N00752767EA012600131600210
B1431034755140N00752770EA012610131700210
B1431044755145N00752771EA012610131700210
B1431054755150N00752774EA012620131800210
B1431064755154N00752778EA012630131900210
B1431074755157N00752783EA012640132000210
B1431084755160N00752789EA012650132100210
B1431094755163N00752795EA012680132200210
B1431104755166N00752800EA012680132400210
B1431114755169N00752804EA012700132500210
B1431124755171N00752809EA012700132600210
B1431134755173N00752814EA012680132600210
B1431144755176N00752819EA012670132500210
B1431154755178N00752824EA012660132400210
B1431164755182N00752830EA012660132300210
B1431174755185N00752836EA012660132300210
B1431184755188N00752841EA012650132300210
B1431194755191N00752846EA012650132300210
B1431204755194N00752849EA012630132200210
B1431214755197N00752851EA012620132200210
B1431224755201N00752852EA012600132100210
B1431234755205N00752853EA012600132100210
B1431244755208N00752854EA012600132100210
B1431254755211N00752853EA012580132000209
B1431264755214N00752852EA012560131900210
B1431274755217N00752849EA012550131800210
B1431284755219N00752845EA012540131600210
B1431294755221N00752840EA012530131600210
B1431304755222N00752835EA012520131500210
B1431314755221N00752828EA012500131400210
B1431324755218N00752821EA012500131300210
B1431334755214N00752815EA012500131300210
B1431344755210N00752810EA012500131200210
B1431354755204N00752805EA012490131200210
B1431364755198N00752802EA012490131000210
B1431374755191N00752800EA012480130900210
B1431384755185N00752799EA012460130800210
B1431394755178N00752800EA012440130600210
B1431404755171N00752801EA012440130400210
B1431414755164N00752804EA012430130200210
B1431424755158N00752809EA012420130100210
B1431434755152N00752815EA012410129900210
B1431444755148N00752822EA012400129800210
B1431454755143N00752829EA012390129700209
B1431464755140N00752837EA012390129600210
B1431474755137N00752845EA012400129600210
B1431484755135N00752854EA012410129600210
B1431494755133N00752864EA012420129700210
B1431504755132N00752874EA012420129700210
B1431514755129N00752884EA012410129700210
B1431524755125N00752892EA012410129700210
B1431534755119N00752899EA012400129700210
B1431544755112N00752903EA012410129700210
B1431554755104N00752905EA012420129600210
B1431564755096N00752905EA012440129600210
B1431574755089N00752903EA012450129700210
B1431584755082N00752900EA012470129800210
B1431594755076N00752895EA012480129900210
B1432004755071N00752889EA012480130000210
B1432014755069N00752882EA012480130000210
B1432024755067N00752874EA012480130000210
B1432034755067N00752866EA012500130000210
B1432044755068N00752859EA012500130100210
B1432054755069N00752853EA012500130100210
B1432064755072N00752847EA012500130200210
B1432074755076N00752843EA012520130200210
B1432084755080N00752840EA012520130300210
B1432094755084N00752839EA012540130400210
B1432104755089N00752841EA012540130500210
B1432114755093N00752846EA012550130700210
B1432124755096N00752851EA012580130900210
B1432134755099N00752858EA012580131000210
B1432144755101N00752865EA012580131100210
B1432154755102N00752873EA012570131100210
B1432164755102N00752881EA012550131100210
B1432174755101N00752890EA012540131000210
B1432184755100N00752900EA012510130800210
B1432194755097N00752909EA012500130600210
B1432204755094N00752919EA012500130500210
B1432214755089N00752927EA012500130500210
B1432224755084N00752933EA012490130400210
B1432234755077N00752938EA012490130300210
B1432244755070N00752942EA012500130200210
B1432254755062N00752943EA012500130200210
B1432264755055N00752942EA012510130200210
B1432274755048N00752938EA012510130300210
B1432284755043N00752932EA012530130300210
B1432294755039N00752924EA012530130400210
B1432304755036N00752917EA012530130500210
B1432314755035N00752910EA012530130500210
B1432324755034N00752903EA012530130600210
B1432334755034N00752896EA012530130600210
B1432344755034N00752889EA012530130600210
B1432354755036N00752883EA012540130500210
B1432364755038N00752877EA012540130500210
B1432374755041N00752872EA012540130600210
B1432384755045N00752867EA012530130600210
B1432394755048N00752863EA012530130600210
B1432404755052N00752861EA012540130600210
B1432414755057N00752859EA012540130600210
B1432424755062N00752860EA012530130600210
B1432434755066N00752863EA012530130600210
B1432444755068N00752867EA012520130500210
B1432454755071N00752873EA012510130400210
B1432464755072N00752880EA012500130200210
B1432474755073N00752888EA012480130100210
B1432484755073N00752897EA012460129900210
B1432494755070N00752906EA012440129800210
B1432504755065N00752915EA012430129700210
B1432514755060N00752921EA012420129600210
B1432524755054N00752928EA012410129500210
B1432534755049N00752934EA012400129400210
B1432544755046N00752942EA012380129300210
B1432554755043N00752951EA012380129100210
B1432564755041N00752960EA012370129000210
B1432574755040N00752969EA012360129000210
B1432584755039N00752977EA012350128900210
B1432594755038N00752984EA012330128800210
B1433004755037N00752992EA012320128600210
B1433014755037N00753002EA012310128400210
B1433024755037N00753012EA012300128300210
B1433034755038N00753022EA012300128200210
B1433044755038N00753030EA012300128100210
B1433054755038N00753037EA012290128100210
B1433064755037N00753045EA012270127900210
B1433074755037N00753053EA012250127800210
B1433084755037N00753062EA012240127600210
B1433094755037N00753071EA012230127600210
B1433104755037N00753080EA012210127500210
B1433114755037N00753088EA012190127400210
B1433124755038N00753096EA012160127100210
B1433134755038N00753104EA012140126900210
B1433144755039N00753112EA012110126600210
B1433154755040N00753121EA012080126300210
B1433164755040N00753129EA012070126100210
B1433174755041N00753138EA012020125800210
B1433184755041N00753147EA011990125500210
B1433194755042N00753156EA011950125100210
B1433204755043N00753165EA011930124800210
B1433214755044N00753173EA011910124500210
B1433224755047N00753179EA011880124100210
B1433234755051N00753185EA011870123900210
B1433244755054N00753189EA011860123700210
B1433254755058N00753192EA011860123700210
B1433264755061N00753195EA011850123500210
B1433274755064N00753197EA011840123300210
B1433284755067N00753200EA011820123200210
B1433294755071N00753202EA011820123000210
B1433304755074N00753206EA011810122900210
B1433314755077N00753211EA011800123000210
B1433324755079N00753216EA011780122900210
B1433334755081N00753220EA011770122900210
B1433344755083N00753225EA011740122700210
B1433354755085N00753230EA011710122400210
B1433364755088N00753237EA011720122200210
B1433374755090N00753245EA011740122200210
B1433384755092N00753253EA011740122200210
B1433394755094N00753260EA011720122300210
B1433404755096N00753264EA011710122200210
B1433414755098N00753268EA011680121900210
B1433424755101N00753272EA011680121700210
B1433434755104N00753279EA011650121500210
B1433444755107N00753286EA011650121400210
B1433454755110N00753293EA011660121500210
B1433464755114N00753298EA011670121500210
B1433474755117N00753300EA011680121600210
B1433484755121N00753302EA011690121600210
B1433494755124N00753306EA011700121700210
B1433504755126N00753311EA011690121800210
B1433514755128N00753317EA011700121800210
B1433524755129N00753324EA011710121900210
B1433534755129N00753332EA011750122000210
B1433544755128N00753340EA011780122100210
B1433554755126N00753347EA011780122400210
B1433564755123N00753353EA011800122600210
B1433574755120N00753359EA011810122700210
B1433584755115N00753364EA011820122800210
B1433594755109N00753370EA011850122900210
B1434004755102N00753374EA011860123000210
B1434014755094N00753376EA011900123100210
B1434024755087N00753376EA011930123300210
B1434034755080N00753373EA011940123600210
B1434044755074N00753370EA011940124000209
B1434054755069N00753367EA011950124100209
B1434064755065N00753362EA011940124200210
B1434074755062N00753357EA011940124200210
B1434084755060N00753351EA011930124200210
B1434094755061N00753345EA011930124200210
B1434104755062N00753340EA011920124200210
B1434114755064N00753336EA011920124200210
B1434124755067N00753333EA011920124300210
B1434134755071N00753333EA011940124300210
B1434144755075N00753334EA011950124400210
B1434154755079N00753338EA011980124500210
B1434164755082N00753345EA011990124500210
B1434174755084N00753351EA012020124700210
B1434184755086N00753359EA012050125100210
B1434194755087N00753366EA012080125300210
B1434204755088N00753374EA012100125700210
B1434214755090N00753381EA012100125900210
B1434224755092N00753387EA012130126200210
B1434234755094N00753394EA012150126400210
B1434244755096N00753399EA012160126600210
B1434254755098N00753403EA012150126700210
B1434264755100N00753407EA012150126700210
B1434274755103N00753412EA012140126800210
B1434284755106N00753416EA012120126700210
B1434294755108N00753423EA012110126800210
B1434304755109N00753431EA012110126800210
B1434314755109N00753439EA012110126800210
B1434324755108N00753447EA012090126600210
B1434334755107N00753455EA012090126500210
B1434344755104N00753464EA012070126300210
B1434354755099N00753471EA012050126200210
B1434364755093N00753475EA012040126100210
B1434374755087N00753477EA012050126100209
B1434384755081N00753476EA012040126200210
B1434394755074N00753475EA012040126300210
B1434404755068N00753473EA012050126400210
B1434414755061N00753470EA012050126400210
B1434424755056N00753465EA012050126300210
B1434434755053N00753458EA012030126200210
B1434444755051N00753450EA012070126200210
B1434454755051N00753442EA012090126300210
B1434464755052N00753436EA012100126400210
B1434474755053N00753430EA012120126500210
B1434484755055N00753426EA012140126700210
B1434494755057N00753422EA012170126800210
B1434504755059N00753419EA012160127000210
B1434514755061N00753416EA012140127100210
B1434524755064N00753413EA012150127200210
B1434534755067N00753411EA012140127300210
B1434544755071N00753410EA012120127300210
B1434554755076N00753411EA012120127400210
B1434564755080N00753414EA012130127400210
B1434574755084N00753417EA012150127400210
B1434584755088N00753419EA012130127300210
B1434594755092N00753420EA012130127200210
B1435004755095N00753421EA012120127100210
B1435014755099N00753423EA012130127000210
B1435024755103N00753426EA012120127000210
B1435034755106N00753430EA012130127000210
B1435044755109N00753434EA012110127000210
B1435054755112N00753439EA012100127000210
B1435064755113N00753444EA012100126900210
B1435074755116N00753449EA012090126800210
B1435084755119N00753452EA012060126800210
B1435094755123N00753452EA012040126700210
B1435104755126N00753449EA012040126700210
B1435114755129N00753445EA012030126700210
B1435124755130N00753440EA012030126600210
B1435134755130N00753434EA012030126400210
B1435144755130N00753427EA012060126400210
B1435154755130N00753420EA012090126500210
B1435164755130N00753414EA012110126600210
B1435174755131N00753410EA012110126700210
B1435184755133N00753408EA012080126800210
B1435194755136N00753408EA012060126800210
B1435204755138N00753409EA012050126700210
B1435214755142N00753408EA012020126400210
B1435224755145N00753407EA011990126300210
B1435234755148N00753404EA011970126100210
B1435244755150N00753399EA011950126000210
B1435254755150N00753393EA011930125900210
B1435264755149N00753386EA011930125700209
B1435274755146N00753380EA011930125600210
B1435284755142N00753375EA011940125500209
B1435294755138N00753371EA011950125500209
B1435304755133N00753368EA011960125500209
B1435314755127N00753366EA011990125600209
B1435324755121N00753365EA011960125700209
B1435334755114N00753365EA011990125700209
B1435344755107N00753365EA012000125700209
B1435354755101N00753366EA012020125700209
B1435364755094N00753365EA012050125800209
B1435374755086N00753363EA012090125900209
B1435384755079N00753364EA012090126000209
B1435394755072N00753366EA012110126100209
B1435404755066N00753370EA012110126200209
B1435414755059N00753374EA012110126200210
B1435424755053N00753379EA012130126200210
B1435434755048N00753385EA012140126300210
B1435444755043N00753395EA012120126300210
B1435454755041N00753406EA012140126400210
B1435464755040N00753417EA012150126400210
B1435474755041N00753426EA012180126600210
B1435484755042N00753434EA012200126800210
B1435494755045N00753440EA012220127100210
B1435504755048N00753446EA012240127300210
B1435514755052N00753449EA012260127400210
B1435524755056N00753450EA012270127500210
B1435534755059N00753449EA012290127700210
B1435544755062N00753446EA012320127800210
B1435554755063N00753441EA012330128000210
B1435564755063N00753436EA012360128300210
B1435574755061N00753431EA012380128600210
B1435584755059N00753426EA012410128900210
B1435594755055N00753422EA012440129100210
B1436004755051N00753419EA012460129300210
B1436014755045N00753418EA012480129600210
B1436024755039N00753419EA012490129800210
B1436034755033N00753421EA012510130100210
B1436044755027N00753425EA012530130300210
B1436054755022N00753431EA012550130500210
B1436064755017N00753438EA012560130700210
B1436074755013N00753447EA012580130800210
B1436084755012N00753457EA012580131000210
B1436094755013N00753467EA012600131200210
B1436104755015N00753474EA012610131400210
B1436114755018N00753480EA012620131500210
B1436124755022N00753483EA012630131600210
B1436134755025N00753485EA012650131700210
B1436144755029N00753485EA012670131900210
B1436154755032N00753483EA012670132100210
B1436164755034N00753479EA012710132300210
B1436174755036N00753474EA012720132500210
B1436184755038N00753469EA012730132700210
B1436194755040N00753464EA012760132900210
B1436204755043N00753459EA012780133100210
B1436214755044N00753454EA012810133300210
B1436224755044N00753448EA012830133500210
B1436234755043N00753441EA012850133700210
B1436244755039N00753435EA012870133900210
B1436254755034N00753430EA012890134100210
B1436264755028N00753428EA012910134400210
B1436274755021N00753427EA012930134600210
B1436284755014N00753428EA012960134900209
B1436294755008N00753431EA012970135100209
B1436304755002N00753437EA012980135300209
B1436314754997N00753445EA012980135500209
B1436324754993N00753455EA013010135700209
B1436334754991N00753466EA013030135800209
B1436344754992N00753476EA013040135900209
B1436354754995N00753484EA013060136000210
B1436364754998N00753491EA013080136200210
B1436374755002N00753496EA013100136400210
B1436384755005N00753499EA013120136600210
B1436394755009N00753500EA013130136700210
B1436404755013N00753500EA013140136900210
B1436414755017N00753498EA013180137000210
B1436424755021N00753495EA013190137200210
B1436434755024N00753492EA013200137400210
B1436444755027N00753487EA013220137500210
B1436454755029N00753482EA013240137700210
B1436464755030N00753476EA013260137800210
B1436474755031N00753470EA013280138100210
B1436484755031N00753464EA013310138300210
B1436494755029N00753456EA013320138400210
B1436504755026N00753450EA013350138600210
B1436514755022N00753444EA013380138800210
B1436524755017N00753440EA013400139100210
B1436534755011N00753437EA013430139400210
B1436544755005N00753435EA013450139500210
B1436554754998N00753434EA013460139700210
B1436564754990N00753435EA013490139900210
B1436574754982N00753436EA013520140100210
B1436584754974N00753439EA013550140400210
B1436594754967N00753446EA013550140700210
B1437004754962N00753455EA013570140900210
B1437014754959N00753465EA013570141000210
B1437024754958N00753474EA013580141200210
B1437034754957N00753483EA013610141400210
B1437044754957N00753490EA013630141600210
B1437054754958N00753496EA013640141800210
B1437064754960N00753502EA013630141900210
B1437074754964N00753505EA013630142000210
B1437084754969N00753507EA013660142100210
B1437094754973N00753505EA013690142200210
B1437104754977N00753501EA013710142400210
B1437114754980N00753498EA013740142700210
B1437124754983N00753495EA013750142900210
B1437134754985N00753494EA013770143000210
B1437144754989N00753492EA013810143100210
B1437154754992N00753490EA013830143300210
B1437164754996N00753488EA013830143600210
B1437174754998N00753485EA013840143800210
B1437184754999N00753482EA013840144000210
B1437194754998N00753479EA013830144200210
B1437204754996N00753474EA013830144200209
B1437214754994N00753469EA013840144200209
B1437224754990N00753465EA013830144200209
B1437234754984N00753462EA013840144200209
B1437244754977N00753461EA013830144100209
B1437254754969N00753462EA013830144100209
B1437264754962N00753466EA013860144300209
B1437274754955N00753471EA013880144500209
B1437284754950N00753478EA013930144700210
B1437294754946N00753484EA013940144900210
B1437304754944N00753491EA013940145000210
B1437314754943N00753498EA013960145200210
B1437324754942N00753504EA013950145200210
B1437334754943N00753510EA013950145200210
B1437344754946N00753516EA013950145200210
B1437354754949N00753521EA013980145300210
B1437364754952N00753525EA013980145400210
B1437374754955N00753528EA013990145700210
B1437384754957N00753531EA013990145800210
B1437394754958N00753534EA013980145900210
B1437404754961N00753536EA013970145900210
B1437414754966N00753536EA013960145900210
B1437424754970N00753536EA013950145900210
B1437434754973N00753534EA013960145900210
B1437444754976N00753532EA013970146000210
B1437454754978N00753531EA013970146100210
B1437464754980N00753531EA013960146000210
B1437474754982N00753530EA013940145900210
B1437484754984N00753529EA013930145700210
B1437494754986N00753527EA013930145700210
B1437504754988N00753522EA013930145600210
B1437514754989N00753516EA013950145600210
B1437524754989N00753510EA013960145800210
B1437534754989N00753505EA013960145900210
B1437544754988N00753500EA013970145900210
B1437554754986N00753494EA013980145900210
B1437564754983N00753488EA013990146000210
B1437574754979N00753482EA014000146100210
B1437584754974N00753477EA014010146300210
B1437594754968N00753475EA014010146500210
B1438004754962N00753474EA014010146600210
B1438014754956N00753475EA014020146600210
B1438024754949N00753478EA014010146500210
B1438034754942N00753482EA014010146400210
B1438044754937N00753489EA014010146400210
B1438054754933N00753498EA014020146300210
B1438064754930N00753507EA014040146300210
B1438074754928N00753517EA014070146400210
B1438084754926N00753526EA014090146600210
B1438094754923N00753534EA014130146800210
B1438104754921N00753542EA014140147000210
B1438114754919N00753549EA014170147200210
B1438124754919N00753557EA014180147400210
B1438134754918N00753565EA014180147500210
B1438144754917N00753573EA014190147600210
B1438154754917N00753581EA014170147600210
B1438164754919N00753589EA014170147500210
B1438174754922N00753595EA014170147600210
B1438184754924N00753601EA014180147600210
B1438194754927N00753605EA014200147700210
B1438204754930N00753607EA014180147700210
B1438214754933N00753608EA014190147700210
B1438224754935N00753606EA014160147600210
B1438234754938N00753604EA014160147600210
B1438244754940N00753601EA014150147600210
B1438254754941N00753598EA014170147500210
B1438264754942N00753594EA014170147500210
B1438274754942N00753588EA014170147500210
B1438284754942N00753581EA014190147600210
B1438294754941N00753575EA014200147800210
B1438304754939N00753570EA014220148000210
B1438314754937N00753565EA014230148200210
B1438324754935N00753559EA014240148200210
B1438334754933N00753553EA014250148300210
B1438344754931N00753546EA014260148400210
B1438354754930N00753540EA014280148600210
B1438364754928N00753534EA014280148800210
B1438374754926N00753527EA014290148800210
B1438384754924N00753521EA014300148800210
B1438394754921N00753515EA014290148800210
B1438404754917N00753510EA014280148800210
B1438414754911N00753507EA014260148800210
B1438424754905N00753505EA014250148700210
B1438434754898N00753507EA014230148600209
B1438444754892N00753511EA014190148600209
B1438454754885N00753518EA014180148500209
B1438464754880N00753526EA014170148400209
B1438474754876N00753534EA014150148300209
B1438484754873N00753543EA014150148200209
B1438494754872N00753553EA014170148100209
B1438504754873N00753561EA014150148100209
B1438514754876N00753568EA014150148100210
B1438524754879N00753573EA014160148100210
B1438534754881N00753576EA014160148100210
B1438544754884N00753580EA014160148100210
B1438554754887N00753584EA014160148100210
B1438564754891N00753587EA014160148100210
B1438574754895N00753590EA014170148100210
B1438584754898N00753593EA014180148200210
B1438594754902N00753599EA014170148000210
B1439004754905N00753605EA014180147900210
B1439014754908N00753612EA014200147900210
B1439024754912N00753619EA014220148100210
B1439034754915N00753624EA014230148300210
B1439044754919N00753629EA014230148400210
B1439054754922N00753634EA014240148400210
B1439064754925N00753639EA014250148500210
B1439074754928N00753644EA014240148400210
B1439084754931N00753648EA014240148500210
B1439094754935N00753651EA014240148500210
B1439104754938N00753651EA014230148500209
B1439114754941N00753649EA014230148500210
B1439124754944N00753646EA014230148500210
B1439134754946N00753641EA014240148500210
B1439144754946N00753636EA014220148500210
B1439154754945N00753631EA014230148500210
B1439164754943N00753625EA014210148500210
B1439174754941N00753619EA014220148400210
B1439184754938N00753613EA014220148400210
B1439194754934N00753607EA014220148400210
B1439204754929N00753603EA014230148400210
B1439214754924N00753599EA014270148400210
B1439224754917N00753597EA014270148500210
B1439234754911N00753596EA014280148600210
B1439244754905N00753597EA014300148700210
B1439254754900N00753600EA014310148800210
B1439264754895N00753604EA014330148900210
B1439274754892N00753609EA014340148900210
B1439284754889N00753616EA014370149100210
B1439294754887N00753624EA014370149100210
B1439304754886N00753632EA014380149300210
B1439314754886N00753640EA014370149500210
B1439324754887N00753647EA014370149500210
B1439334754889N00753654EA014370149500210
B1439344754892N00753660EA014400149500210
B1439354754896N00753666EA014410149600210
B1439364754901N00753669EA014410149700210
B1439374754905N00753669EA014420149800210
B1439384754908N00753666EA014410149800210
B1439394754911N00753664EA014420149900210
B1439404754913N00753660EA014420149900210
B1439414754915N00753656EA014430150000210
B1439424754914N00753650EA014430150000210
B1439434754913N00753642EA014440150000210
B1439444754909N00753635EA014460150200210
B1439454754904N00753629EA014470150400210
B1439464754899N00753626EA014480150500210
B1439474754893N00753624EA014490150600210
B1439484754887N00753624EA014500150600210
B1439494754880N00753624EA014500150700210
B1439504754873N00753626EA014520150900210
B1439514754868N00753629EA014540151000210
B1439524754863N00753635EA014540151100210
B1439534754860N00753641EA014550151200210
B1439544754857N00753648EA014550151300210
B1439554754855N00753656EA014550151400210
B1439564754854N00753664EA014550151300210
B1439574754854N00753672EA014530151300210
B1439584754855N00753681EA014530151300210
B1439594754857N00753689EA014550151300210
B1440004754860N00753696EA014550151400210
B1440014754865N00753701EA014570151400210
B1440024754869N00753704EA014580151500210
B1440034754873N00753706EA014580151600210
B1440044754877N00753706EA014580151700210
B1440054754880N00753706EA014580151700210
B1440064754883N00753704EA014580151600209
B1440074754885N00753701EA014570151600210
B1440084754888N00753697EA014570151500210
B1440094754890N00753691EA014580151400210
B1440104754890N00753685EA014580151400210
B1440114754888N00753677EA014600151600210
B1440124754885N00753669EA014610151700210
B1440134754881N00753664EA014630151800210
B1440144754876N00753660EA014640152100210
B1440154754871N00753658EA014650152300210
B1440164754866N00753658EA014670152400210
B1440174754861N00753660EA014670152500210
B1440184754856N00753664EA014690152600210
B1440194754851N00753670EA014690152700210
B1440204754848N00753677EA014710152800210
B1440214754846N00753685EA014710152900210
B1440224754844N00753692EA014730153000210
B1440234754843N00753701EA014740153100210
B1440244754843N00753709EA014740153200210
B1440254754845N00753717EA014740153200210
B1440264754848N00753724EA014750153300210
B1440274754852N00753729EA014760153400210
B1440284754857N00753732EA014750153500210
B1440294754861N00753732EA014750153500210
B1440304754866N00753731EA014760153500210
B1440314754869N00753730EA014750153600210
B1440324754873N00753727EA014750153600210
B1440334754876N00753723EA014750153600210
B1440344754879N00753719EA014770153600210
B1440354754880N00753712EA014780153700210
B1440364754879N00753705EA014800153700210
B1440374754876N00753698EA014820153800209
B1440384754873N00753692EA014840154000209
B1440394754869N00753688EA014840154100209
B1440404754865N00753686EA014840154200209
B1440414754859N00753686EA014830154200209
B1440424754854N00753685EA014850154200209
B1440434754848N00753685EA014840154300209
B1440444754842N00753686EA014860154300209
B1440454754837N00753690EA014860154400209
B1440464754833N00753695EA014870154500210
B1440474754829N00753701EA014880154500210
B1440484754826N00753706EA014880154500210
B1440494754821N00753712EA014890154500210
B1440504754818N00753720EA014890154600210
B1440514754816N00753728EA014890154600210
B1440524754816N00753737EA014900154600210
B1440534754817N00753744EA014920154700210
B1440544754819N00753750EA014920154800210
B1440554754822N00753754EA014930154900210
B1440564754825N00753757EA014940155000210
B1440574754829N00753759EA014930155000210
B1440584754833N00753758EA014920155000209
B1440594754837N00753757EA014900155000210
B1441004754841N00753753EA014910155000210
B1441014754843N00753749EA014910155100210
B1441024754846N00753744EA014930155100210
B1441034754847N00753738EA014940155200210
B1441044754849N00753731EA014950155300210
B1441054754848N00753724EA014970155400210
B1441064754846N00753717EA015000155600210
B1441074754842N00753711EA015010155800210
B1441084754838N00753706EA015040156100210
B1441094754835N00753700EA015050156400210
B1441104754832N00753695EA015070156500210
B1441114754828N00753691EA015080156700210
B1441124754823N00753687EA015090156800210
B1441134754817N00753684EA015090156900210
B1441144754811N00753682EA015110157000210
B1441154754806N00753679EA015120157200210
B1441164754800N00753676EA015130157400210
B1441174754795N00753673EA015140157500210
B1441184754790N00753670EA015140157600210
B1441194754785N00753666EA015160157700210
B1441204754779N00753662EA015160157800210
B1441214754774N00753659EA015170157900210
B1441224754769N00753656EA015170157900210
B1441234754764N00753655EA015160157800210
B1441244754758N00753656EA015130157700210
B1441254754752N00753658EA015120157600210
B1441264754746N00753663EA015120157600210
B1441274754741N00753668EA015120157600210
B1441284754737N00753675EA015120157600210
B1441294754733N00753682EA015110157600210
B1441304754731N00753690EA015110157700210
B1441314754731N00753697EA015100157600210
B1441324754732N00753704EA015070157500210
B1441334754734N00753710EA015060157400210
B1441344754738N00753714EA015040157200210
B1441354754743N00753716EA015050157000210
B1441364754748N00753717EA015040156900210
B1441374754752N00753717EA015020156800210
B1441384754757N00753716EA015020156700210
B1441394754761N00753715EA015030156700210
B1441404754765N00753713EA015030156700210
B1441414754769N00753709EA015040156700210
B1441424754771N00753705EA015040156700210
B1441434754773N00753701EA015040156700210
B1441444754775N00753699EA015040156700210
B1441454754777N00753696EA015040156600210
B1441464754779N00753693EA015020156600210
B1441474754781N00753690EA015030156500210
B1441484754783N00753687EA015010156500210
B1441494754786N00753686EA015000156400210
B1441504754789N00753684EA015000156300210
B1441514754791N00753681EA014990156200210
B1441524754793N00753675EA014980156100210
B1441534754793N00753669EA014980156100210
B1441544754791N00753662EA014970156100210
B1441554754788N00753656EA014980156100210
B1441564754785N00753652EA014970156100210
B1441574754781N00753648EA014960156000210
B1441584754777N00753645EA014930155900210
B1441594754772N00753642EA014910155800210
B1442004754766N00753641EA014890155600210
B1442014754759N00753641EA014880155500210
B1442024754752N00753643EA014850155400210
B1442034754745N00753648EA014850155300210
B1442044754739N00753655EA014840155200210
B1442054754734N00753661EA014830155000210
B1442064754729N00753669EA014800154900210
B1442074754725N00753678EA014790154700210
B1442084754722N00753687EA014760154500210
B1442094754719N00753696EA014760154300210
B1442104754717N00753705EA014760154200210
B1442114754715N00753714EA014740154100210
B1442124754714N00753723EA014740154000210
B1442134754713N00753732EA014730153900210
B1442144754712N00753741EA014720153800210
B1442154754709N00753749EA014720153700210
B1442164754706N00753757EA014700153600210
B1442174754704N00753766EA014690153500210
B1442184754702N00753774EA014670153400210
B1442194754702N00753783EA014650153200210
B1442204754702N00753791EA014640153100210
B1442214754702N00753800EA014620152900210
B1442224754703N00753808EA014580152600210
B1442234754705N00753816EA014560152300210
B1442244754707N00753823EA014550152100210
B1442254754710N00753831EA014530151900210
B1442264754714N00753837EA014520151700210
B1442274754717N00753843EA014520151600210
B1442284754721N00753847EA014510151500210
B1442294754725N00753850EA014510151400210
B1442304754729N00753852EA014500151400209
B1442314754734N00753853EA014500151300209
B1442324754738N00753854EA014500151300209
B1442334754742N00753855EA014500151400210
B1442344754746N00753857EA014510151400210
B1442354754749N00753858EA014500151300210
B1442364754753N00753860EA014500151300210
B1442374754757N00753862EA014500151200210
B1442384754761N00753863EA014500151200210
B1442394754765N00753865EA014500151300210
B1442404754768N00753866EA014500151300210
B1442414754772N00753867EA014500151300210
B1442424754775N00753866EA014500151300210
B1442434754778N00753865EA014500151300209
B1442444754780N00753862EA014490151300210
B1442454754781N00753858EA014490151300210
B1442464754780N00753853EA014500151300210
B1442474754778N00753847EA014490151200210
B1442484754774N00753843EA014500151300210
B1442494754769N00753840EA014500151300210
B1442504754764N00753839EA014490151300210
B1442514754759N00753840EA014480151300210
B1442524754753N00753841EA014470151200210
B1442534754747N00753844EA014470151200210
B1442544754741N00753850EA014460151100210
B1442554754736N00753857EA014450151000210
B1442564754731N00753865EA014450150900210
B1442574754726N00753873EA014440150800210
B1442584754721N00753880EA014430150800210
B1442594754717N00753887EA014430150700210
B1443004754713N00753895EA014440150700210
B1443014754709N00753903EA014420150600210
B1443024754704N00753911EA014410150500210
B1443034754700N00753919EA014410150400210
B1443044754696N00753928EA014410150400210
B1443054754692N00753937EA014410150500209
B1443064754690N00753946EA014420150400209
B1443074754688N00753956EA014420150300209
B1443084754687N00753965EA014410150300209
B1443094754687N00753975EA014410150200209
B1443104754687N00753985EA014390150200209
B1443114754687N00753994EA014400150200209
B1443124754688N00754003EA014410150200209
B1443134754690N00754012EA014410150100209
B1443144754694N00754019EA014390150100209
B1443154754698N00754025EA014390150000209
B1443164754703N00754028EA014380150000209
B1443174754708N00754030EA014380150000209
B1443184754713N00754029EA014400149900209
B1443194754717N00754027EA014400149900210
B1443204754720N00754024EA014420149900210
B1443214754723N00754020EA014420150000210
B1443224754724N00754015EA014420150200210
B1443234754725N00754010EA014410150200210
B1443244754726N00754005EA014410150100210
B1443254754728N00754000EA014410150000210
B1443264754731N00753996EA014400150000210
B1443274754735N00753994EA014410149900210
B1443284754740N00753994EA014410150000210
B1443294754745N00753996EA014410150000210
B1443304754750N00754000EA014420150100210
B1443314754754N00754004EA014430150200210
B1443324754759N00754011EA014440150300210
B1443334754762N00754019EA014470150400210
B1443344754764N00754029EA014470150400210
B1443354754764N00754039EA014470150500210
B1443364754763N00754050EA014480150700210
B1443374754761N00754059EA014470150800210
B1443384754759N00754068EA014460150800210
B1443394754755N00754077EA014450150800210
B1443404754750N00754084EA014430150700210
B1443414754744N00754090EA014410150700210
B1443424754737N00754092EA014420150600210
B1443434754730N00754091EA014420150500209
B1443444754725N00754088EA014420150500209
B1443454754721N00754084EA014420150600209
B1443464754718N00754079EA014410150600209
B1443474754717N00754074EA014410150700209
B1443484754717N00754068EA014410150600209
B1443494754718N00754062EA014400150600209
B1443504754721N00754057EA014420150400209
B1443514754724N00754053EA014390150400209
B1443524754729N00754051EA014400150400209
B1443534754733N00754050EA014390150400209
B1443544754738N00754051EA014390150500209
B1443554754742N00754055EA014390150500209
B1443564754747N00754060EA014400150500209
B1443574754752N00754067EA014420150400209
B1443584754755N00754075EA014410150500209
B1443594754757N00754085EA014420150500209
B1444004754757N00754094EA014410150500209
B1444014754757N00754104EA014410150500209
B1444024754756N00754114EA014400150300209
B1444034754755N00754123EA014390150200209
B1444044754753N00754133EA014380150100209
B1444054754751N00754143EA014370150000209
B1444064754749N00754152EA014360149800209
B1444074754748N00754160EA014330149700209
B1444084754749N00754169EA014310149500209
B1444094754751N00754176EA014280149200209
B1444104754755N00754181EA014260149100209
B1444114754759N00754184EA014230149000209
B1444124754764N00754185EA014210148800209
B1444134754768N00754183EA014180148700209
B1444144754770N00754176EA014160148500209
B1444154754770N00754168EA014150148400209
B1444164754769N00754161EA014130148200209
B1444174754767N00754154EA014110148100209
B1444184754765N00754147EA014090148000209
B1444194754763N00754140EA014080147800209
B1444204754761N00754133EA014060147600209
B1444214754758N00754127EA014040147400209
B1444224754754N00754120EA014030147200209
B1444234754751N00754114EA014020147000209
B1444244754747N00754108EA014020146900209
B1444254754744N00754101EA014010146800209
B1444264754742N00754095EA013990146700209
B1444274754740N00754089EA013970146500209
B1444284754738N00754083EA013970146300209
B1444294754738N00754076EA013970146200209
B1444304754737N00754070EA013970146100209
B1444314754738N00754064EA013940146000209
B1444324754738N00754058EA013930145900209
B1444334754739N00754053EA013920145800209
B1444344754739N00754047EA013920145600209
B1444354754739N00754041EA013910145500209
B1444364754739N00754034EA013900145400209
B1444374754740N00754028EA013910145400209
B1444384754740N00754022EA013910145400209
B1444394754739N00754016EA013920145500209
B1444404754738N00754010EA013920145500209
B1444414754737N00754005EA013920145500209
B1444424754737N00753999EA013920145400209
B1444434754737N00753993EA013910145400209
B1444444754738N00753987EA013920145400209
B1444454754740N00753982EA013920145400209
B1444464754741N00753979EA013910145500209
B1444474754743N00753976EA013900145400209
B1444484754746N00753973EA013890145400209
B1444494754749N00753970EA013880145400209
B1444504754752N00753966EA013880145300209
B1444514754754N00753961EA013870145200209
B1444524754756N00753955EA013850145000209
B1444534754756N00753949EA013850144900209
B1444544754757N00753943EA013850144900209
B1444554754756N00753937EA013850144900209
B1444564754755N00753932EA013850144900209
B1444574754753N00753927EA013840144900209
B1444584754750N00753924EA013840144700209
B1444594754747N00753920EA013820144600209
B1445004754743N00753916EA013800144500209
B1445014754740N00753913EA013810144400209
B1445024754737N00753909EA013810144300209
B1445034754733N00753904EA013810144300209
B1445044754730N00753900EA013800144200209
B1445054754726N00753895EA013790144200209
B1445064754722N00753891EA013770144100209
B1445074754719N00753888EA013760144000209
B1445084754716N00753884EA013740143900209
B1445094754715N00753878EA013720143800209
B1445104754715N00753873EA013700143600209
B1445114754716N00753868EA013690143500209
B1445124754719N00753863EA013690143500209
B1445134754722N00753860EA013670143300209
B1445144754725N00753858EA013660143200209
B1445154754729N00753857EA013650143100209
B1445164754733N00753856EA013630142900209
B1445174754738N00753857EA013630142800209
B1445184754743N00753859EA013600142600209
B1445194754748N00753860EA013600142500209
B1445204754753N00753862EA013600142400209
B1445214754757N00753862EA013590142400209
B1445224754762N00753861EA013590142300209
B1445234754765N00753858EA013600142200209
B1445244754768N00753855EA013590142300209
B1445254754771N00753851EA013610142300209
B1445264754775N00753846EA013610142300209
B1445274754778N00753841EA013630142500209
B1445284754780N00753837EA013630142600209
B1445294754783N00753834EA013640142500209
B1445304754786N00753831EA013630142500209
B1445314754790N00753828EA013620142500209
B1445324754793N00753825EA013640142400209
B1445334754798N00753824EA013640142500209
B1445344754803N00753823EA013650142500209
B1445354754807N00753822EA013670142600209
B1445364754811N00753819EA013670142700209
B1445374754814N00753815EA013660142700209
B1445384754816N00753809EA013670142800209
B1445394754817N00753802EA013670142800209
B1445404754816N00753796EA013680142800209
B1445414754814N00753790EA013670142700209
B1445424754810N00753786EA013660142600209
B1445434754806N00753782EA013650142600209
B1445444754800N00753780EA013650142400209
B1445454754793N00753780EA013640142400209
B1445464754788N00753782EA013630142400209
B1445474754782N00753787EA013630142400209
B1445484754778N00753793EA013640142300209
B1445494754775N00753800EA013630142200209
B1445504754772N00753807EA013630142200209
B1445514754771N00753815EA013620142200209
B1445524754771N00753823EA013610142200209
B1445534754773N00753831EA013610142200208
B1445544754775N00753839EA013620142200209
B1445554754778N00753847EA013630142200209
B1445564754782N00753852EA013630142300209
B1445574754787N00753855EA013640142400209
B1445584754791N00753856EA013650142400209
B1445594754795N00753857EA013650142400209
B1446004754799N00753858EA013650142400209
B1446014754803N00753858EA013650142500209
B1446024754808N00753858EA013650142500209
B1446034754812N00753858EA013660142500209
B1446044754816N00753857EA013670142600209
B1446054754820N00753856EA013660142700209
B1446064754824N00753855EA013670142700209
B1446074754828N00753853EA013670142700209
B1446084754831N00753851EA013680142800209
B1446094754834N00753848EA013690142800209
B1446104754836N00753844EA013700142900209
B1446114754838N00753840EA013710143000209
B1446124754840N00753836EA013730143100209
B1446134754842N00753833EA013730143200209
B1446144754844N00753829EA013740143300209
B1446154754845N00753825EA013760143400209
B1446164754846N00753820EA013770143500209
B1446174754847N00753816EA013770143600209
B1446184754849N00753813EA013770143600209
B1446194754853N00753811EA013770143600209
B1446204754856N00753809EA013790143700209
B1446214754859N00753807EA013800143800209
B1446224754862N00753805EA013810144000209
B1446234754865N00753803EA013820144100209
B1446244754868N00753800EA013830144200209
B1446254754870N00753797EA013840144300209
B1446264754872N00753793EA013840144300209
B1446274754875N00753789EA013850144400209
B1446284754878N00753785EA013860144500209
B1446294754881N00753780EA013870144600209
B1446304754882N00753775EA013880144700209
B1446314754883N00753768EA013890144800209
B1446324754882N00753760EA013890144900209
B1446334754880N00753753EA013910145000209
B1446344754876N00753747EA013920145100209
B1446354754872N00753743EA013920145200209
B1446364754867N00753741EA013910145300209
B1446374754861N00753739EA013910145300209
B1446384754855N00753739EA013920145300209
B1446394754849N00753740EA013920145300209
B1446404754844N00753743EA013920145300209
B1446414754839N00753749EA013920145400209
B1446424754835N00753756EA013940145400209
B1446434754832N00753763EA013960145500209
B1446444754830N00753772EA014000145800209
B1446454754828N00753780EA014010145900209
B1446464754828N00753788EA014040146100209
B1446474754828N00753796EA014040146300209
B1446484754828N00753804EA014040146400209
B1446494754827N00753812EA014040146400209
B1446504754823N00753821EA014030146500209
B1446514754819N00753829EA014050146600209
B1446524754813N00753835EA014070146700209
B1446534754806N00753839EA014080146800209
B1446544754799N00753840EA014100146800209
B1446554754793N00753839EA014110147000209
B1446564754787N00753836EA014110147100209
B1446574754782N00753832EA014130147200209
B1446584754778N00753827EA014120147300209
B1446594754773N00753821EA014140147300209
B1447004754770N00753813EA014130147300209
B1447014754769N00753805EA014130147300209
B1447024754770N00753797EA014120147300209
B1447034754772N00753791EA014120147300209
B1447044754775N00753785EA014130147300209
B1447054754778N00753779EA014140147300209
B1447064754782N00753775EA014140147300209
B1447074754787N00753773EA014150147400209
B1447084754793N00753774EA014160147400209
B1447094754798N00753778EA014170147500209
B1447104754803N00753783EA014200147600209
B1447114754807N00753789EA014210147700209
B1447124754810N00753795EA014220147800209
B1447134754812N00753804EA014230147900209
B1447144754813N00753812EA014230147900209
B1447154754812N00753822EA014240148000209
B1447164754810N00753832EA014240148000209
B1447174754806N00753841EA014240148100209
B1447184754800N00753849EA014260148100209
B1447194754793N00753854EA014280148200209
B1447204754786N00753857EA014290148300209
B1447214754779N00753856EA014300148400209
B1447224754773N00753852EA014310148500209
B1447234754768N00753848EA014330148600209
B1447244754763N00753842EA014330148800209
B1447254754760N00753836EA014330148800209
B1447264754758N00753829EA014330148900209
B1447274754757N00753821EA014320148900209
B1447284754759N00753814EA014310148900209
B1447294754762N00753808EA014310148900209
B1447304754766N00753803EA014320149000209
B1447314754770N00753798EA014340149100209
B1447324754775N00753795EA014350149200209
B1447334754779N00753793EA014370149300209
B1447344754784N00753793EA014380149400209
B1447354754790N00753795EA014380149500209
B1447364754795N00753797EA014380149500209
B1447374754800N00753801EA014390149500209
B1447384754804N00753807EA014380149600209
B1447394754807N00753814EA014390149700209
B1447404754809N00753822EA014390149700209
B1447414754809N00753831EA014400149700209
B1447424754808N00753841EA014410149800209
B1447434754805N00753850EA014410149800209
B1447444754801N00753858EA014410149900209
B1447454754795N00753865EA014410149900209
B1447464754789N00753869EA014400150000209
B1447474754782N00753871EA014400150000209
B1447484754775N00753870EA014390150100209
B1447494754768N00753867EA014390150100209
B1447504754763N00753861EA014400150200209
B1447514754759N00753853EA014420150200209
B1447524754757N00753845EA014420150300209
B1447534754757N00753837EA014420150400209
B1447544754758N00753830EA014430150500209
B1447554754758N00753823EA014460150700209
B1447564754759N00753817EA014470150800209
B1447574754762N00753811EA014480150900209
B1447584754765N00753806EA014490151000209
B1447594754769N00753802EA014510151100209
B1448004754774N00753800EA014520151300209
B1448014754778N00753799EA014540151500209
B1448024754782N00753799EA014550151700209
B1448034754787N00753801EA014570151800209
B1448044754791N00753805EA014590152000209
B1448054754795N00753809EA014600152100209
B1448064754799N00753815EA014610152300209
B1448074754803N00753821EA014640152500209
B1448084754805N00753829EA014650152700209
B1448094754807N00753837EA014670152900209
B1448104754807N00753846EA014690153000209
B1448114754806N00753855EA014700153100209
B1448124754804N00753863EA014700153300209
B1448134754801N00753872EA014710153400209
B1448144754798N00753880EA014710153500209
B1448154754793N00753885EA014700153500209
B1448164754788N00753889EA014690153500209
B1448174754782N00753891EA014690153400209
B1448184754777N00753890EA014700153400209
B1448194754771N00753887EA014710153400209
B1448204754767N00753882EA014710153400209
B1448214754764N00753877EA014690153400209
B1448224754763N00753871EA014690153400209
B1448234754763N00753865EA014670153300209
B1448244754763N00753858EA014670153200209
B1448254754765N00753851EA014680153100209
B1448264754766N00753844EA014700153200209
B1448274754769N00753839EA014720153300209
B1448284754772N00753835EA014740153400209
B1448294754776N00753833EA014730153500209
B1448304754780N00753831EA014780153800209
B1448314754785N00753829EA014800154100209
B1448324754789N00753828EA014830154400209
B1448334754792N00753826EA014850154600209
B1448344754795N00753825EA014850154800209
B1448354754798N00753824EA014840154800209
B1448364754802N00753823EA014840155000209
B1448374754806N00753822EA014880155100209
B1448384754812N00753821EA014900155200209
B1448394754817N00753821EA014900155300209
B1448404754821N00753824EA014910155400209
B1448414754825N00753829EA014900155500209
B1448424754828N00753834EA014880155400209
B1448434754832N00753840EA014870155300209
B1448444754835N00753847EA014870155200209
B1448454754838N00753855EA014880155100209
B1448464754838N00753865EA014880155000209
B1448474754837N00753876EA014860155000209
B1448484754834N00753886EA014870155000209
B1448494754831N00753894EA014890155100209
B1448504754827N00753902EA014920155300209
B1448514754822N00753909EA014930155400209
B1448524754817N00753916EA014930155600209
B1448534754811N00753922EA014970155700209
B1448544754804N00753927EA014980155900209
B1448554754797N00753928EA014980156100209
B1448564754791N00753928EA015000156200209
B1448574754784N00753926EA015000156200209
B1448584754779N00753924EA015020156300209
B1448594754775N00753920EA015020156400209
B1449004754772N00753916EA015010156400209
B1449014754770N00753911EA015000156300209
B1449024754769N00753905EA014990156200209
B1449034754769N00753899EA015000156200209
B1449044754770N00753892EA015020156200209
B1449054754772N00753885EA015050156300209
B1449064754775N00753879EA015070156600209
B1449074754778N00753875EA015100156900209
B1449084754781N00753871EA015130157200209
B1449094754785N00753868EA015150157400209
B1449104754788N00753867EA015170157600209
B1449114754792N00753867EA015160157700209
B1449124754796N00753868EA015160157800209
B1449134754800N00753870EA015160157800209
B1449144754803N00753872EA015160157800209
B1449154754807N00753876EA015150157700209
B1449164754810N00753882EA015140157600209
B1449174754812N00753890EA015120157600209
B1449184754814N00753900EA015120157500209
B1449194754813N00753911EA015120157400209
B1449204754811N00753921EA015100157300209
B1449214754807N00753930EA015110157300209
B1449224754803N00753938EA015140157300209
B1449234754797N00753944EA015160157400209
B1449244754792N00753949EA015190157600209
B1449254754787N00753953EA015200157900209
B1449264754782N00753955EA015210158100209
B1449274754778N00753956EA015200158200209
B1449284754774N00753956EA015200158200209
B1449294754769N00753955EA015210158300209
B1449304754765N00753952EA015190158200209
B1449314754762N00753948EA015180158100209
B1449324754760N00753943EA015170158100209
B1449334754759N00753937EA015180158100209
B1449344754759N00753931EA015180158000209
B1449354754759N00753925EA015190158100209
B1449364754761N00753919EA015210158100209
B1449374754765N00753915EA015220158100209
B1449384754769N00753913EA015220158100209
B1449394754773N00753912EA015230158200209
B1449404754777N00753911EA015250158400209
B1449414754781N00753912EA015240158500209
B1449424754784N00753914EA015230158500209
B1449434754788N00753918EA015230158600209
B1449444754792N00753923EA015220158500209
B1449454754796N00753930EA015220158500209
B1449464754799N00753938EA015220158500209
B1449474754800N00753948EA015200158400209
B1449484754800N00753957EA015190158400209
B1449494754799N00753967EA015190158300209
B1449504754796N00753976EA015170158300209
B1449514754793N00753984EA015160158200209
B1449524754788N00753991EA015160158100209
B1449534754782N00753995EA015150158100209
B1449544754776N00753997EA015150158000209
B1449554754771N00753996EA015150158000209
B1449564754766N00753993EA015140158000209
B1449574754762N00753989EA015150157900209
B1449584754759N00753984EA015140157900209
B1449594754757N00753979EA015160157900209
B1450004754756N00753973EA015130157800209
B1450014754757N00753967EA015120157700209
B1450024754759N00753961EA015100157600209
B1450034754761N00753956EA015100157600209
B1450044754762N00753950EA015090157500209
B1450054754763N00753945EA015090157400209
B1450064754764N00753940EA015080157200209
B1450074754766N00753935EA015070157200209
B1450084754769N00753932EA015070157100209
B1450094754773N00753929EA015060157100209
B1450104754777N00753926EA015070157100209
B1450114754780N00753924EA015060157100209
B1450124754784N00753922EA015060157100209
B1450134754788N00753920EA015040157000209
B1450144754791N00753917EA015040156900209
B1450154754794N00753913EA015050156900209
B1450164754796N00753908EA015060156900209
B1450174754797N00753902EA015070156900209
B1450184754797N00753896EA015060157100209
B1450194754796N00753891EA015060157200209
B1450204754794N00753886EA015060157300209
B1450214754792N00753883EA015060157200209
B1450224754788N00753880EA015040157100209
B1450234754784N00753879EA015040157000209
B1450244754779N00753878EA015040157000209
B1450254754773N00753878EA015050157000209
B1450264754766N00753880EA015060157000209
B1450274754761N00753883EA015080157000308
B1450284754755N00753887EA015090157000308
B1450294754750N00753894EA015090157000308
B1450304754747N00753901EA015100157100308
B1450314754745N00753909EA015080157100308
B1450324754745N00753918EA015080157100308
B1450334754745N00753926EA015070157000308
B1450344754747N00753935EA015060157000308
B1450354754750N00753942EA015050156900208
B1450364754754N00753948EA015030156700208
B1450374754759N00753952EA015020156600208
B1450384754764N00753952EA015020156600208
B1450394754768N00753950EA015020156600208
B1450404754771N00753946EA015020156600209
B1450414754771N00753940EA015020156600209
B1450424754771N00753935EA015030156600209
B1450434754769N00753931EA015030156600209
B1450444754767N00753926EA015030156600209
B1450454754764N00753921EA015030156600209
B1450464754761N00753917EA015030156600209
B1450474754757N00753913EA015030156600209
B1450484754753N00753910EA015030156600209
B1450494754749N00753907EA015020156600209
B1450504754744N00753904EA015020156500209
B1450514754740N00753902EA015020156400209
B1450524754734N00753900EA015020156300209
B1450534754729N00753900EA015020156300209
B1450544754723N00753901EA015020156300209
B1450554754718N00753904EA015030156300209
B1450564754714N00753909EA015010156200209
B1450574754710N00753915EA015010156200209
B1450584754707N00753922EA015010156200209
B1450594754706N00753931EA015000156100209
B1451004754705N00753939EA015010156100209
B1451014754706N00753947EA014990156000209
B1451024754710N00753953EA015000155900209
B1451034754715N00753956EA015010155900209
B1451044754721N00753958EA015030155900209
B1451054754726N00753957EA015030156000209
B1451064754730N00753955EA015040156000209
B1451074754734N00753952EA015050156100209
B1451084754737N00753949EA015050156200209
B1451094754739N00753943EA015060156300209
B1451104754740N00753936EA015060156300209
B1451114754738N00753929EA015060156400209
B1451124754735N00753922EA015060156500209
B1451134754732N00753917EA015060156600209
B1451144754728N00753912EA015060156700209
B1451154754723N00753909EA015070156800209
B1451164754718N00753908EA015060156900209
B1451174754712N00753909EA015060156900209
B1451184754707N00753914EA015070156900209
B1451194754702N00753921EA015070157000209
B1451204754699N00753929EA015070157000209
B1451214754697N00753936EA015070157000209
B1451224754698N00753944EA015060156900209
B1451234754700N00753951EA015050156900209
B1451244754702N00753958EA015050156800209
B1451254754706N00753964EA015030156700209
B1451264754711N00753968EA015040156600209
B1451274754716N00753969EA015050156500209
B1451284754722N00753967EA015050156500209
B1451294754727N00753965EA015050156600209
B1451304754730N00753961EA015060156700209
B1451314754732N00753958EA015060156800209
B1451324754735N00753954EA015060156800209
B1451334754737N00753950EA015040156700209
B1451344754738N00753945EA015020156600209
B1451354754738N00753938EA015020156500209
B1451364754738N00753932EA015010156400209
B1451374754737N00753926EA015000156400209
B1451384754736N00753920EA014990156400209
B1451394754735N00753915EA014980156300209
B1451404754733N00753909EA014990156100209
B1451414754730N00753904EA014990156000209
B1451424754725N00753898EA015000155900209
B1451434754719N00753894EA015010155800209
B1451444754713N00753893EA015020155800209
B1451454754707N00753895EA015020155700209
B1451464754702N00753900EA015030155700209
B1451474754698N00753906EA015020155600209
B1451484754695N00753914EA015000155600209
B1451494754693N00753922EA014980155500209
B1451504754692N00753931EA014980155400209
B1451514754693N00753940EA014960155400209
B1451524754696N00753947EA014940155300209
B1451534754701N00753952EA014940155200209
B1451544754705N00753955EA014940155200209
B1451554754710N00753956EA014920155100209
B1451564754714N00753957EA014920155100209
B1451574754718N00753958EA014900155000209
B1451584754723N00753958EA014900154900209
B1451594754728N00753956EA014900154800209
B1452004754733N00753952EA014920154700209
B1452014754738N00753947EA014930154700209
B1452024754742N00753941EA014960154700209
B1452034754745N00753936EA014990154800209
B1452044754746N00753930EA015010155000209
B1452054754749N00753925EA015010155200209
B1452064754751N00753921EA015010155300209
B1452074754754N00753918EA015000155400209
B1452084754757N00753916EA015000155300209
B1452094754760N00753913EA014990155300209
B1452104754764N00753911EA014970155100209
B1452114754767N00753908EA014950155000209
B1452124754770N00753905EA014930154900209
B1452134754773N00753900EA014940154800209
B1452144754775N00753894EA014930154700209
B1452154754776N00753888EA014950154800209
B1452164754776N00753881EA014950154800209
B1452174754774N00753875EA014950154900209
B1452184754772N00753870EA014950155000209
B1452194754768N00753865EA014950155000209
B1452204754764N00753862EA014930155000209
B1452214754758N00753860EA014920155000209
B1452224754753N00753860EA014910154900209
B1452234754746N00753861EA014920154800308
B1452244754740N00753865EA014910154800308
B1452254754735N00753870EA014910154700308
B1452264754730N00753877EA014910154700308
B1452274754725N00753885EA014900154700308
B1452284754722N00753893EA014880154600308
B1452294754720N00753901EA014870154500308
B1452304754718N00753910EA014850154500308
B1452314754718N00753920EA014850154400308
B1452324754720N00753928EA014840154300308
B1452334754723N00753935EA014840154300209
B1452344754727N00753939EA014840154200209
B1452354754731N00753941EA014830154200209
B1452364754735N00753941EA014820154200209
B1452374754739N00753941EA014810154100209
B1452384754743N00753940EA014790154000209
B1452394754747N00753937EA014780153900209
B1452404754750N00753933EA014780153900209
B1452414754753N00753928EA014790153900209
B1452424754755N00753923EA014780153800209
B1452434754758N00753918EA014780153800209
B1452444754762N00753913EA014790153900209
B1452454754766N00753910EA014810154000209
B1452464754770N00753907EA014830154200208
B1452474754774N00753904EA014850154400209
B1452484754779N00753901EA014870154700209
B1452494754783N00753900EA014880154900209
B1452504754787N00753899EA014900155000209
B1452514754792N00753901EA014890154900209
B1452524754797N00753902EA014910155000209
B1452534754801N00753903EA014930155100209
B1452544754806N00753903EA014950155200209
B1452554754810N00753902EA014960155200209
B1452564754813N00753900EA014960155300209
B1452574754817N00753898EA014960155400209
B1452584754820N00753896EA014980155500209
B1452594754823N00753893EA014970155500209
B1453004754825N00753889EA014960155500209
B1453014754826N00753884EA014960155500209
B1453024754828N00753878EA014960155500209
B1453034754829N00753873EA014980155600209
B1453044754830N00753867EA014970155700209
B1453054754830N00753862EA014980155800209
B1453064754831N00753857EA014960155900209
B1453074754832N00753853EA014960155900209
B1453084754834N00753849EA014940155900209
B1453094754837N00753846EA014930155900209
B1453104754840N00753843EA014930155900209
B1453114754843N00753840EA014950155900209
B1453124754845N00753835EA014950156000209
B1453134754846N00753829EA014950156000209
B1453144754845N00753823EA014940156000209
B1453154754842N00753818EA014930156000209
B1453164754839N00753813EA014910156000209
B1453174754835N00753810EA014900155900209
B1453184754831N00753807EA014890155700209
B1453194754826N00753808EA014870155500209
B1453204754820N00753811EA014840155400209
B1453214754814N00753817EA014830155400209
B1453224754810N00753824EA014820155300209
B1453234754806N00753831EA014820155100209
B1453244754803N00753841EA014830155000209
B1453254754801N00753852EA014820154900209
B1453264754798N00753864EA014840154800209
B1453274754796N00753875EA014880154800209
B1453284754795N00753884EA014890154900209
B1453294754796N00753893EA014890154900209
B1453304754798N00753902EA014910154900209
B1453314754801N00753909EA014920155000209
B1453324754804N00753915EA014930155100209
B1453334754807N00753919EA014930155200209
B1453344754811N00753920EA014900155200209
B1453354754815N00753918EA014900155300209
B1453364754818N00753914EA014920155300209
B1453374754820N00753909EA014920155400209
B1453384754821N00753903EA014930155500209
B1453394754820N00753897EA014950155600209
B1453404754817N00753892EA014950155700209
B1453414754812N00753888EA014980155800209
B1453424754807N00753885EA014990156000209
B1453434754802N00753884EA015000156100209
B1453444754796N00753886EA015010156100209
B1453454754791N00753890EA015000156200209
B1453464754785N00753896EA015020156200209
B1453474754781N00753905EA015040156300209
B1453484754778N00753914EA015060156400209
B1453494754777N00753922EA015080156500209
B1453504754779N00753931EA015060156600209
B1453514754781N00753938EA015080156700209
B1453524754784N00753945EA015080156800209
B1453534754788N00753951EA015100156800209
B1453544754791N00753955EA015100156900209
B1453554754795N00753957EA015090157000209
B1453564754800N00753956EA015090157000209
B1453574754803N00753952EA015090157100209
B1453584754804N00753947EA015100157200209
B1453594754804N00753941EA015120157300209
B1454004754803N00753935EA015140157600209
B1454014754801N00753931EA015160157900209
B1454024754798N00753927EA015160158000209
B1454034754794N00753924EA015150158100209
B1454044754789N00753923EA015160158100209
B1454054754784N00753922EA015170158100209
B1454064754778N00753923EA015180158100209
B1454074754772N00753926EA015170158100209
B1454084754768N00753931EA015170158100209
B1454094754763N00753938EA015180158200209
B1454104754758N00753946EA015170158200209
B1454114754755N00753955EA015210158200209
B1454124754752N00753965EA015210158300209
B1454134754752N00753974EA015220158300209
B1454144754753N00753983EA015230158400209
B1454154754756N00753991EA015230158400209
B1454164754759N00753998EA015230158400209
B1454174754764N00754002EA015230158400209
B1454184754769N00754004EA015220158400209
B1454194754773N00754004EA015230158300209
B1454204754778N00754003EA015220158300209
B1454214754781N00753999EA015220158300209
B1454224754783N00753994EA015220158400209
B1454234754784N00753989EA015220158400209
B1454244754784N00753983EA015230158500209
B1454254754783N00753977EA015230158600209
B1454264754782N00753970EA015250158600209
B1454274754781N00753964EA015270158700209
B1454284754778N00753958EA015280158800209
B1454294754775N00753953EA015290159000209
B1454304754772N00753949EA015300159200209
B1454314754769N00753945EA015310159300209
B1454324754766N00753941EA015320159300209
B1454334754762N00753938EA015310159300209
B1454344754757N00753935EA015310159400209
B1454354754752N00753933EA015290159300209
B1454364754747N00753931EA015290159200209
B1454374754742N00753929EA015280159100209
B1454384754736N00753929EA015270159000209
B1454394754730N00753929EA015250158900209
B1454404754724N00753932EA015220158900209
B1454414754719N00753939EA015220159000209
B1454424754715N00753947EA015210159100209
B1454434754713N00753956EA015220159100209
B1454444754711N00753965EA015210159200209
B1454454754711N00753974EA015200159100209
B1454464754712N00753982EA015200159000209
B1454474754715N00753990EA015230159000209
B1454484754720N00753995EA015230159000209
B1454494754725N00753997EA015250159100209
B1454504754731N00753997EA015260159000209
B1454514754735N00753994EA015250159000209
B1454524754737N00753989EA015270159200209
B1454534754739N00753983EA015270159300209
B1454544754741N00753978EA015260159300209
B1454554754743N00753972EA015270159300209
B1454564754744N00753966EA015270159300209
B1454574754745N00753961EA015270159300209
B1454584754744N00753954EA015280159300209
B1454594754744N00753949EA015290159300209
B1455004754742N00753943EA015290159400209
B1455014754740N00753938EA015280159300209
B1455024754737N00753933EA015270159200209
B1455034754733N00753928EA015260159200209
B1455044754729N00753923EA015260159100209
B1455054754724N00753919EA015260159100209
B1455064754719N00753916EA015240159000209
B1455074754714N00753913EA015210158900209
B1455084754708N00753911EA015190158700209
B1455094754702N00753910EA015180158500209
B1455104754695N00753912EA015150158400210
B1455114754689N00753916EA015120158300210
B1455124754683N00753921EA015100158200210
B1455134754678N00753929EA015080158000210
B1455144754674N00753937EA015070157800210
B1455154754671N00753947EA015030157600210
B1455164754670N00753956EA015010157300210
B1455174754671N00753965EA014940156900210
B1455184754673N00753973EA014950156700210
B1455194754677N00753978EA014910156400210
B1455204754681N00753982EA014910156300210
B1455214754685N00753984EA014890156100210
B1455224754689N00753982EA014870155900210
B1455234754692N00753979EA014870155700210
B1455244754694N00753974EA014870155600210
B1455254754697N00753969EA014850155400210
B1455264754700N00753964EA014860155400210
B1455274754704N00753961EA014870155300210
B1455284754707N00753958EA014870155300210
B1455294754710N00753956EA014880155300210
B1455304754714N00753953EA014870155300210
B1455314754718N00753952EA014870155200209
B1455324754722N00753950EA014880155200210
B1455334754726N00753949EA014900155200210
B1455344754731N00753948EA014910155300210
B1455354754735N00753947EA014920155500210
B1455364754739N00753945EA014940155600210
B1455374754743N00753944EA014950155800210
B1455384754747N00753942EA014960155900210
B1455394754750N00753940EA014960155900210
B1455404754753N00753937EA014960156000210
B1455414754757N00753933EA014970156000210
B1455424754760N00753930EA014980156000210
B1455434754764N00753927EA014970156100210
B1455444754768N00753925EA014990156100210
B1455454754772N00753922EA014990156200210
B1455464754777N00753920EA015000156200210
B1455474754781N00753918EA015000156200210
B1455484754786N00753916EA014990156200210
B1455494754790N00753914EA015010156200210
B1455504754794N00753911EA015010156300210
B1455514754798N00753907EA015020156300210
B1455524754802N00753901EA015040156400210
B1455534754805N00753895EA015050156500210
B1455544754808N00753889EA015080156700210
B1455554754810N00753883EA015090157000210
B1455564754813N00753877EA015110157100210
B1455574754817N00753872EA015120157400210
B1455584754821N00753868EA015140157600210
B1455594754824N00753864EA015160157900210
B1456004754828N00753861EA015170158000210
B1456014754831N00753858EA015170158100210
B1456024754836N00753856EA015160158100210
B1456034754840N00753853EA015190158100210
B1456044754845N00753851EA015210158200210
B1456054754851N00753848EA015240158400210
B1456064754856N00753846EA015270158500210
B1456074754860N00753845EA015280158700210
B1456084754865N00753843EA015310158800210
B1456094754870N00753841EA015320159000210
B1456104754875N00753839EA015330159200210
B1456114754879N00753838EA015350159500210
B1456124754882N00753837EA015360159600210
B1456134754885N00753835EA015370159700210
B1456144754887N00753831EA015390159800210
B1456154754889N00753826EA015400159900210
B1456164754891N00753820EA015450160100210
B1456174754892N00753814EA015460160400210
B1456184754892N00753808EA015470160600210
B1456194754891N00753803EA015470160800210
B1456204754888N00753799EA015470160900210
B1456214754884N00753796EA015490161000210
B1456224754880N00753795EA015500161200210
B1456234754876N00753795EA015520161400210
B1456244754872N00753799EA015520161600210
B1456254754867N00753804EA015520161700210
B1456264754863N00753812EA015560161900210
B1456274754860N00753820EA015570162100210
B1456284754859N00753828EA015570162200210
B1456294754858N00753837EA015580162300210
B1456304754859N00753845EA015590162300210
B1456314754860N00753853EA015600162300210
B1456324754863N00753860EA015600162400210
B1456334754866N00753865EA015620162400210
B1456344754870N00753871EA015630162500210
B1456354754875N00753875EA015630162600210
B1456364754880N00753879EA015640162700210
B1456374754886N00753881EA015630162800210
B1456384754891N00753882EA015610162800210
B1456394754896N00753883EA015600162600210
B1456404754901N00753883EA015570162400210
B1456414754906N00753881EA015540162200210
B1456424754910N00753877EA015530162000210
B1456434754913N00753871EA015530161900210
B1456444754915N00753865EA015510161800210
B1456454754915N00753859EA015500161800210
B1456464754913N00753853EA015470161600210
B1456474754911N00753847EA015450161400210
B1456484754909N00753842EA015430161200210
B1456494754906N00753835EA015420161000210
B1456504754903N00753829EA015400160800210
B1456514754900N00753823EA015400160700210
B1456524754895N00753817EA015390160600210
B1456534754890N00753811EA015400160500210
B1456544754886N00753805EA015420160600210
B1456554754882N00753800EA015430160700210
B1456564754878N00753794EA015430160700210
B1456574754876N00753788EA015420160700210
B1456584754874N00753781EA015410160600210
B1456594754874N00753775EA015420160600210
B1457004754874N00753770EA015430160700210
B1457014754875N00753765EA015420160700210
B1457024754877N00753761EA015420160700210
B1457034754880N00753758EA015420160800210
B1457044754883N00753756EA015420160700210
B1457054754887N00753753EA015420160700210
B1457064754890N00753750EA015410160600210
B1457074754893N00753747EA015410160600210
B1457084754895N00753744EA015390160500210
B1457094754897N00753740EA015390160400210
B1457104754898N00753735EA015370160200210
B1457114754898N00753728EA015350160000210
B1457124754897N00753721EA015340159900210
B1457134754894N00753715EA015340159800210
B1457144754890N00753710EA015320159800210
B1457154754886N00753707EA015300159700210
B1457164754881N00753705EA015300159600210
B1457174754875N00753703EA015290159400210
B1457184754869N00753702EA015280159300210
B1457194754863N00753700EA015280159300210
B1457204754857N00753699EA015280159200210
B1457214754852N00753697EA015270159200210
B1457224754846N00753695EA015280159200210
B1457234754840N00753695EA015270159200210
B1457244754835N00753696EA015260159300210
B1457254754830N00753699EA015260159300210
B1457264754824N00753702EA015250159300210
B1457274754818N00753706EA015250159300210
B1457284754813N00753712EA015240159300210
B1457294754809N00753719EA015240159200210
B1457304754805N00753728EA015250159100210
B1457314754803N00753738EA015270159100210
B1457324754803N00753747EA015270159200210
B1457334754803N00753755EA015280159200210
B1457344754805N00753763EA015290159200210
B1457354754807N00753769EA015310159200210
B1457364754810N00753775EA015330159300210
B1457374754814N00753778EA015320159400210
B1457384754817N00753778EA015320159400210
B1457394754821N00753775EA015320159500210
B1457404754824N00753773EA015330159600210
B1457414754828N00753770EA015340159700210
B1457424754831N00753767EA015330159700210
B1457434754835N00753765EA015320159700210
B1457444754838N00753764EA015310159700210
B1457454754842N00753762EA015300159600210
B1457464754846N00753761EA015290159600210
B1457474754850N00753760EA015320159600210
B1457484754854N00753759EA015320159500210
B1457494754858N00753756EA015300159500210
B1457504754861N00753752EA015310159500210
B1457514754863N00753747EA015310159500210
B1457524754865N00753743EA015300159500210
B1457534754867N00753740EA015300159500210
B1457544754870N00753737EA015270159400210
B1457554754873N00753733EA015260159300210
B1457564754876N00753730EA015260159200210
B1457574754880N00753727EA015240159200210
B1457584754883N00753725EA015230159100210
B1457594754886N00753724EA015210158900210
B1458004754890N00753722EA015200158800210
B1458014754893N00753719EA015200158600210
B1458024754896N00753714EA015190158500210
B1458034754897N00753707EA015180158400210
B1458044754896N00753700EA015160158300210
B1458054754894N00753694EA015140158200210
B1458064754890N00753690EA015130158200210
B1458074754885N00753688EA015120158000210
B1458084754880N00753686EA015100157800210
B1458094754875N00753687EA015080157500210
B1458104754869N00753691EA015050157300210
B1458114754863N00753698EA015030157200210
B1458124754859N00753706EA015030157100210
B1458134754857N00753715EA015020156900210
B1458144754855N00753724EA015010156700210
B1458154754853N00753733EA014990156400210
B1458164754850N00753743EA014960156300210
B1458174754848N00753752EA014960156100210
B1458184754845N00753761EA014960156000210
B1458194754842N00753771EA014980155900210
B1458204754838N00753780EA014990155900210
B1458214754833N00753788EA015010155900210
B1458224754827N00753796EA015020156000210
B1458234754821N00753801EA015040156100210
B1458244754815N00753805EA015050156100210
B1458254754809N00753808EA015050156200210
B1458264754803N00753810EA015050156200210
B1458274754798N00753811EA015030156100210
B1458284754791N00753810EA015030156000210
B1458294754785N00753807EA015040156000210
B1458304754779N00753803EA015060156000210
B1458314754775N00753798EA015060156000210
B1458324754772N00753792EA015040156000210
B1458334754770N00753785EA015030156000210
B1458344754768N00753778EA015000155900210
B1458354754768N00753771EA015010155900210
B1458364754769N00753764EA014990155800210
B1458374754771N00753759EA014980155700210
B1458384754774N00753756EA014960155600210
B1458394754778N00753753EA014950155600210
B1458404754782N00753751EA014940155600210
B1458414754787N00753752EA014930155500210
B1458424754791N00753756EA014910155400210
B1458434754794N00753761EA014900155300210
B1458444754797N00753769EA014880155200210
B1458454754798N00753777EA014880155100210
B1458464754798N00753786EA014880155000210
B1458474754796N00753795EA014880154900210
B1458484754794N00753804EA014880154900210
B1458494754792N00753813EA014880154900210
B1458504754788N00753822EA014880154900210
B1458514754784N00753830EA014880154900210
B1458524754779N00753837EA014880154900210
B1458534754772N00753841EA014880154900210
B1458544754765N00753842EA014880154900210
B1458554754759N00753841EA014880154900210
B1458564754753N00753836EA014890154800210
B1458574754749N00753829EA014910155000210
B1458584754746N00753822EA014910155200210
B1458594754745N00753815EA014910155300210
B1459004754745N00753810EA014900155400210
B1459014754746N00753805EA014890155300210
B1459024754748N00753802EA014880155200210
B1459034754751N00753799EA014860155100210
B1459044754755N00753798EA014850155000210
B1459054754758N00753799EA014850155000210
B1459064754762N00753804EA014850154900210
B1459074754765N00753811EA014860154900210
B1459084754766N00753820EA014880154900210
B1459094754767N00753828EA014890155000210
B1459104754766N00753836EA014900155100210
B1459114754764N00753845EA014910155100210
B1459124754761N00753853EA014920155300210
B1459134754757N00753861EA014960155400210
B1459144754753N00753868EA014960155600210
B1459154754747N00753873EA014980155800210
B1459164754742N00753875EA014980155900210
B1459174754737N00753875EA014980156000210
B1459184754732N00753874EA014970156100210
B1459194754726N00753871EA014980156100210
B1459204754722N00753868EA014970156200210
B1459214754718N00753862EA014960156100210
B1459224754715N00753855EA014970156100210
B1459234754715N00753848EA014980156200210
B1459244754716N00753841EA014980156300210
B1459254754719N00753836EA014980156300210
B1459264754722N00753832EA014960156300210
B1459274754725N00753830EA014960156300210
B1459284754729N00753829EA014950156300210
B1459294754733N00753830EA014950156300209
B1459304754737N00753833EA014940156300209
B1459314754741N00753837EA014950156300209
B1459324754745N00753843EA014960156300209
B1459334754748N00753849EA014970156300209
B1459344754750N00753857EA014980156300209
B1459354754751N00753866EA015000156400209
B1459364754750N00753875EA015010156400209
B1459374754748N00753884EA015010156500209
B1459384754745N00753892EA015040156700209
B1459394754740N00753899EA015040156800209
B1459404754735N00753905EA015060157000209
B1459414754729N00753908EA015060157100209
B1459424754723N00753911EA015070157100209
B1459434754717N00753911EA015070157200209
B1459444754712N00753910EA015070157200209
B1459454754706N00753907EA015070157200209
B1459464754702N00753902EA015070157200209
B1459474754698N00753897EA015070157200209
B1459484754696N00753891EA015060157200209
B1459494754694N00753884EA015070157200209
B1459504754694N00753878EA015060157100209
B1459514754696N00753873EA015060157100209
B1459524754698N00753868EA015060157000209
B1459534754701N00753865EA015060157000209
B1459544754705N00753862EA015060157000209
B1459554754709N00753861EA015060157000209
B1459564754713N00753861EA015060157000209
B1459574754718N00753864EA015080157000209
B1459584754721N00753869EA015090157000209
B1459594754724N00753875EA015120157100209
B1500004754727N00753883EA015130157100209
B1500014754728N00753891EA015140157200209
B1500024754728N00753900EA015150157300209
B1500034754726N00753908EA015150157300209
B1500044754723N00753917EA015150157400209
B1500054754719N00753924EA015160157500209
B1500064754714N00753930EA015160157500209
B1500074754709N00753933EA015160157600209
B1500084754703N00753933EA015160157600209
B1500094754697N00753933EA015160157600209
B1500104754691N00753931EA015160157600209
B1500114754685N00753928EA015160157600209
B1500124754681N00753924EA015150157600209
B1500134754678N00753918EA015150157600209
B1500144754676N00753912EA015150157600209
B1500154754676N00753905EA015160157700209
B1500164754678N00753900EA015150157700209
B1500174754681N00753896EA015150157700209
B1500184754685N00753894EA015160157700209
B1500194754689N00753894EA015150157800209
B1500204754694N00753895EA015150157800209
B1500214754698N00753897EA015170157800209
B1500224754702N00753898EA015160157900209
B1500234754706N00753899EA015190157900209
B1500244754710N00753898EA015180158000209
B1500254754713N00753896EA015180158100209
B1500264754715N00753891EA015180158100209
B1500274754715N00753887EA015190158100209
B1500284754714N00753881EA015190158200209
B1500294754711N00753876EA015190158200209
B1500304754708N00753871EA015180158200209
B1500314754704N00753867EA015180158200209
B1500324754699N00753865EA015170158100209
B1500334754693N00753863EA015150158000209
B1500344754687N00753863EA015120157800209
B1500354754681N00753865EA015110157700209
B1500364754675N00753869EA015090157700209
B1500374754671N00753875EA015070157600209
B1500384754667N00753884EA015050157500209
B1500394754666N00753894EA015050157400209
B1500404754666N00753903EA015040157300209
B1500414754668N00753912EA015050157200209
B1500424754670N00753919EA015040157100209
B1500434754674N00753925EA015040157100209
B1500444754678N00753929EA015040157000209
B1500454754682N00753930EA015040156900209
B1500464754686N00753930EA015030156900209
B1500474754689N00753928EA015030156800209
B1500484754690N00753924EA015030156800209
B1500494754691N00753919EA015040156800209
B1500504754690N00753913EA015030156700209
B1500514754688N00753908EA015010156700209
B1500524754686N00753902EA014990156600209
B1500534754683N00753897EA014980156400209
B1500544754680N00753891EA014970156300209
B1500554754677N00753884EA014960156100209
B1500564754675N00753877EA014960156000209
B1500574754673N00753871EA014940155900209
B1500584754671N00753865EA014920155900209
B1500594754670N00753859EA014900155600209
B1501004754670N00753853EA014870155400209
B1501014754671N00753846EA014860155200209
B1501024754673N00753841EA014840155000209
B1501034754676N00753836EA014840154900209
B1501044754680N00753834EA014820154800209
B1501054754684N00753834EA014800154700209
B1501064754688N00753834EA014790154600209
B1501074754692N00753835EA014770154400209
B1501084754696N00753836EA014750154200209
B1501094754701N00753838EA014730154100209
B1501104754706N00753840EA014710153900209
B1501114754711N00753841EA014700153800209
B1501124754715N00753841EA014680153600209
B1501134754719N00753840EA014680153500209
B1501144754724N00753838EA014650153300209
B1501154754727N00753836EA014640153200209
B1501164754730N00753833EA014610153000209
B1501174754733N00753829EA014590152800209
B1501184754735N00753823EA014570152500209
B1501194754737N00753817EA014540152300209
B1501204754739N00753811EA014530152000209
B1501214754742N00753807EA014510151900209
B1501224754745N00753803EA014470151700209
B1501234754749N00753800EA014470151500209
B1501244754754N00753798EA014450151300209
B1501254754758N00753796EA014420151100209
B1501264754763N00753795EA014400150900209
B1501274754767N00753794EA014380150700209
B1501284754772N00753794EA014360150500209
B1501294754776N00753794EA014340150300209
B1501304754779N00753794EA014320150100209
B1501314754783N00753793EA014290149800209
B1501324754787N00753793EA014260149600209
B1501334754792N00753793EA014240149300209
B1501344754797N00753793EA014230149100209
B1501354754801N00753792EA014210148900209
B1501364754805N00753789EA014180148700209
B1501374754808N00753786EA014160148500209
B1501384754811N00753782EA014130148200209
B1501394754814N00753777EA014090147900209
B1501404754816N00753772EA014080147700209
B1501414754819N00753767EA014060147500209
B1501424754821N00753762EA014050147300209
B1501434754822N00753757EA014030147100209
B1501444754823N00753752EA014020147000209
B1501454754825N00753746EA014020146800209
B1501464754828N00753740EA014020146600209
B1501474754830N00753734EA014020146500209
B1501484754832N00753728EA014020146500209
B1501494754834N00753722EA014030146500209
B1501504754836N00753717EA014020146500209
B1501514754839N00753713EA014010146500209
B1501524754841N00753708EA014020146300209
B1501534754842N00753704EA014020146200209
B1501544754844N00753699EA013990146200209
B1501554754845N00753694EA013980146200209
B1501564754846N00753690EA013970146100209
B1501574754846N00753685EA013960146000209
B1501584754847N00753681EA013950146000209
B1501594754848N00753676EA013940145800209
B1502004754849N00753671EA013930145700209
B1502014754850N00753666EA013920145600209
B1502024754851N00753660EA013920145500209
B1502034754851N00753655EA013910145400209
B1502044754852N00753649EA013910145300209
B1502054754852N00753643EA013890145300209
B1502064754851N00753637EA013890145300209
B1502074754851N00753632EA013890145200209
B1502084754850N00753625EA013880145100209
B1502094754850N00753619EA013890145000209
B1502104754850N00753612EA013870144900209
B1502114754851N00753605EA013870144800209
B1502124754853N00753600EA013860144700209
B1502134754855N00753594EA013840144600209
B1502144754858N00753590EA013860144600209
B1502154754861N00753586EA013840144600209
B1502164754864N00753582EA013820144500209
B1502174754867N00753578EA013820144400209
B1502184754870N00753575EA013810144200209
B1502194754874N00753572EA013820144000209
B1502204754878N00753570EA013810143900209
B1502214754882N00753569EA013810143900209
B1502224754886N00753569EA013800143800209
B1502234754890N00753569EA013800143800209
B1502244754894N00753568EA013790143600209
B1502254754898N00753568EA013780143600209
B1502264754902N00753569EA013780143500209
B1502274754906N00753570EA013770143500209
B1502284754910N00753571EA013760143500209
B1502294754914N00753572EA013770143500209
B1502304754917N00753573EA013770143500209
B1502314754921N00753576EA013760143400209
B1502324754924N00753578EA013750143400209
B1502334754928N00753581EA013740143300209
B1502344754932N00753582EA013750143300209
B1502354754936N00753584EA013750143200209
B1502364754941N00753585EA013730143200209
B1502374754945N00753586EA013730143100208
B1502384754949N00753586EA013730143100209
B1502394754953N00753586EA013720143100209
B1502404754956N00753584EA013720143000209
B1502414754959N00753581EA013700142900209
B1502424754962N00753579EA013690142800209
B1502434754966N00753578EA013700142800209
B1502444754970N00753577EA013680142700209
B1502454754973N00753574EA013680142600208
B1502464754976N00753571EA013670142400208
B1502474754980N00753568EA013670142300209
B1502484754984N00753564EA013680142300209
B1502494754987N00753563EA013690142200209
B1502504754991N00753562EA013700142200209
B1502514754995N00753561EA013700142200209
B1502524754998N00753561EA013700142200209
B1502534755001N00753561EA013710142200209
B1502544755005N00753561EA013680142200209
B1502554755009N00753561EA013700142100209
B1502564755013N00753561EA013690142100209
B1502574755016N00753560EA013680142100209
B1502584755019N00753559EA013680142100209
B1502594755022N00753557EA013680142100209
B1503004755025N00753555EA013670142100209
B1503014755029N00753553EA013670142100209
B1503024755032N00753552EA013660142100209
B1503034755035N00753550EA013660142000209
B1503044755038N00753547EA013650142000209
B1503054755042N00753545EA013660142000209
B1503064755046N00753544EA013660142100209
B1503074755050N00753542EA013660142100209
B1503084755053N00753541EA013680142200209
B1503094755057N00753540EA013690142300209
B1503104755061N00753539EA013710142500209
B1503114755065N00753538EA013730142600209
B1503124755068N00753538EA013740142800209
B1503134755072N00753539EA013760142900209
B1503144755076N00753540EA013750143100209
B1503154755079N00753541EA013760143100209
B1503164755083N00753541EA013760143300209
B1503174755087N00753540EA013760143400209
B1503184755090N00753538EA013750143500208
B1503194755094N00753534EA013760143600209
B1503204755097N00753528EA013780143600209
B1503214755098N00753522EA013770143600209
B1503224755097N00753515EA013760143700209
B1503234755096N00753509EA013760143800209
B1503244755093N00753502EA013760143700209
B1503254755090N00753496EA013770143700209
B1503264755086N00753490EA013770143600209
B1503274755080N00753486EA013760143500209
B1503284755074N00753482EA013760143500209
B1503294755067N00753480EA013750143500209
B1503304755061N00753481EA013740143400209
B1503314755056N00753483EA013710143400209
B1503324755052N00753486EA013680143300209
B1503334755048N00753491EA013640143200209
B1503344755046N00753497EA013630143100209
B1503354755044N00753505EA013610142900209
B1503364755043N00753515EA013610142700209
B1503374755045N00753524EA013610142600209
B1503384755049N00753529EA013600142400209
B1503394755053N00753532EA013620142400209
B1503404755057N00753533EA013630142300209
B1503414755061N00753534EA013640142300209
B1503424755064N00753534EA013660142300209
B1503434755068N00753534EA013660142300209
B1503444755072N00753534EA013660142300209
B1503454755076N00753533EA013660142300209
B1503464755079N00753533EA013660142400209
B1503474755083N00753533EA013660142400209
B1503484755086N00753532EA013670142500209
B1503494755090N00753533EA013690142600209
B1503504755095N00753533EA013710142700209
B1503514755099N00753534EA013730142800209
B1503524755103N00753533EA013730142900209
B1503534755106N00753532EA013740143000209
B1503544755110N00753531EA013760143100209
B1503554755113N00753528EA013770143200209
B1503564755116N00753525EA013790143300209
B1503574755119N00753521EA013800143500209
B1503584755122N00753517EA013810143600209
B1503594755124N00753513EA013820143800209
B1504004755126N00753508EA013840143900209
B1504014755128N00753504EA013850144000209
B1504024755131N00753500EA013880144200209
B1504034755134N00753496EA013900144400209
B1504044755138N00753493EA013910144600209
B1504054755141N00753492EA013920144800209
B1504064755145N00753492EA013910144900209
B1504074755148N00753493EA013910145100209
B1504084755151N00753495EA013900145200209
B1504094755155N00753496EA013890145300209
B1504104755159N00753497EA013890145400209
B1504114755163N00753500EA013880145400209
B1504124755167N00753502EA013870145300209
B1504134755170N00753504EA013860145300209
B1504144755174N00753505EA013850145200208
B1504154755178N00753506EA013840145200208
B1504164755182N00753505EA013820145200209
B1504174755186N00753502EA013820145200209
B1504184755190N00753499EA013790145200209
B1504194755192N00753494EA013790145100209
B1504204755194N00753487EA013770144900209
B1504214755194N00753480EA013760144700209
B1504224755193N00753473EA013740144600209
B1504234755192N00753466EA013720144400209
B1504244755189N00753461EA013730144300209
B1504254755183N00753457EA013710143900209
B1504264755177N00753455EA013710143800209
B1504274755171N00753455EA013700143700209
B1504284755166N00753457EA013690143600209
B1504294755161N00753460EA013680143500209
B1504304755157N00753463EA013660143300209
B1504314755152N00753467EA013640143000209
B1504324755146N00753469EA013620142800209
B1504334755141N00753471EA013610142600209
B1504344755135N00753472EA013590142400209
B1504354755129N00753473EA013590142200209
B1504364755123N00753472EA013570142000209
B1504374755117N00753471EA013560141900209
B1504384755111N00753471EA013560141700209
B1504394755105N00753473EA013560141600209
B1504404755100N00753477EA013560141500209
B1504414755096N00753483EA013560141500209
B1504424755091N00753489EA013570141600209
B1504434755087N00753495EA013580141600209
B1504444755084N00753500EA013580141600209
B1504454755079N00753505EA013580141600209
B1504464755075N00753511EA013580141600209
B1504474755071N00753518EA013580141600209
B1504484755067N00753526EA013590141600209
B1504494755063N00753533EA013580141600209
B1504504755059N00753541EA013590141600209
B1504514755056N00753550EA013590141600209
B1504524755054N00753560EA013600141600209
B1504534755054N00753570EA013590141500209
B1504544755055N00753580EA013590141500209
B1504554755056N00753589EA013590141500209
B1504564755059N00753596EA013590141400209
B1504574755062N00753602EA013590141400209
B1504584755066N00753607EA013590141400209
B1504594755071N00753611EA013590141500209
B1505004755075N00753613EA013610141500209
B1505014755079N00753614EA013620141600209
B1505024755084N00753613EA013610141600209
B1505034755088N00753610EA013620141600209
B1505044755092N00753608EA013640141700209
B1505054755096N00753606EA013640141800209
B1505064755100N00753605EA013640141800209
B1505074755104N00753603EA013630141800209
B1505084755108N00753601EA013630141900209
B1505094755112N00753598EA013660141900209
B1505104755116N00753595EA013680142000209
B1505114755120N00753592EA013720142100209
B1505124755123N00753590EA013740142200209
B1505134755126N00753587EA013750142300209
B1505144755128N00753583EA013760142400209
B1505154755129N00753578EA013760142500209
B1505164755129N00753573EA013750142600209
B1505174755128N00753567EA013740142600209
B1505184755126N00753561EA013750142700209
B1505194755123N00753557EA013740142800209
B1505204755117N00753554EA013730142800209
B1505214755112N00753553EA013730142700209
B1505224755106N00753554EA013720142700209
B1505234755100N00753556EA013710142700209
B1505244755094N00753560EA013710142700209
B1505254755090N00753567EA013700142700209
B1505264755086N00753574EA013680142700209
B1505274755084N00753584EA013670142500209
B1505284755084N00753593EA013660142500209
B1505294755086N00753603EA013670142300209
B1505304755089N00753611EA013650142200209
B1505314755093N00753617EA013660142200209
B1505324755096N00753620EA013670142200209
B1505334755100N00753622EA013680142200209
B1505344755104N00753621EA013670142100209
B1505354755109N00753620EA013680142100209
B1505364755113N00753619EA013690142200209
B1505374755118N00753618EA013690142200209
B1505384755123N00753617EA013710142300209
B1505394755128N00753616EA013690142300209
B1505404755133N00753614EA013690142200209
B1505414755137N00753613EA013700142200209
B1505424755141N00753611EA013680142300209
B1505434755145N00753609EA013690142300209
B1505444755148N00753606EA013670142200209
B1505454755150N00753603EA013660142100209
B1505464755153N00753599EA013650141900209
B1505474755156N00753594EA013620141700209
B1505484755159N00753590EA013600141600209
B1505494755163N00753586EA013590141500209
B1505504755166N00753582EA013570141300209
B1505514755169N00753579EA013540141100209
B1505524755172N00753575EA013510140900209
B1505534755176N00753571EA013500140800209
B1505544755179N00753566EA013490140700209
B1505554755183N00753562EA013480140600209
B1505564755186N00753558EA013470140500209
B1505574755189N00753555EA013450140300209
B1505584755191N00753551EA013430140100209
B1505594755194N00753546EA013410140000209
B1506004755197N00753541EA013400139800209
B1506014755200N00753534EA013380139600209
B1506024755202N00753528EA013360139500209
B1506034755203N00753522EA013330139300209
B1506044755205N00753516EA013310139100209
B1506054755206N00753509EA013280138900209
B1506064755206N00753502EA013270138700209
B1506074755207N00753495EA013250138500208
B1506084755207N00753488EA013230138300208
B1506094755207N00753480EA013210138100209
B1506104755207N00753473EA013190137900209
B1506114755206N00753467EA013170137600209
B1506124755203N00753460EA013140137400209
B1506134755200N00753455EA013120137100209
B1506144755196N00753451EA013100136900209
B1506154755193N00753447EA013080136700209
B1506164755189N00753444EA013070136500209
B1506174755185N00753440EA013040136300209
B1506184755181N00753437EA013030136100209
B1506194755177N00753433EA013020135900209
B1506204755175N00753429EA013010135800209
B1506214755173N00753424EA013000135700209
B1506224755172N00753418EA012990135600209
B1506234755172N00753413EA012980135500209
B1506244755173N00753409EA012970135500209
B1506254755173N00753404EA012940135300209
B1506264755173N00753400EA012920135100209
B1506274755174N00753396EA012890134900209
B1506284755174N00753391EA012870134700209
B1506294755176N00753385EA012850134500209
B1506304755177N00753379EA012850134300209
B1506314755179N00753373EA012840134300209
B1506324755180N00753368EA012830134200209
B1506334755181N00753364EA012820134100209
B1506344755183N00753360EA012790133900209
B1506354755184N00753354EA012760133800209
B1506364755186N00753348EA012750133600209
B1506374755188N00753341EA012740133500209
B1506384755190N00753334EA012740133400209
B1506394755192N00753328EA012720133300209
B1506404755193N00753322EA012680133100209
B1506414755195N00753317EA012670132900209
B1506424755197N00753311EA012650132600209
B1506434755198N00753305EA012610132300209
B1506444755199N00753298EA012590132000209
B1506454755200N00753291EA012580131800209
B1506464755201N00753285EA012550131700209
B1506474755202N00753279EA012530131400209
B1506484755203N00753273EA012510131100209
B1506494755204N00753266EA012470130800209
B1506504755205N00753259EA012450130600209
B1506514755207N00753252EA012420130300209
B1506524755208N00753245EA012410130100209
B1506534755210N00753239EA012390129900209
B1506544755211N00753233EA012370129600209
B1506554755214N00753227EA012360129400209
B1506564755217N00753222EA012340129200209
B1506574755220N00753217EA012320129000209
B1506584755224N00753213EA012300128900209
B1506594755227N00753208EA012290128700209
B1507004755230N00753204EA012270128500209
B1507014755234N00753199EA012250128300209
B1507024755237N00753195EA012240128200209
B1507034755241N00753190EA012230128000209
B1507044755245N00753186EA012220127900209
B1507054755249N00753181EA012210127800209
B1507064755253N00753177EA012200127700209
B1507074755257N00753174EA012190127500209
B1507084755261N00753170EA012180127300209
B1507094755266N00753167EA012180127200209
B1507104755271N00753163EA012180127100209
B1507114755276N00753160EA012190127100208
B1507124755281N00753157EA012210127000209
B1507134755285N00753154EA012210127000209
B1507144755288N00753151EA012200127000209
B1507154755291N00753148EA012170127000209
B1507164755294N00753144EA012160126800209
B1507174755297N00753140EA012150126600209
B1507184755300N00753135EA012150126500209
B1507194755304N00753132EA012120126400209
B1507204755308N00753130EA012110126300209
B1507214755312N00753129EA012090126100209
B1507224755316N00753128EA012080126000209
B1507234755321N00753128EA012060125800209
B1507244755325N00753128EA012030125600209
B1507254755330N00753129EA012010125400209
B1507264755336N00753129EA012000125200209
B1507274755341N00753129EA011990125100209
B1507284755346N00753129EA011970125000209
B1507294755351N00753129EA011950124900209
B1507304755356N00753129EA011950124700209
B1507314755361N00753129EA011930124600209
B1507324755366N00753128EA011920124400209
B1507334755371N00753128EA011910124300209
B1507344755376N00753128EA011900124200209
B1507354755381N00753127EA011890124100209
B1507364755386N00753126EA011870124000209
B1507374755391N00753126EA011860123900209
B1507384755395N00753125EA011850123800209
B1507394755400N00753124EA011840123700209
B1507404755405N00753123EA011820123500209
B1507414755410N00753123EA011800123300209
B1507424755414N00753122EA011790123200209
B1507434755419N00753121EA011770123100209
B1507444755424N00753120EA011750123000209
B1507454755429N00753117EA011730122800209
B1507464755433N00753115EA011720122600208
B1507474755438N00753112EA011710122500209
B1507484755442N00753109EA011690122400208
B1507494755447N00753107EA011670122200209
B1507504755451N00753105EA011660122000209
B1507514755456N00753102EA011640121900209
B1507524755460N00753100EA011620121700209
B1507534755465N00753099EA011600121600209
B1507544755470N00753097EA011590121400209
B1507554755475N00753096EA011570121300209
B1507564755480N00753095EA011560121100209
B1507574755485N00753094EA011540121000209
B1507584755490N00753094EA011530120800209
B1507594755495N00753094EA011510120600209
B1508004755500N00753093EA011490120400209
B1508014755505N00753092EA011460120300209
B1508024755510N00753091EA011450120100209
B1508034755515N00753090EA011440119900209
B1508044755521N00753089EA011420119800209
B1508054755526N00753089EA011400119600209
B1508064755531N00753088EA011390119400209
B1508074755536N00753087EA011370119300209
B1508084755541N00753086EA011350119100209
B1508094755546N00753085EA011330118900209
B1508104755550N00753083EA011310118800209
B1508114755555N00753081EA011300118600209
B1508124755560N00753079EA011280118400209
B1508134755565N00753076EA011270118200209
B1508144755569N00753073EA011250118100209
B1508154755574N00753070EA011230117900209
B1508164755578N00753068EA011220117800209
B1508174755583N00753065EA011200117600209
B1508184755587N00753062EA011180117400209
B1508194755591N00753059EA011160117200209
B1508204755596N00753056EA011140117000209
B1508214755601N00753053EA011120116800209
B1508224755605N00753051EA011100116600209
B1508234755610N00753048EA011090116400209
B1508244755614N00753045EA011070116100209
B1508254755618N00753042EA011030115900209
B1508264755623N00753039EA011020115600209
B1508274755627N00753035EA011010115400209
B1508284755631N00753032EA010990115200209
B1508294755635N00753027EA010970115000209
B1508304755639N00753023EA010950114800209
B1508314755643N00753018EA010920114500209
B1508324755647N00753014EA010910114300209
B1508334755651N00753009EA010880114100209
B1508344755655N00753005EA010860114000209
B1508354755659N00753001EA010850113800209
B1508364755663N00752997EA010840113700209
B1508374755666N00752993EA010850113500209
B1508384755670N00752989EA010830113400209
B1508394755674N00752985EA010830113300209
B1508404755678N00752980EA010830113300209
B1508414755682N00752976EA010840113400209
B1508424755685N00752972EA010830113500209
B1508434755687N00752968EA010840113500209
B1508444755690N00752963EA010840113400209
B1508454755693N00752958EA010830113300209
B1508464755696N00752953EA010830113300209
B1508474755701N00752948EA010830113200209
B1508484755705N00752944EA010830113200209
B1508494755709N00752941EA010830113200209
B1508504755714N00752938EA010830113300209
B1508514755717N00752935EA010820113200209
B1508524755722N00752932EA010820113200209
B1508534755726N00752929EA010820113100209
B1508544755730N00752926EA010820113000209
B1508554755735N00752923EA010820113000209
B1508564755739N00752920EA010830113100209
B1508574755743N00752917EA010830113200209
B1508584755747N00752915EA010830113200209
B1508594755751N00752911EA010820113200209
B1509004755755N00752907EA010820113200209
B1509014755759N00752903EA010820113100209
B1509024755764N00752900EA010810113100209
B1509034755768N00752897EA010790113000209
B1509044755773N00752896EA010800113000209
B1509054755779N00752895EA010780113000209
B1509064755783N00752894EA010780112900209
B1509074755788N00752892EA010770112900209
B1509084755792N00752891EA010760112900209
B1509094755795N00752889EA010740112700209
B1509104755799N00752887EA010720112400209
B1509114755803N00752885EA010690112200209
B1509124755807N00752881EA010660111900209
B1509134755810N00752876EA010660111700209
B1509144755813N00752871EA010650111600209
B1509154755816N00752867EA010630111500209
B1509164755819N00752863EA010610111400209
B1509174755822N00752859EA010590111200209
B1509184755826N00752856EA010570111000209
B1509194755830N00752852EA010550110900209
B1509204755834N00752849EA010540110700209
B1509214755837N00752846EA010520110600209
B1509224755841N00752843EA010510110400209
B1509234755844N00752839EA010490110200209
B1509244755846N00752836EA010470109900209
B1509254755849N00752831EA010440109700209
B1509264755853N00752827EA010430109500209
B1509274755856N00752823EA010420109400209
B1509284755859N00752819EA010400109200209
B1509294755861N00752815EA010390109000209
B1509304755864N00752810EA010380108900209
B1509314755866N00752804EA010360108700209
B1509324755869N00752798EA010360108600209
B1509334755871N00752792EA010360108600209
B1509344755872N00752785EA010350108500209
B1509354755873N00752779EA010340108400209
B1509364755874N00752772EA010320108200209
B1509374755875N00752765EA010330108100209
B1509384755876N00752759EA010320108100209
B1509394755878N00752752EA010310108000209
B1509404755881N00752747EA010300108000209
B1509414755885N00752742EA010300108000209
B1509424755888N00752737EA010280107800209
B1509434755889N00752729EA010280107600209
B1509444755889N00752721EA010250107500209
B1509454755886N00752713EA010260107400209
B1509464755882N00752705EA010280107400209
B1509474755880N00752699EA010280107400209
B1509484755878N00752694EA010280107300209
B1509494755878N00752689EA010270107100209
B1509504755879N00752682EA010260107000209
B1509514755881N00752674EA010260106900209
B1509524755884N00752668EA010240106900209
B1509534755889N00752664EA010220106800209
B1509544755894N00752662EA010220106800209
B1509554755900N00752662EA010240106800209
B1509564755905N00752659EA010240106800209
B1509574755908N00752653EA010230106700208
B1509584755908N00752645EA010230106700208
B1509594755907N00752635EA010230106700208
B1510004755906N00752626EA010270106800208
B1510014755905N00752618EA010280106800208
B1510024755907N00752610EA010280106800208
B1510034755909N00752603EA010280106900209
B1510044755912N00752597EA010280107000209
B1510054755915N00752592EA010280107000209
B1510064755919N00752588EA010270107100209
B1510074755924N00752587EA010240107000209
B1510084755929N00752585EA010220106900209
B1510094755933N00752583EA010200106700209
B1510104755936N00752579EA010170106500209
B1510114755937N00752573EA010140106200209
B1510124755937N00752566EA010110106000209
B1510134755937N00752559EA010090105800209
B1510144755936N00752552EA010090105500209
B1510154755934N00752545EA010060105300209
B1510164755934N00752538EA010040105100209
B1510174755934N00752531EA010020104900209
B1510184755936N00752526EA010010104800209
B1510194755939N00752522EA009960104600209
B1510204755944N00752520EA009930104400209
B1510214755948N00752521EA009910104200209
B1510224755953N00752524EA009900104000209
B1510234755957N00752525EA009870103900209
B1510244755961N00752524EA009840103700208
B1510254755963N00752519EA009770103500208
B1510264755964N00752511EA009750103100208
B1510274755962N00752504EA009750102900208
B1510284755959N00752497EA009750102700208
B1510294755955N00752491EA009730102600208
B1510304755953N00752486EA009690102300209
B1510314755954N00752481EA009650102100209
B1510324755956N00752475EA009590101800209
B1510334755960N00752470EA009570101500209
B1510344755964N00752468EA009550101300209
B1510354755969N00752467EA009530101000209
B1510364755973N00752466EA009510100700209
B1510374755976N00752463EA009440100400209
B1510384755977N00752457EA009420099900209
B1510394755975N00752449EA009380099600209
B1510404755972N00752441EA009360099300209
B1510414755968N00752435EA009360099000209
B1510424755965N00752430EA009330098800209
B1510434755964N00752425EA009300098500209
B1510444755964N00752419EA009260098000209
B1510454755967N00752414EA009220097600209
B1510464755971N00752410EA009170097200209
B1510474755975N00752409EA009150097000209
B1510484755980N00752410EA009120096800209
B1510494755984N00752410EA009090096500209
B1510504755988N00752407EA009050096200208
B1510514755990N00752401EA009010095900208
B1510524755990N00752394EA009000095600208
B1510534755989N00752387EA008990095300208
B1510544755986N00752380EA008960095100208
B1510554755982N00752375EA008930094700208
B1510564755979N00752370EA008900094400208
B1510574755977N00752363EA008870094000208
B1510584755977N00752356EA008840093500208
B1510594755978N00752349EA008790093100208
B1511004755980N00752343EA008780092800208
B1511014755984N00752338EA008760092500209
B1511024755986N00752334EA008740092300209
B1511034755989N00752329EA008710092000209
B1511044755991N00752324EA008690091700209
B1511054755992N00752317EA008670091500209
B1511064755992N00752310EA008660091200209
B1511074755991N00752303EA008630091100209
B1511084755991N00752295EA008610090900209
B1511094755989N00752288EA008610090700209
B1511104755987N00752282EA008590090500209
B1511114755984N00752275EA008560090300209
B1511124755980N00752270EA008550090100209
B1511134755975N00752264EA008540089900209
B1511144755971N00752259EA008520089700209
B1511154755966N00752255EA008500089500209
B1511164755962N00752250EA008480089400209
B1511174755958N00752245EA008460089200209
B1511184755954N00752240EA008460088900209
B1511194755949N00752236EA008450088700209
B1511204755945N00752231EA008430088600209
B1511214755941N00752224EA008420088400209
B1511224755938N00752218EA008400088200209
B1511234755936N00752211EA008370088000209
B1511244755934N00752204EA008360087900209
B1511254755933N00752197EA008340087700209
B1511264755931N00752190EA008320087500209
B1511274755931N00752184EA008300087300209
B1511284755931N00752178EA008280087000209
B1511294755931N00752171EA008250086600209
B1511304755932N00752164EA008220086400209
B1511314755934N00752157EA008210086200209
B1511324755935N00752150EA008200086000209
B1511334755937N00752143EA008190086000209
B1511344755938N00752137EA008180085900209
B1511354755939N00752132EA008180085900209
B1511364755940N00752127EA008170085800209
B1511374755941N00752123EA008150085600209
B1511384755941N00752118EA008130085400209
B1511394755941N00752113EA008110085200209
B1511404755941N00752107EA008090085000209
B1511414755942N00752102EA008070084800209
B1511424755942N00752096EA008060084600209
B1511434755943N00752090EA008040084400209
B1511444755944N00752084EA008020084200209
B1511454755945N00752078EA008010084000209
B1511464755948N00752074EA007990083800209
B1511474755951N00752069EA007970083700209
B1511484755955N00752065EA007970083500209
B1511494755957N00752061EA007950083300209
B1511504755960N00752057EA007930083100209
B1511514755962N00752051EA007930082900209
B1511524755963N00752046EA007910082700209
B1511534755965N00752040EA007890082600209
B1511544755967N00752035EA007900082400209
B1511554755971N00752032EA007880082200209
B1511564755975N00752031EA007860082000209
B1511574755980N00752034EA007840081800209
B1511584755983N00752040EA007820081700209
B1511594755985N00752047EA007800081500209
B1512004755985N00752055EA007780081300209
B1512014755984N00752063EA007770081100209
B1512024755980N00752071EA007750081000209
B1512034755975N00752077EA007720080800209
B1512044755969N00752079EA007710080700209
B1512054755963N00752078EA007690080500209
B1512064755959N00752073EA007670080300209
B1512074755957N00752066EA007640080200209
B1512084755957N00752061EA007630080000209
B1512094755960N00752057EA007620079700209
B1512104755965N00752057EA007580079400209
B1512114755970N00752060EA007560079200209
B1512124755973N00752067EA007530079000209
B1512134755973N00752076EA007520078800209
B1512144755970N00752084EA007510078600209
B1512154755965N00752090EA007480078400209
B1512164755959N00752093EA007470078200209
B1512174755953N00752093EA007450078000209
B1512184755948N00752089EA007430077800209
B1512194755944N00752083EA007410077600209
B1512204755942N00752077EA007390077400209
B1512214755943N00752071EA007370077100209
B1512224755946N00752066EA007360076900209
B1512234755950N00752065EA007340076600209
B1512244755954N00752067EA007310076400209
B1512254755957N00752072EA007290076200209
B1512264755957N00752080EA007260075900209
B1512274755955N00752088EA007230075700208
B1512284755951N00752095EA007210075500208
B1512294755946N00752100EA007190075200208
B1512304755939N00752101EA007160075100208
B1512314755934N00752098EA007130074800209
B1512324755930N00752092EA007110074600209
B1512334755927N00752084EA007100074400209
B1512344755928N00752078EA007080074200209
B1512354755930N00752073EA007060073900209
B1512364755934N00752071EA007040073700209
B1512374755939N00752073EA007030073400209
B1512384755942N00752079EA007000073200209
B1512394755942N00752086EA007000073000209
B1512404755941N00752093EA007000072900209
B1512414755937N00752099EA006970072700209
B1512424755932N00752102EA006950072500209
B1512434755926N00752104EA006930072300209
B1512444755920N00752103EA006910072100209
B1512454755914N00752100EA006880071900209
B1512464755910N00752095EA006860071700209
B1512474755907N00752088EA006850071500209
B1512484755907N00752081EA006830071300209
B1512494755908N00752074EA006810071200209
B1512504755910N00752068EA006790071100209
B1512514755911N00752063EA006780071000209
B1512524755913N00752057EA006760070800209
B1512534755915N00752052EA006740070600209
B1512544755918N00752047EA006720070400209
B1512554755921N00752042EA006700070200209
B1512564755924N00752037EA006680070000209
B1512574755927N00752032EA006670070000209
B1512584755931N00752027EA006650069800209
B1512594755933N00752021EA006630069700209
B1513004755936N00752016EA006610069600209
B1513014755939N00752011EA006590069300209
B1513024755942N00752006EA006560069100209
B1513034755945N00752001EA006540068800209
B1513044755948N00751996EA006540068600209
B1513054755952N00751991EA006520068500209
B1513064755956N00751987EA006500068300209
B1513074755959N00751984EA006480068200209
B1513084755962N00751982EA006460068000209
B1513094755966N00751980EA006440067800209
B1513104755970N00751978EA006430067600209
B1513114755974N00751976EA006410067500209
B1513124755977N00751974EA006390067400209
B1513134755981N00751973EA006380067200209
B1513144755985N00751971EA006370067100209
B1513154755989N00751970EA006350066900209
B1513164755993N00751968EA006350066700209
B1513174755997N00751969EA006310066600209
B1513184756001N00751972EA006280066400209
B1513194756003N00751979EA006280066200209
B1513204756003N00751987EA006270066000209
B1513214756001N00751996EA006250065800209
B1513224755998N00752003EA006240065700209
B1513234755994N00752008EA006220065500209
B1513244755988N00752014EA006200065300209
B1513254755982N00752018EA006170065100209
B1513264755976N00752021EA006150064800209
B1513274755970N00752023EA006110064500209
B1513284755963N00752022EA006090064300209
B1513294755957N00752017EA006070064100209
B1513304755953N00752010EA006040063800209
B1513314755951N00752001EA006020063600209
B1513324755951N00751993EA005990063400209
B1513334755952N00751987EA005980063200209
B1513344755956N00751983EA005970062900209
B1513354755960N00751982EA005950062700209
B1513364755964N00751984EA005940062400209
B1513374755967N00751989EA005920062300209
B1513384755968N00751995EA005910062100209
B1513394755967N00752002EA005880061900209
B1513404755964N00752009EA005860061700209
B1513414755961N00752015EA005840061600209
B1513424755956N00752020EA005840061400209
B1513434755951N00752024EA005820061300209
B1513444755946N00752027EA005790061000209
B1513454755940N00752028EA005760060800209
B1513464755934N00752029EA005750060600209
B1513474755928N00752030EA005730060400209
B1513484755922N00752031EA005710060300209
B1513494755917N00752032EA005680060100209
B1513504755911N00752031EA005650059800209
B1513514755905N00752030EA005630059400209
B1513524755899N00752029EA005600059100209
B1513534755893N00752027EA005580058900209
B1513544755887N00752024EA005570058700209
B1513554755881N00752022EA005560058600209
B1513564755876N00752021EA005550058400209
B1513574755870N00752019EA005540058300209
B1513584755865N00752016EA005540058200209
B1513594755859N00752013EA005540058100209
B1514004755853N00752010EA005540058000209
B1514014755847N00752007EA005550057900209
B1514024755842N00752005EA005550057800209
B1514034755837N00752002EA005550057700209
B1514044755832N00751998EA005540057700209
B1514054755828N00751994EA005540057700209
B1514064755824N00751988EA005530057700209
B1514074755822N00751983EA005520057600209
B1514084755819N00751977EA005510057600209
B1514094755818N00751970EA005490057500209
B1514104755816N00751963EA005490057300209
B1514114755816N00751956EA005480057300209
B1514124755815N00751948EA005480057200209
B1514134755815N00751942EA005470057200209
B1514144755814N00751935EA005470057100209
B1514154755814N00751928EA005450057000209
B1514164755815N00751920EA005440056900209
B1514174755816N00751913EA005450056900209
B1514184755818N00751906EA005440056800209
B1514194755821N00751900EA005440056800209
B1514204755824N00751895EA005430056800209
B1514214755827N00751890EA005430056800209
B1514224755830N00751886EA005420056800209
B1514234755834N00751882EA005390056700209
B1514244755838N00751878EA005360056600209
B1514254755842N00751876EA005350056500209
B1514264755846N00751874EA005340056300209
B1514274755851N00751874EA005320056100209
B1514284755855N00751876EA005300056000209
B1514294755859N00751880EA005290055800209
B1514304755863N00751885EA005290055700209
B1514314755866N00751891EA005280055600209
B1514324755868N00751897EA005270055500209
B1514334755869N00751904EA005260055400209
B1514344755871N00751911EA005250055300209
B1514354755872N00751918EA005260055200209
B1514364755874N00751924EA005230055100209
B1514374755875N00751930EA005220054900209
B1514384755878N00751936EA005200054800209
B1514394755880N00751940EA005190054600209
B1514404755883N00751941EA005160054500209
B1514414755887N00751940EA005140054300209
B1514424755891N00751938EA005120054200209
B1514434755894N00751934EA005100054000209
B1514444755896N00751930EA005070053900209
B1514454755899N00751925EA005040053700209
B1514464755903N00751921EA005010053500208
B1514474755907N00751916EA004990053300208
B1514484755911N00751912EA004980053100209
B1514494755915N00751908EA004970052900209
B1514504755920N00751905EA004960052700209
B1514514755924N00751903EA004940052600209
B1514524755929N00751900EA004950052400209
B1514534755934N00751899EA004930052300209
B1514544755938N00751899EA004930052200209
B1514554755943N00751900EA004920052100209
B1514564755948N00751901EA004920052100209
B1514574755952N00751901EA004910052000209
B1514584755956N00751901EA004900051900209
B1514594755960N00751900EA004890051800209
B1515004755964N00751899EA004880051700209
B1515014755968N00751899EA004860051600209
B1515024755972N00751900EA004860051500209
B1515034755976N00751900EA004850051400208
B1515044755980N00751901EA004840051300209
B1515054755984N00751902EA004830051100209
B1515064755988N00751903EA004810050900209
B1515074755992N00751905EA004800050700209
B1515084755996N00751907EA004790050600209
B1515094756000N00751910EA004790050500209
B1515104756004N00751914EA004780050400209
B1515114756007N00751917EA004780050300209
B1515124756009N00751920EA004760050200209
B1515134756012N00751924EA004720050000209
B1515144756015N00751926EA004710049800209
B1515154756019N00751927EA004700049600208
B1515164756023N00751928EA004680049400209
B1515174756027N00751927EA004680049300209
B1515184756031N00751926EA004670049200209
B1515194756035N00751924EA004650049100209
B1515204756038N00751923EA004640049000209
B1515214756043N00751920EA004620048900208
B1515224756047N00751915EA004600048700208
B1515234756050N00751909EA004590048600209
B1515244756052N00751903EA004580048400209
B1515254756053N00751898EA004590048300209
B1515264756054N00751895EA004580048200209
B1515274756056N00751893EA004590048200208
B1515284756057N00751892EA004580048200208
B1515294756058N00751891EA004590048300208
B1515304756058N00751890EA004590048300208
B1515314756058N00751890EA004580048300208
B1515324756058N00751891EA004590048300208
B1515334756058N00751891EA004580048300208
B1515344756057N00751891EA004580048300208
B1515354756057N00751891EA004580048300208
B1515364756057N00751891EA004580048300208
B1515374756057N00751891EA004580048300208
B1515384756057N00751891EA004580048300209
B1515394756057N00751891EA004580048300209
B1515404756057N00751891EA004580048300209
B1515414756057N00751891EA004580048300208
B1515424756057N00751892EA004580048300208
B1515434756057N00751892EA004580048300208
B1515444756057N00751892EA004580048300208
G3A38E77BC0492021583C0C4D544318AD9ACC07FF12D0853444A9E82815A005B0
