AXSDUB52F5
HFDTE060824
HFPLTPILOTINCHARGE:
HFCM2CREW2:NIL
HFGTYGLIDERTYPE:NKN
HFGIDGLIDERID:NKN
HFCIDCOMPETITIONID:NKN
HFDTMGPSDATUM:WGS84
HFRFWFIRMWAREVERSION:2023-06-30:1fe35e9c
HFRHWHARDWAREVERSION:ULTRABIP 1.0
HFFTYFRTYPE:STODEUS,ULTRABIP
HFGPSRECEIVER:GOTOP,GT1110SN,22,18000
HFTZNTIMEZONE:2
HFPRSPRESSALTSENSOR:INFINEON,DPS310,7000
HFALGALTGPS:GEO
HFALPALTPRESSURE:ISA
LMMMGPSPERIOD1000MSEC
I023638FXA3940SIU
B1526434754586N00753379EA011390118000307
B1526444754587N00753378EA011380118000307
B1526454754587N00753377EA011380118000307
B1526464754588N00753374EA011370117900307
B1526474754588N00753371EA011340117900307
B1526484754589N00753368EA011350117800307
B1526494754590N00753363EA011350117800307
B1526504754591N00753359EA011340117700307
B1526514754592N00753354EA011320117600307
B1526524754594N00753349EA011300117400307
B1526534754596N00753344EA011290117200307
B1526544754598N00753338EA011290117200307
B1526554754600N00753332EA011290117200307
B1526564754602N00753327EA011300117300307
B1526574754604N00753322EA011310117400307
B1526584754607N00753318EA011300117300307
B1526594754609N00753314EA011260117200307
B1527004754612N00753310EA011260117100307
B1527014754614N00753305EA011250116900307
B1527024754617N00753301EA011270116800307
B1527034754620N00753297EA011260116700307
B1527044754623N00753294EA011230116600307
B1527054754625N00753290EA011230116500307
B1527064754628N00753286EA011210116400307
B1527074754630N00753282EA011200116300307
B1527084754632N00753279EA011180116200307
B1527094754634N00753276EA011210116000307
B1527104754637N00753270EA011180115800307
B1527114754638N00753263EA011190115600307
B1527124754640N00753258EA011190115500307
B1527134754641N00753253EA011190115400307
B1527144754643N00753251EA011190115400307
B1527154754645N00753249EA011190115300307
B1527164754646N00753247EA011170115300307
B1527174754646N00753242EA011160115200307
B1527184754647N00753237EA011160115100307
B1527194754648N00753232EA011170115000307
B1527204754649N00753229EA011170114900307
B1527214754650N00753226EA011170115000307
B1527224754651N00753224EA011170115000307
B1527234754651N00753221EA011150114900307
B1527244754649N00753217EA011140114800307
B1527254754648N00753213EA011120114800307
B1527264754646N00753208EA011140114700307
B1527274754644N00753202EA011140114800307
B1527284754644N00753197EA011120114700307
B1527294754645N00753192EA011130114700307
B1527304754646N00753187EA011120114700307
B1527314754648N00753183EA011100114600307
B1527324754649N00753179EA011090114500208
B1527334754651N00753175EA011060114200208
B1527344754654N00753171EA011040114000208
B1527354754657N00753166EA011030113800208
B1527364754660N00753162EA011020113600208
B1527374754663N00753159EA011000113600208
B1527384754666N00753155EA010990113500208
B1527394754670N00753152EA010980113300208
B1527404754673N00753149EA010960113100208
B1527414754677N00753146EA010940112900208
B1527424754680N00753143EA010930112700208
B1527434754683N00753138EA010910112600208
B1527444754685N00753134EA010880112400208
B1527454754687N00753129EA010870112200208
B1527464754689N00753125EA010840112000208
B1527474754691N00753120EA010820111800208
B1527484754693N00753115EA010830111600208
B1527494754695N00753109EA010800111300208
B1527504754698N00753104EA010780111200209
B1527514754701N00753100EA010760111100209
B1527524754704N00753096EA010750111000209
B1527534754707N00753093EA010740110900209
B1527544754708N00753089EA010730110700209
B1527554754711N00753082EA010730110500209
B1527564754715N00753077EA010710110400209
B1527574754719N00753074EA010710110400209
B1527584754723N00753071EA010700110300209
B1527594754726N00753069EA010690110300209
B1528004754729N00753066EA010670110100209
B1528014754733N00753063EA010660109900209
B1528024754737N00753061EA010660109700209
B1528034754742N00753058EA010660109700209
B1528044754746N00753057EA010640109700209
B1528054754751N00753056EA010630109700209
B1528064754754N00753053EA010610109600209
B1528074754757N00753051EA010600109500209
B1528084754761N00753047EA010580109200209
B1528094754765N00753043EA010560109000209
B1528104754769N00753041EA010540108900209
B1528114754774N00753039EA010530108700209
B1528124754778N00753038EA010510108600209
B1528134754783N00753037EA010480108300209
B1528144754788N00753037EA010480108200209
B1528154754793N00753038EA010460108000209
B1528164754799N00753040EA010450107800209
B1528174754804N00753044EA010420107700209
B1528184754809N00753049EA010410107600209
B1528194754814N00753055EA010390107400209
B1528204754817N00753060EA010380107300209
B1528214754822N00753068EA010350107100209
B1528224754827N00753075EA010340106900209
B1528234754832N00753082EA010330106700209
B1528244754837N00753089EA010320106500209
B1528254754842N00753097EA010310106400209
B1528264754846N00753105EA010300106300210
B1528274754851N00753113EA010290106200210
B1528284754856N00753121EA010280106100210
B1528294754860N00753127EA010280106000210
B1528304754866N00753135EA010270105900210
B1528314754872N00753140EA010270105800210
B1528324754877N00753145EA010250105700210
B1528334754881N00753149EA010250105700210
B1528344754885N00753153EA010250105600210
B1528354754892N00753156EA010240105500210
B1528364754896N00753158EA010240105400210
B1528374754901N00753159EA010260105300210
B1528384754904N00753160EA010250105300210
B1528394754907N00753160EA010250105400210
B1528404754912N00753161EA010240105300210
B1528414754916N00753162EA010240105300210
B1528424754919N00753162EA010210105200210
B1528434754924N00753163EA010210105100210
B1528444754928N00753163EA010220105100210
B1528454754932N00753164EA010210105100210
B1528464754936N00753164EA010210105100210
B1528474754939N00753164EA010210105100210
B1528484754944N00753166EA010200105000210
B1528494754948N00753168EA010190105000210
B1528504754952N00753170EA010180105000210
B1528514754955N00753172EA010180105000210
B1528524754959N00753175EA010180104900210
B1528534754963N00753178EA010180104800210
B1528544754967N00753181EA010170104800210
B1528554754969N00753183EA010170104700210
B1528564754973N00753185EA010150104600210
B1528574754976N00753184EA010130104500209
B1528584754979N00753182EA010130104500210
B1528594754981N00753178EA010120104400210
B1529004754982N00753174EA010110104400210
B1529014754982N00753169EA010110104400210
B1529024754980N00753163EA010110104300210
B1529034754978N00753158EA010100104200210
B1529044754976N00753154EA010090104100210
B1529054754974N00753149EA010070103900210
B1529064754974N00753143EA010060103800210
B1529074754976N00753138EA010050103700210
B1529084754978N00753134EA010040103600210
B1529094754980N00753131EA010030103500210
B1529104754984N00753130EA010010103400210
B1529114754988N00753128EA009990103300210
B1529124754992N00753127EA009980103100210
B1529134754995N00753125EA009980103000210
B1529144755000N00753123EA009970102900210
B1529154755004N00753122EA009970102900210
B1529164755008N00753121EA009960102800210
B1529174755011N00753121EA009940102600210
B1529184755015N00753120EA009920102400210
B1529194755019N00753118EA009900102300210
B1529204755024N00753118EA009890102100210
B1529214755028N00753119EA009880102000210
B1529224755032N00753120EA009870102000210
B1529234755036N00753121EA009860101900210
B1529244755040N00753120EA009860101800210
B1529254755045N00753119EA009840101700210
B1529264755048N00753119EA009840101700210
B1529274755053N00753118EA009840101600210
B1529284755057N00753117EA009840101600210
B1529294755060N00753115EA009830101600210
B1529304755064N00753112EA009810101500210
B1529314755066N00753110EA009800101400210
B1529324755069N00753108EA009800101400210
B1529334755073N00753106EA009790101200210
B1529344755076N00753104EA009780101100210
B1529354755078N00753101EA009760100900210
B1529364755081N00753096EA009760100800210
B1529374755084N00753092EA009760100800210
B1529384755087N00753089EA009750100900210
B1529394755089N00753086EA009750101000210
B1529404755092N00753083EA009750101000210
B1529414755093N00753079EA009740100900210
B1529424755095N00753074EA009720100700210
B1529434755096N00753069EA009700100500210
B1529444755098N00753066EA009680100400210
B1529454755101N00753061EA009670100200210
B1529464755104N00753057EA009660100100210
B1529474755107N00753053EA009670100000210
B1529484755110N00753051EA009670100000210
B1529494755114N00753048EA009670100000210
B1529504755119N00753047EA009660100000210
B1529514755122N00753046EA009650099900210
B1529524755125N00753045EA009640099800210
B1529534755128N00753044EA009630099700210
B1529544755131N00753042EA009610099400210
B1529554755134N00753038EA009600099300209
B1529564755136N00753034EA009590099100209
B1529574755138N00753031EA009580099000209
B1529584755141N00753027EA009570098900209
B1529594755144N00753024EA009570098800209
B1530004755148N00753022EA009550098700209
B1530014755151N00753019EA009540098600209
B1530024755154N00753017EA009530098600209
B1530034755157N00753013EA009520098400209
B1530044755160N00753010EA009520098300209
B1530054755163N00753006EA009500098200209
B1530064755166N00753003EA009510098200209
B1530074755168N00753000EA009500098200209
B1530084755170N00752996EA009490098100209
B1530094755172N00752994EA009490098100209
B1530104755173N00752991EA009470097800209
B1530114755174N00752987EA009460097600209
B1530124755176N00752983EA009440097400209
B1530134755178N00752978EA009450097400209
B1530144755180N00752975EA009450097400209
B1530154755183N00752973EA009440097400209
B1530164755185N00752973EA009430097400209
B1530174755188N00752971EA009420097300209
B1530184755189N00752970EA009390097100209
B1530194755192N00752966EA009390097000209
B1530204755194N00752962EA009380096900209
B1530214755196N00752958EA009370096800209
B1530224755198N00752954EA009360096700209
B1530234755200N00752950EA009330096600209
B1530244755203N00752947EA009320096400209
B1530254755205N00752943EA009300096200209
B1530264755209N00752940EA009280096000209
B1530274755212N00752936EA009260095800209
B1530284755215N00752932EA009250095700209
B1530294755218N00752928EA009250095600308
B1530304755221N00752923EA009240095400308
B1530314755224N00752919EA009240095400308
B1530324755227N00752916EA009260095400308
B1530334755230N00752913EA009270095400308
B1530344755233N00752910EA009290095500308
B1530354755235N00752908EA009300095700209
B1530364755236N00752906EA009310095800209
B1530374755238N00752905EA009300095800209
B1530384755240N00752903EA009300095700209
B1530394755242N00752900EA009310095700209
B1530404755244N00752897EA009320095800209
B1530414755247N00752896EA009340095900209
B1530424755250N00752894EA009340096000209
B1530434755253N00752892EA009350096100209
B1530444755257N00752890EA009370096200209
B1530454755259N00752888EA009400096300209
B1530464755262N00752886EA009410096500209
B1530474755265N00752884EA009430096700209
B1530484755267N00752881EA009440096900209
B1530494755269N00752878EA009450097000209
B1530504755270N00752872EA009470097100209
B1530514755270N00752866EA009480097300209
B1530524755269N00752859EA009480097500209
B1530534755266N00752854EA009480097600210
B1530544755263N00752851EA009470097600210
B1530554755258N00752848EA009460097600210
B1530564755253N00752845EA009470097500210
B1530574755245N00752843EA009470097600210
B1530584755239N00752844EA009470097600210
B1530594755232N00752848EA009470097700210
B1531004755227N00752853EA009470097700210
B1531014755221N00752860EA009470097800210
B1531024755217N00752866EA009460097800210
B1531034755213N00752874EA009440097800210
B1531044755210N00752880EA009420097700210
B1531054755205N00752889EA009420097700210
B1531064755200N00752895EA009410097600210
B1531074755194N00752896EA009390097600210
B1531084755187N00752893EA009390097500210
B1531094755185N00752887EA009370097500210
B1531104755182N00752880EA009360097400210
B1531114755182N00752874EA009350097200210
B1531124755182N00752868EA009330097000210
B1531134755184N00752864EA009310096800210
B1531144755187N00752860EA009300096500209
B1531154755191N00752856EA009290096400210
B1531164755195N00752853EA009280096300210
B1531174755198N00752851EA009280096200210
B1531184755203N00752850EA009260096100210
B1531194755208N00752849EA009250096000210
B1531204755213N00752849EA009250096000210
B1531214755216N00752850EA009250095900210
B1531224755219N00752850EA009250095900210
B1531234755224N00752850EA009240095800210
B1531244755228N00752850EA009240095600210
B1531254755231N00752850EA009240095600210
B1531264755235N00752850EA009240095500210
B1531274755239N00752847EA009230095500210
B1531284755242N00752845EA009220095500210
B1531294755245N00752842EA009210095400210
B1531304755248N00752841EA009190095300210
B1531314755250N00752839EA009190095200210
B1531324755254N00752836EA009180095000210
B1531334755258N00752833EA009190094900210
B1531344755262N00752829EA009200094900210
B1531354755263N00752828EA009210095000210
B1531364755266N00752827EA009220095000210
B1531374755269N00752827EA009200095000210
B1531384755273N00752828EA009200094900210
B1531394755277N00752828EA009220094900210
B1531404755282N00752828EA009230095000210
B1531414755285N00752828EA009250095100210
B1531424755288N00752828EA009260095200210
B1531434755291N00752828EA009270095300210
B1531444755293N00752828EA009260095300210
B1531454755296N00752826EA009270095300210
B1531464755299N00752823EA009280095300210
B1531474755301N00752818EA009300095400210
B1531484755302N00752814EA009320095500210
B1531494755302N00752809EA009330095700210
B1531504755302N00752806EA009310095700210
B1531514755300N00752799EA009320095700210
B1531524755299N00752794EA009310095600210
B1531534755297N00752787EA009330095700210
B1531544755296N00752778EA009350095800210
B1531554755297N00752772EA009350095900210
B1531564755300N00752769EA009360095900210
B1531574755302N00752768EA009360096000210
B1531584755307N00752768EA009370096100210
B1531594755310N00752769EA009390096200210
B1532004755314N00752771EA009400096400210
B1532014755317N00752775EA009400096600210
B1532024755319N00752781EA009420096900210
B1532034755321N00752787EA009430097000210
B1532044755321N00752795EA009450097200210
B1532054755320N00752803EA009480097400210
B1532064755318N00752810EA009480097500210
B1532074755315N00752820EA009490097700210
B1532084755310N00752828EA009510097800210
B1532094755305N00752833EA009520098000210
B1532104755300N00752836EA009510098000210
B1532114755293N00752837EA009500098100210
B1532124755286N00752837EA009500098200210
B1532134755280N00752833EA009520098300210
B1532144755276N00752828EA009520098300210
B1532154755275N00752821EA009520098300210
B1532164755274N00752813EA009540098400210
B1532174755276N00752808EA009550098600210
B1532184755277N00752804EA009540098600210
B1532194755280N00752802EA009540098700210
B1532204755283N00752800EA009550098600210
B1532214755287N00752798EA009570098700210
B1532224755291N00752796EA009570098800210
B1532234755294N00752794EA009590098900210
B1532244755299N00752793EA009600099100210
B1532254755303N00752792EA009610099200210
B1532264755307N00752793EA009630099300210
B1532274755311N00752794EA009630099500210
B1532284755314N00752796EA009650099500210
B1532294755318N00752801EA009650099600210
B1532304755321N00752806EA009660099700210
B1532314755324N00752813EA009680099800210
B1532324755326N00752819EA009700100000210
B1532334755327N00752828EA009710100000210
B1532344755326N00752839EA009700100100210
B1532354755322N00752849EA009700100100210
B1532364755318N00752857EA009710100200210
B1532374755313N00752864EA009730100300210
B1532384755307N00752870EA009740100500210
B1532394755301N00752874EA009740100500210
B1532404755294N00752876EA009760100600210
B1532414755289N00752876EA009750100500210
B1532424755283N00752873EA009740100600210
B1532434755276N00752869EA009740100600210
B1532444755272N00752864EA009740100500210
B1532454755269N00752859EA009760100500210
B1532464755266N00752851EA009740100500210
B1532474755266N00752844EA009730100500210
B1532484755268N00752838EA009720100500210
B1532494755271N00752834EA009730100600210
B1532504755275N00752833EA009760100700210
B1532514755279N00752830EA009770100900210
B1532524755282N00752827EA009780100900210
B1532534755284N00752823EA009790101000210
B1532544755285N00752819EA009800101100210
B1532554755286N00752813EA009810101300210
B1532564755288N00752810EA009810101400210
B1532574755290N00752807EA009820101400210
B1532584755293N00752806EA009820101500210
B1532594755296N00752805EA009830101600210
B1533004755300N00752806EA009830101700210
B1533014755304N00752808EA009840101800210
B1533024755307N00752810EA009850101900210
B1533034755309N00752813EA009870102000210
B1533044755313N00752818EA009860102100210
B1533054755316N00752825EA009880102200210
B1533064755316N00752833EA009910102300210
B1533074755315N00752841EA009930102400210
B1533084755312N00752853EA009950102600210
B1533094755307N00752860EA009970102700210
B1533104755302N00752865EA009990102900210
B1533114755296N00752869EA010000103000210
B1533124755292N00752870EA010010103100210
B1533134755284N00752868EA010020103100210
B1533144755279N00752864EA010020103200210
B1533154755275N00752859EA010040103300210
B1533164755273N00752854EA010050103500210
B1533174755272N00752848EA010060103700210
B1533184755273N00752844EA010060103800210
B1533194755274N00752841EA010060103900210
B1533204755276N00752839EA010050103900210
B1533214755278N00752837EA010050103900210
B1533224755281N00752835EA010040103900210
B1533234755284N00752835EA010050103900210
B1533244755289N00752837EA010060104000210
B1533254755292N00752840EA010060104000210
B1533264755296N00752845EA010050104000210
B1533274755300N00752850EA010060104000210
B1533284755303N00752856EA010070104000210
B1533294755305N00752862EA010090104000210
B1533304755308N00752871EA010100104000210
B1533314755309N00752881EA010110104200210
B1533324755309N00752890EA010130104300210
B1533334755308N00752899EA010140104400210
B1533344755306N00752906EA010160104500210
B1533354755302N00752916EA010180104800210
B1533364755298N00752923EA010210105000210
B1533374755295N00752928EA010230105200210
B1533384755290N00752933EA010250105400210
B1533394755284N00752937EA010260105600210
B1533404755279N00752939EA010260105700210
B1533414755273N00752940EA010280105800210
B1533424755267N00752939EA010290106000210
B1533434755263N00752936EA010290106100210
B1533444755259N00752931EA010320106200210
B1533454755257N00752926EA010320106300210
B1533464755256N00752920EA010320106400210
B1533474755257N00752916EA010320106400210
B1533484755258N00752911EA010330106500210
B1533494755259N00752907EA010330106500210
B1533504755261N00752905EA010340106500210
B1533514755264N00752903EA010340106600210
B1533524755268N00752903EA010360106600210
B1533534755273N00752906EA010370106700210
B1533544755276N00752911EA010390106800210
B1533554755279N00752917EA010400106900210
B1533564755281N00752923EA010400107000210
B1533574755283N00752932EA010410107000210
B1533584755285N00752941EA010420107100210
B1533594755286N00752948EA010440107200210
B1534004755285N00752958EA010460107300210
B1534014755282N00752969EA010460107500210
B1534024755278N00752977EA010490107700210
B1534034755274N00752984EA010500107800210
B1534044755269N00752989EA010510108000210
B1534054755265N00752993EA010530108100210
B1534064755258N00752995EA010540108300210
B1534074755253N00752996EA010560108400210
B1534084755248N00752995EA010570108600210
B1534094755244N00752992EA010580108700210
B1534104755241N00752987EA010580108800210
B1534114755239N00752982EA010590108900210
B1534124755238N00752978EA010590109000210
B1534134755239N00752975EA010590109100210
B1534144755241N00752972EA010600109200210
B1534154755243N00752970EA010610109300210
B1534164755246N00752970EA010620109400210
B1534174755250N00752972EA010620109500210
B1534184755253N00752975EA010630109600210
B1534194755257N00752980EA010640109700210
B1534204755259N00752986EA010640109800210
B1534214755262N00752994EA010660109900210
B1534224755264N00753001EA010680110100210
B1534234755265N00753012EA010690110300210
B1534244755265N00753021EA010710110400210
B1534254755263N00753029EA010710110500210
B1534264755260N00753037EA010730110600210
B1534274755255N00753042EA010740110800210
B1534284755250N00753046EA010750110900210
B1534294755245N00753046EA010750110900210
B1534304755240N00753046EA010760111100210
B1534314755236N00753044EA010780111100210
B1534324755232N00753040EA010800111300210
B1534334755229N00753035EA010820111500210
B1534344755227N00753030EA010820111700210
B1534354755226N00753026EA010830111800210
B1534364755226N00753022EA010860112100210
B1534374755227N00753019EA010860112300210
B1534384755227N00753017EA010840112300210
B1534394755228N00753016EA010840112300210
B1534404755230N00753014EA010850112200210
B1534414755234N00753014EA010840112200210
B1534424755239N00753016EA010830112200210
B1534434755244N00753022EA010850112300210
B1534444755247N00753028EA010870112400210
B1534454755250N00753037EA010880112700210
B1534464755252N00753043EA010890112800210
B1534474755253N00753050EA010890112900210
B1534484755255N00753059EA010880112800210
B1534494755256N00753066EA010880112700210
B1534504755257N00753078EA010890112700210
B1534514755256N00753087EA010910112700210
B1534524755254N00753096EA010930112800210
B1534534755251N00753101EA010940112900210
B1534544755245N00753107EA010950113100210
B1534554755240N00753111EA010970113200210
B1534564755235N00753114EA010980113400210
B1534574755229N00753115EA010990113400210
B1534584755224N00753115EA011010113500210
B1534594755220N00753111EA011040113700210
B1535004755217N00753108EA011060113800210
B1535014755216N00753102EA011060114000210
B1535024755217N00753099EA011070114200210
B1535034755218N00753097EA011060114300210
B1535044755220N00753095EA011050114400210
B1535054755223N00753093EA011050114300210
B1535064755225N00753092EA011030114200210
B1535074755229N00753092EA011040114200210
B1535084755235N00753094EA011060114200210
B1535094755241N00753098EA011090114300210
B1535104755245N00753104EA011100114600210
B1535114755247N00753109EA011120114800210
B1535124755250N00753117EA011110115000210
B1535134755252N00753125EA011120114900210
B1535144755254N00753133EA011110114900210
B1535154755255N00753141EA011130114900210
B1535164755254N00753150EA011130114900210
B1535174755251N00753158EA011120115000210
B1535184755246N00753162EA011140115100210
B1535194755241N00753164EA011140115200210
B1535204755236N00753165EA011150115300210
B1535214755230N00753164EA011160115400210
B1535224755226N00753161EA011190115500210
B1535234755223N00753156EA011190115600210
B1535244755222N00753152EA011200115700210
B1535254755222N00753148EA011210115800210
B1535264755223N00753143EA011200115900210
B1535274755224N00753139EA011190115900210
B1535284755226N00753136EA011190115800210
B1535294755229N00753131EA011210115800210
B1535304755233N00753126EA011210115800210
B1535314755238N00753125EA011250115900210
B1535324755243N00753127EA011260116000210
B1535334755246N00753129EA011290116200210
B1535344755250N00753132EA011310116400210
B1535354755255N00753137EA011320116600210
B1535364755259N00753143EA011340116800210
B1535374755263N00753147EA011350116900210
B1535384755267N00753156EA011360117100210
B1535394755269N00753164EA011360117200210
B1535404755270N00753174EA011370117300210
B1535414755271N00753183EA011390117400210
B1535424755271N00753193EA011410117500210
B1535434755270N00753202EA011410117600210
B1535444755267N00753211EA011410117700210
B1535454755263N00753218EA011420117800210
B1535464755259N00753223EA011420117900210
B1535474755254N00753228EA011410118000210
B1535484755248N00753233EA011420118000210
B1535494755242N00753236EA011440118000210
B1535504755236N00753237EA011440118100210
B1535514755228N00753237EA011460118100210
B1535524755223N00753234EA011460118200210
B1535534755217N00753232EA011460118300210
B1535544755213N00753229EA011480118400210
B1535554755210N00753226EA011480118400210
B1535564755207N00753222EA011500118500210
B1535574755205N00753217EA011500118600210
B1535584755205N00753213EA011510118700210
B1535594755207N00753209EA011520118800210
B1536004755209N00753205EA011510118900210
B1536014755213N00753201EA011520119100210
B1536024755217N00753199EA011510119100210
B1536034755222N00753197EA011530119200210
B1536044755227N00753196EA011540119200210
B1536054755232N00753199EA011580119300210
B1536064755237N00753202EA011580119400210
B1536074755242N00753207EA011610119600210
B1536084755245N00753211EA011620119800210
B1536094755249N00753217EA011620120000210
B1536104755253N00753224EA011620120100210
B1536114755257N00753232EA011620120100210
B1536124755259N00753239EA011630120100210
B1536134755261N00753251EA011640120200210
B1536144755261N00753260EA011640120300210
B1536154755260N00753269EA011640120400210
B1536164755259N00753277EA011630120400210
B1536174755257N00753284EA011620120400210
B1536184755253N00753293EA011610120400210
B1536194755249N00753301EA011660120400210
B1536204755243N00753307EA011650120500210
B1536214755239N00753311EA011670120500210
B1536224755231N00753314EA011670120700210
B1536234755225N00753315EA011700120900210
B1536244755219N00753313EA011710121000210
B1536254755214N00753310EA011720121000210
B1536264755211N00753306EA011720121100210
B1536274755208N00753301EA011720121200210
B1536284755206N00753296EA011720121200210
B1536294755205N00753291EA011730121300210
B1536304755205N00753287EA011730121400210
B1536314755207N00753282EA011710121400210
B1536324755209N00753280EA011730121500210
B1536334755216N00753279EA011740121500210
B1536344755221N00753282EA011750121600210
B1536354755228N00753287EA011770121700210
B1536364755232N00753293EA011790121900210
B1536374755236N00753299EA011810122100210
B1536384755238N00753305EA011810122200210
B1536394755240N00753310EA011790122300210
B1536404755242N00753319EA011780122300210
B1536414755243N00753328EA011800122200210
B1536424755243N00753339EA011820122200210
B1536434755243N00753348EA011820122400210
B1536444755241N00753359EA011830122500210
B1536454755238N00753368EA011840122700210
B1536464755235N00753376EA011860122700210
B1536474755230N00753383EA011880122700210
B1536484755226N00753389EA011890122800210
B1536494755221N00753391EA011880122800210
B1536504755217N00753391EA011890122900210
B1536514755214N00753390EA011890122900210
B1536524755211N00753387EA011900123000210
B1536534755207N00753384EA011900123100210
B1536544755205N00753381EA011890123100210
B1536554755205N00753377EA011880123000210
B1536564755205N00753374EA011870122900210
B1536574755207N00753370EA011850122900210
B1536584755211N00753367EA011840122800210
B1536594755216N00753367EA011850122800210
B1537004755221N00753369EA011840122800210
B1537014755225N00753373EA011840122900210
B1537024755230N00753380EA011850122900210
B1537034755234N00753387EA011860122900210
B1537044755237N00753396EA011850122800210
B1537054755238N00753405EA011870122800210
B1537064755239N00753417EA011880122900210
B1537074755238N00753428EA011890122900209
B1537084755236N00753436EA011890122900210
B1537094755232N00753444EA011890122800210
B1537104755228N00753448EA011900122900210
B1537114755223N00753451EA011890122900210
B1537124755219N00753452EA011910123000210
B1537134755215N00753452EA011900123000210
B1537144755211N00753451EA011890123000210
B1537154755206N00753450EA011880123000210
B1537164755203N00753449EA011880123100210
B1537174755199N00753449EA011880123100210
B1537184755196N00753448EA011880123000210
B1537194755192N00753447EA011870123000210
B1537204755188N00753446EA011860122800210
B1537214755184N00753446EA011850122800210
B1537224755181N00753444EA011840122700210
B1537234755179N00753443EA011840122600210
B1537244755177N00753439EA011810122500210
B1537254755175N00753435EA011800122400210
B1537264755174N00753430EA011810122300210
B1537274755172N00753426EA011800122300210
B1537284755169N00753422EA011790122200210
B1537294755165N00753421EA011770122100210
B1537304755161N00753420EA011750122000210
B1537314755157N00753421EA011740121900210
B1537324755152N00753423EA011730121800210
B1537334755147N00753426EA011720121600210
B1537344755142N00753427EA011700121400210
B1537354755138N00753428EA011690121300210
B1537364755133N00753426EA011720121200210
B1537374755128N00753422EA011710121200210
B1537384755125N00753417EA011690121200210
B1537394755124N00753412EA011690121200210
B1537404755123N00753408EA011670121100210
B1537414755123N00753402EA011660121000210
B1537424755123N00753395EA011660120900210
B1537434755124N00753388EA011650120700210
B1537444755127N00753382EA011660120600210
B1537454755131N00753378EA011680120600210
B1537464755136N00753373EA011700120800210
B1537474755140N00753370EA011710120900210
B1537484755143N00753367EA011710121000210
B1537494755146N00753364EA011710121000210
B1537504755150N00753360EA011710121000210
B1537514755153N00753357EA011720121000210
B1537524755157N00753354EA011710121100210
B1537534755160N00753350EA011730121200210
B1537544755163N00753347EA011720121200210
B1537554755166N00753345EA011700121200210
B1537564755170N00753343EA011670121200210
B1537574755177N00753342EA011670121200210
B1537584755181N00753343EA011660121200210
B1537594755187N00753343EA011650121100210
B1538004755194N00753343EA011640121000210
B1538014755199N00753343EA011630120900210
B1538024755203N00753343EA011610120700210
B1538034755210N00753342EA011590120400210
B1538044755216N00753343EA011580120300210
B1538054755222N00753343EA011560120100210
B1538064755228N00753344EA011560120000210
B1538074755232N00753345EA011550119900210
B1538084755239N00753345EA011540119900210
B1538094755244N00753347EA011540119800210
B1538104755250N00753349EA011530119600210
B1538114755255N00753351EA011530119600210
B1538124755261N00753354EA011530119600210
B1538134755267N00753356EA011530119600210
B1538144755273N00753357EA011540119600210
B1538154755277N00753357EA011560119700210
B1538164755283N00753357EA011580119900210
B1538174755289N00753358EA011590120000210
B1538184755293N00753359EA011600120100210
B1538194755299N00753361EA011610120300210
B1538204755303N00753363EA011610120400210
B1538214755308N00753369EA011600120400210
B1538224755312N00753376EA011590120300210
B1538234755315N00753384EA011580120200210
B1538244755318N00753393EA011580120100210
B1538254755318N00753404EA011580120000210
B1538264755316N00753414EA011570119900210
B1538274755313N00753424EA011580119800210
B1538284755309N00753432EA011580119800210
B1538294755305N00753436EA011580119700210
B1538304755299N00753440EA011580119700210
B1538314755293N00753442EA011600119600210
B1538324755287N00753442EA011620119600210
B1538334755283N00753440EA011640119700210
B1538344755277N00753436EA011650119900210
B1538354755272N00753432EA011670120100210
B1538364755268N00753429EA011680120300210
B1538374755264N00753426EA011690120500210
B1538384755260N00753425EA011680120600210
B1538394755257N00753423EA011680120700210
B1538404755253N00753421EA011680120600210
B1538414755251N00753418EA011660120600210
B1538424755249N00753415EA011640120500210
B1538434755249N00753410EA011620120500210
B1538444755250N00753403EA011620120400210
B1538454755252N00753396EA011620120400210
B1538464755256N00753391EA011620120400210
B1538474755261N00753388EA011610120400210
B1538484755266N00753386EA011610120400210
B1538494755273N00753387EA011600120400210
B1538504755280N00753389EA011600120400210
B1538514755285N00753392EA011610120400210
B1538524755292N00753400EA011610120400210
B1538534755297N00753409EA011620120400210
B1538544755299N00753419EA011630120400210
B1538554755301N00753427EA011640120400210
B1538564755301N00753437EA011660120600210
B1538574755300N00753448EA011670120700210
B1538584755298N00753456EA011670120700210
B1538594755295N00753463EA011650120700210
B1539004755292N00753467EA011670120700210
B1539014755287N00753470EA011680120700210
B1539024755281N00753470EA011670120700210
B1539034755277N00753468EA011670120800210
B1539044755273N00753466EA011680120900210
B1539054755270N00753464EA011670120900210
B1539064755267N00753462EA011680120900210
B1539074755264N00753460EA011650120800210
B1539084755260N00753458EA011650120700210
B1539094755258N00753454EA011640120500210
B1539104755256N00753450EA011630120500210
B1539114755253N00753447EA011630120400210
B1539124755251N00753445EA011600120300210
B1539134755248N00753444EA011600120200210
B1539144755244N00753441EA011590120000210
B1539154755242N00753437EA011570119800210
B1539164755241N00753433EA011560119600210
B1539174755241N00753427EA011550119500210
B1539184755242N00753422EA011530119300210
B1539194755245N00753417EA011500119200210
B1539204755249N00753412EA011490119000210
B1539214755253N00753408EA011480118800209
B1539224755257N00753406EA011460118700210
B1539234755264N00753404EA011450118500209
B1539244755269N00753402EA011430118300210
B1539254755274N00753401EA011420118200210
B1539264755279N00753401EA011420118200210
B1539274755286N00753400EA011420118200210
B1539284755292N00753401EA011460118200210
B1539294755299N00753404EA011460118300210
B1539304755305N00753408EA011470118500210
B1539314755309N00753411EA011470118600210
B1539324755313N00753416EA011480118700210
B1539334755319N00753423EA011480118700210
B1539344755323N00753430EA011470118600210
B1539354755326N00753438EA011470118600210
B1539364755326N00753450EA011470118500210
B1539374755324N00753460EA011490118500210
B1539384755320N00753468EA011490118400210
B1539394755315N00753474EA011510118400210
B1539404755310N00753479EA011520118500210
B1539414755306N00753482EA011530118600210
B1539424755301N00753482EA011520118600210
B1539434755297N00753481EA011500118600210
B1539444755295N00753480EA011490118500210
B1539454755292N00753476EA011490118400210
B1539464755290N00753471EA011490118300210
B1539474755289N00753466EA011470118200210
B1539484755289N00753461EA011450118200210
B1539494755290N00753454EA011450118200210
B1539504755290N00753447EA011450118100210
B1539514755292N00753441EA011450118000210
B1539524755294N00753435EA011450118100210
B1539534755296N00753429EA011470118200210
B1539544755300N00753423EA011490118400210
B1539554755302N00753419EA011490118600210
B1539564755304N00753414EA011500118700210
B1539574755305N00753411EA011490118700210
B1539584755306N00753406EA011480118700210
B1539594755306N00753402EA011490118600210
B1540004755305N00753396EA011480118600210
B1540014755303N00753390EA011500118700210
B1540024755303N00753384EA011510118700210
B1540034755304N00753378EA011530118700210
B1540044755307N00753373EA011510118700210
B1540054755310N00753369EA011530118800210
B1540064755315N00753366EA011540118900210
B1540074755320N00753364EA011550119100210
B1540084755326N00753363EA011550119300210
B1540094755331N00753365EA011530119300210
B1540104755336N00753369EA011550119300210
B1540114755341N00753375EA011550119400210
B1540124755347N00753384EA011580119500210
B1540134755350N00753394EA011590119700210
B1540144755351N00753404EA011570119700210
B1540154755351N00753412EA011580119700210
B1540164755349N00753423EA011590119700210
B1540174755345N00753431EA011580119700210
B1540184755341N00753438EA011580119800210
B1540194755338N00753442EA011590119800210
B1540204755332N00753444EA011590119900210
B1540214755328N00753444EA011590119900210
B1540224755323N00753441EA011600120000210
B1540234755319N00753438EA011600120000210
B1540244755317N00753434EA011610120000210
B1540254755314N00753428EA011610120000210
B1540264755312N00753422EA011620120100210
B1540274755312N00753417EA011650120200210
B1540284755313N00753410EA011660120300210
B1540294755314N00753405EA011660120400210
B1540304755316N00753399EA011660120600210
B1540314755320N00753396EA011660120600210
B1540324755324N00753393EA011640120700210
B1540334755328N00753391EA011650120800210
B1540344755333N00753387EA011670120800210
B1540354755335N00753381EA011660120800210
B1540364755335N00753374EA011660120800210
B1540374755334N00753369EA011670120900210
B1540384755332N00753363EA011680121100210
B1540394755329N00753360EA011680121100210
B1540404755326N00753358EA011670121100210
B1540414755323N00753358EA011660121000210
B1540424755317N00753361EA011660120900210
B1540434755313N00753367EA011640120900210
B1540444755311N00753375EA011650120900210
B1540454755310N00753384EA011670121000210
B1540464755311N00753394EA011680121100210
B1540474755312N00753406EA011700121300210
B1540484755315N00753415EA011700121400210
B1540494755319N00753423EA011730121500210
B1540504755322N00753428EA011730121600210
B1540514755327N00753432EA011720121600210
B1540524755333N00753434EA011720121700210
B1540534755338N00753433EA011710121800210
B1540544755343N00753431EA011720121800210
B1540554755346N00753428EA011720121800210
B1540564755349N00753424EA011720121800210
B1540574755350N00753420EA011720121700210
B1540584755350N00753415EA011720121600210
B1540594755350N00753411EA011720121600210
B1541004755347N00753407EA011710121500210
B1541014755343N00753405EA011700121400210
B1541024755339N00753404EA011710121400210
B1541034755336N00753404EA011720121400210
B1541044755331N00753406EA011720121400210
B1541054755327N00753409EA011710121300210
B1541064755323N00753415EA011730121300210
B1541074755319N00753422EA011720121300210
B1541084755317N00753429EA011740121300210
B1541094755314N00753439EA011760121400210
B1541104755315N00753447EA011750121500210
B1541114755318N00753456EA011750121600210
B1541124755321N00753462EA011750121600210
B1541134755326N00753470EA011750121600210
B1541144755331N00753473EA011760121600210
B1541154755337N00753474EA011760121600210
B1541164755342N00753473EA011760121600210
B1541174755346N00753469EA011760121600210
B1541184755348N00753465EA011760121700210
B1541194755349N00753461EA011760121700210
B1541204755348N00753457EA011760121700210
B1541214755346N00753454EA011750121700210
B1541224755344N00753451EA011760121600210
B1541234755340N00753448EA011770121700210
B1541244755336N00753445EA011780121800210
B1541254755332N00753443EA011780121900210
B1541264755327N00753442EA011800122000210
B1541274755323N00753442EA011800122100210
B1541284755318N00753441EA011810122200210
B1541294755314N00753440EA011820122300210
B1541304755310N00753439EA011820122400210
B1541314755304N00753439EA011840122600210
B1541324755300N00753440EA011840122600210
B1541334755295N00753442EA011860122700210
B1541344755292N00753444EA011830122600210
B1541354755288N00753444EA011820122600210
B1541364755282N00753443EA011850122600210
B1541374755279N00753439EA011850122700210
B1541384755275N00753436EA011860122900210
B1541394755272N00753433EA011870123100210
B1541404755269N00753430EA011890123200210
B1541414755268N00753427EA011880123200210
B1541424755268N00753423EA011890123300210
B1541434755270N00753418EA011870123300210
B1541444755272N00753412EA011860123300210
B1541454755275N00753409EA011850123300210
B1541464755279N00753407EA011840123300210
B1541474755283N00753406EA011840123300210
B1541484755289N00753406EA011850123200210
B1541494755294N00753408EA011870123200210
B1541504755298N00753411EA011880123300210
B1541514755302N00753417EA011890123400210
B1541524755306N00753423EA011910123400210
B1541534755309N00753431EA011920123500210
B1541544755311N00753442EA011920123500210
B1541554755313N00753451EA011930123600210
B1541564755313N00753457EA011930123600210
B1541574755311N00753466EA011920123600210
B1541584755309N00753475EA011930123600210
B1541594755306N00753483EA011930123500210
B1542004755301N00753489EA011930123400210
B1542014755296N00753494EA011940123400210
B1542024755291N00753496EA011950123400210
B1542034755285N00753497EA011960123500210
B1542044755281N00753496EA011970123700210
B1542054755279N00753494EA011970123800210
B1542064755276N00753491EA011960123700210
B1542074755274N00753487EA011940123600210
B1542084755272N00753483EA011940123600210
B1542094755270N00753478EA011970123600210
B1542104755269N00753472EA011960123700210
B1542114755271N00753467EA011940123600210
B1542124755274N00753463EA011960123600210
B1542134755278N00753460EA011960123600210
B1542144755282N00753459EA011970123700210
B1542154755287N00753460EA011970123700210
B1542164755293N00753464EA011970123700209
B1542174755299N00753470EA011970123700209
B1542184755303N00753477EA011970123800209
B1542194755307N00753485EA011980123800209
B1542204755308N00753495EA011970123800209
B1542214755308N00753505EA011960123800209
B1542224755305N00753515EA011960123800209
B1542234755302N00753523EA011960123800209
B1542244755298N00753531EA011960123800209
B1542254755293N00753536EA011950123900210
B1542264755288N00753539EA011950123800210
B1542274755284N00753540EA011950123800210
B1542284755278N00753539EA011970123800210
B1542294755273N00753537EA011950123800210
B1542304755269N00753534EA011970123800210
B1542314755267N00753531EA011970123700210
B1542324755264N00753526EA011980123700210
B1542334755262N00753520EA011980123800210
B1542344755262N00753515EA011980123800210
B1542354755262N00753510EA011980123800210
B1542364755263N00753506EA011990123800210
B1542374755266N00753502EA011990123900210
B1542384755269N00753498EA011960123800210
B1542394755273N00753495EA011950123700210
B1542404755276N00753493EA011950123700210
B1542414755279N00753491EA011950123700210
B1542424755281N00753486EA011960123600210
B1542434755282N00753481EA011950123600210
B1542444755281N00753475EA011960123700210
B1542454755279N00753470EA011970123800210
B1542464755276N00753466EA011950123800210
B1542474755271N00753464EA011950123800210
B1542484755266N00753462EA011940123800210
B1542494755263N00753461EA011930123700210
B1542504755256N00753460EA011930123600210
B1542514755251N00753459EA011950123600210
B1542524755246N00753457EA011940123600210
B1542534755243N00753454EA011940123600210
B1542544755240N00753449EA011930123600210
B1542554755238N00753445EA011920123500210
B1542564755238N00753441EA011900123400210
B1542574755238N00753438EA011880123300210
B1542584755239N00753433EA011880123100210
B1542594755241N00753428EA011880123000210
B1543004755245N00753425EA011870122900210
B1543014755249N00753423EA011870122900210
B1543024755253N00753424EA011870122900210
B1543034755259N00753425EA011860122900210
B1543044755264N00753428EA011850122800210
B1543054755269N00753431EA011830122600210
B1543064755274N00753433EA011830122400210
B1543074755279N00753436EA011810122300210
B1543084755284N00753438EA011800122300210
B1543094755288N00753439EA011790122200210
B1543104755292N00753438EA011780122100210
B1543114755294N00753436EA011770122000210
B1543124755297N00753430EA011770121900210
B1543134755296N00753425EA011770121800210
B1543144755295N00753420EA011760121800210
B1543154755292N00753417EA011750121700210
B1543164755288N00753414EA011740121600210
B1543174755284N00753410EA011740121600210
B1543184755281N00753406EA011740121500210
B1543194755278N00753403EA011750121500210
B1543204755275N00753399EA011740121500210
B1543214755271N00753394EA011740121600210
B1543224755269N00753390EA011740121600210
B1543234755268N00753385EA011740121600210
B1543244755269N00753380EA011730121500210
B1543254755270N00753373EA011740121500210
B1543264755272N00753367EA011750121700210
B1543274755273N00753361EA011750121900210
B1543284755274N00753358EA011750121900210
B1543294755274N00753354EA011740121900210
B1543304755274N00753351EA011720121700210
B1543314755273N00753345EA011690121600210
B1543324755272N00753339EA011690121500210
B1543334755272N00753334EA011690121400210
B1543344755270N00753327EA011680121300210
B1543354755270N00753321EA011670121200210
B1543364755271N00753315EA011640121100210
B1543374755273N00753312EA011620120900210
B1543384755278N00753308EA011620120700210
B1543394755283N00753307EA011610120600210
B1543404755288N00753309EA011590120500210
B1543414755292N00753314EA011580120500210
B1543424755295N00753321EA011570120300210
B1543434755297N00753331EA011560120200210
B1543444755298N00753340EA011550120100210
B1543454755297N00753350EA011550120000210
B1543464755296N00753359EA011550119900210
B1543474755292N00753370EA011570119800210
B1543484755287N00753379EA011570119800210
B1543494755283N00753385EA011580119700210
B1543504755278N00753390EA011570119700210
B1543514755273N00753393EA011560119700210
B1543524755269N00753396EA011560119700210
B1543534755264N00753399EA011540119500210
B1543544755259N00753400EA011540119400210
B1543554755255N00753401EA011540119400210
B1543564755250N00753399EA011560119500210
B1543574755247N00753397EA011570119600210
B1543584755244N00753395EA011570119700210
B1543594755242N00753393EA011580119700210
B1544004755238N00753392EA011580119700210
B1544014755235N00753391EA011570119700210
B1544024755230N00753391EA011570119600210
B1544034755227N00753391EA011590119700210
B1544044755223N00753391EA011580119800210
B1544054755219N00753391EA011600119900210
B1544064755215N00753393EA011600119900210
B1544074755211N00753394EA011600120000210
B1544084755207N00753394EA011600120000210
B1544094755203N00753394EA011600119900210
B1544104755199N00753392EA011610119900210
B1544114755196N00753388EA011620120000210
B1544124755195N00753384EA011620120000210
B1544134755195N00753380EA011620120000210
B1544144755196N00753375EA011610120100210
B1544154755198N00753370EA011610120100210
B1544164755200N00753365EA011640120100210
B1544174755202N00753361EA011650120300210
B1544184755206N00753358EA011620120400210
B1544194755211N00753357EA011610120400210
B1544204755217N00753359EA011590120500210
B1544214755221N00753361EA011570120500210
B1544224755228N00753362EA011550120400210
B1544234755234N00753360EA011530120200210
B1544244755237N00753357EA011520120100210
B1544254755241N00753352EA011520120000210
B1544264755242N00753348EA011520119900210
B1544274755241N00753342EA011510119800210
B1544284755238N00753339EA011510119700210
B1544294755235N00753337EA011510119800210
B1544304755232N00753337EA011490119700210
B1544314755229N00753338EA011470119500210
B1544324755225N00753341EA011440119200210
B1544334755220N00753344EA011430118900210
B1544344755216N00753349EA011410118600210
B1544354755212N00753353EA011380118500210
B1544364755206N00753358EA011370118100210
B1544374755201N00753360EA011350117900210
B1544384755196N00753359EA011330117700210
B1544394755193N00753358EA011320117500210
B1544404755190N00753354EA011310117400210
B1544414755189N00753350EA011290117200210
B1544424755190N00753345EA011260117000210
B1544434755191N00753341EA011240116700210
B1544444755192N00753335EA011230116400210
B1544454755195N00753329EA011200116300210
B1544464755198N00753324EA011180116200210
B1544474755203N00753319EA011180116100210
B1544484755206N00753317EA011180116100209
B1544494755212N00753313EA011170115900209
B1544504755216N00753310EA011150115800209
B1544514755220N00753306EA011140115600210
B1544524755224N00753302EA011140115600210
B1544534755227N00753298EA011140115500209
B1544544755230N00753291EA011140115400210
B1544554755232N00753286EA011120115400210
B1544564755235N00753280EA011120115300210
B1544574755237N00753275EA011110115300210
B1544584755240N00753270EA011110115200210
B1544594755242N00753265EA011100115200210
B1545004755244N00753259EA011110115100210
B1545014755245N00753254EA011100115100210
B1545024755246N00753249EA011110115100210
B1545034755248N00753243EA011130115200210
B1545044755251N00753239EA011110115200210
B1545054755253N00753236EA011130115200210
B1545064755257N00753231EA011120115200210
B1545074755260N00753228EA011100115200210
B1545084755263N00753223EA011090115100210
B1545094755265N00753217EA011090115000210
B1545104755266N00753213EA011080114900210
B1545114755266N00753206EA011070114800210
B1545124755267N00753199EA011080114800210
B1545134755267N00753193EA011090114900210
B1545144755266N00753189EA011090114900210
B1545154755264N00753184EA011090114800210
B1545164755262N00753179EA011090114800210
B1545174755260N00753173EA011070114700210
B1545184755258N00753168EA011070114700210
B1545194755256N00753164EA011070114700210
B1545204755252N00753160EA011060114600210
B1545214755249N00753158EA011030114600210
B1545224755245N00753157EA011020114500210
B1545234755241N00753158EA011010114300210
B1545244755236N00753160EA010980114100210
B1545254755231N00753164EA010970113900210
B1545264755227N00753169EA010960113700210
B1545274755224N00753175EA010930113600210
B1545284755220N00753184EA010910113400210
B1545294755220N00753192EA010900113200210
B1545304755220N00753204EA010880113000210
B1545314755223N00753213EA010880112800210
B1545324755226N00753220EA010860112700210
B1545334755232N00753227EA010850112500210
B1545344755239N00753230EA010840112300210
B1545354755244N00753230EA010810112200210
B1545364755247N00753229EA010790112000210
B1545374755251N00753225EA010770111800210
B1545384755252N00753222EA010750111600210
B1545394755253N00753218EA010730111400210
B1545404755255N00753213EA010710111100210
B1545414755256N00753209EA010690110900210
B1545424755258N00753203EA010670110600210
B1545434755260N00753198EA010650110400210
B1545444755263N00753194EA010620110200210
B1545454755266N00753191EA010630110100210
B1545464755271N00753188EA010620109900209
B1545474755275N00753184EA010610109700210
B1545484755278N00753178EA010600109600210
B1545494755280N00753173EA010600109500210
B1545504755282N00753168EA010600109500210
B1545514755285N00753163EA010600109500210
B1545524755287N00753159EA010600109400210
B1545534755289N00753154EA010590109400210
B1545544755290N00753150EA010590109300210
B1545554755292N00753144EA010570109300210
B1545564755293N00753139EA010580109300210
B1545574755294N00753135EA010570109200210
B1545584755295N00753131EA010570109100210
B1545594755296N00753126EA010550109100210
B1546004755297N00753120EA010540109000210
B1546014755297N00753115EA010550109000210
B1546024755296N00753110EA010550109000210
B1546034755295N00753107EA010550109000210
B1546044755293N00753103EA010550109000210
B1546054755290N00753101EA010550109000210
B1546064755286N00753098EA010540109000210
B1546074755284N00753096EA010530109000210
B1546084755281N00753093EA010530109000210
B1546094755279N00753088EA010530108900210
B1546104755278N00753082EA010520108900210
B1546114755278N00753076EA010520108900210
B1546124755279N00753071EA010530108900210
B1546134755281N00753065EA010530108900210
B1546144755284N00753061EA010540108900210
B1546154755288N00753058EA010540108900210
B1546164755292N00753057EA010540108900210
B1546174755298N00753056EA010540108900210
B1546184755303N00753057EA010550108900210
B1546194755308N00753059EA010560108900210
B1546204755313N00753062EA010570109000210
B1546214755319N00753068EA010590109100210
B1546224755323N00753073EA010600109200210
B1546234755327N00753078EA010590109300210
B1546244755332N00753084EA010580109300210
B1546254755336N00753088EA010580109200210
B1546264755342N00753091EA010570109200210
B1546274755347N00753092EA010550109200210
B1546284755351N00753088EA010540109100210
B1546294755353N00753085EA010540109100210
B1546304755355N00753077EA010540109100210
B1546314755355N00753071EA010530109000210
B1546324755352N00753066EA010530109000210
B1546334755349N00753064EA010530109000210
B1546344755344N00753064EA010550109000210
B1546354755338N00753066EA010560109000210
B1546364755333N00753069EA010570109200210
B1546374755329N00753070EA010590109400210
B1546384755326N00753071EA010590109400210
B1546394755321N00753071EA010590109400210
B1546404755317N00753070EA010600109600210
B1546414755313N00753069EA010600109700210
B1546424755310N00753068EA010620109700210
B1546434755306N00753067EA010620109800210
B1546444755302N00753063EA010630109800210
B1546454755301N00753058EA010630109900210
B1546464755300N00753053EA010630109900210
B1546474755302N00753049EA010650109900210
B1546484755306N00753045EA010640110000210
B1546494755310N00753045EA010650110100210
B1546504755315N00753046EA010670110200210
B1546514755320N00753049EA010680110200210
B1546524755325N00753054EA010700110300210
B1546534755331N00753060EA010700110400210
B1546544755334N00753068EA010710110500210
B1546554755337N00753075EA010720110600210
B1546564755339N00753085EA010750110800210
B1546574755339N00753093EA010760110900210
B1546584755337N00753100EA010750110900210
B1546594755334N00753106EA010770111100210
B1547004755331N00753110EA010770111200210
B1547014755327N00753115EA010780111300210
B1547024755322N00753120EA010780111400210
B1547034755318N00753123EA010780111400210
B1547044755314N00753124EA010770111400210
B1547054755308N00753125EA010780111400210
B1547064755302N00753124EA010780111400210
B1547074755297N00753121EA010800111500210
B1547084755294N00753118EA010800111500210
B1547094755293N00753114EA010810111500210
B1547104755293N00753109EA010820111600210
B1547114755294N00753104EA010820111700210
B1547124755297N00753099EA010830111700210
B1547134755300N00753096EA010840111800210
B1547144755305N00753093EA010840111900210
B1547154755310N00753092EA010830111900210
B1547164755315N00753092EA010850112000210
B1547174755320N00753094EA010860112000210
B1547184755327N00753099EA010870112100210
B1547194755332N00753105EA010890112300210
B1547204755337N00753112EA010900112500210
B1547214755342N00753118EA010920112600210
B1547224755344N00753124EA010930112800210
B1547234755347N00753131EA010930112900210
B1547244755348N00753141EA010920112900210
B1547254755347N00753148EA010910112800210
B1547264755345N00753156EA010920112800210
B1547274755342N00753165EA010920112800210
B1547284755338N00753170EA010940112900210
B1547294755334N00753173EA010950113000210
B1547304755329N00753173EA010950113100210
B1547314755325N00753172EA010970113300210
B1547324755321N00753169EA010960113400210
B1547334755318N00753165EA010970113500210
B1547344755316N00753161EA010980113600210
B1547354755315N00753156EA010990113600210
B1547364755315N00753150EA010990113700210
B1547374755316N00753145EA011000113800210
B1547384755319N00753141EA011000113800210
B1547394755323N00753139EA011000113900210
B1547404755329N00753138EA011020113900210
B1547414755334N00753138EA011040114100210
B1547424755340N00753139EA011060114200210
B1547434755345N00753142EA011080114400210
B1547444755349N00753145EA011090114500210
B1547454755354N00753152EA011090114700210
B1547464755356N00753159EA011080114700210
B1547474755358N00753166EA011070114700210
B1547484755360N00753174EA011070114600210
B1547494755360N00753183EA011070114600210
B1547504755358N00753191EA011070114500210
B1547514755353N00753197EA011070114600210
B1547524755347N00753200EA011080114600210
B1547534755341N00753200EA011100114700210
B1547544755336N00753198EA011110114900210
B1547554755332N00753194EA011110115100210
B1547564755330N00753190EA011110115100210
B1547574755328N00753184EA011130115100210
B1547584755327N00753178EA011150115300210
B1547594755328N00753172EA011150115400210
B1548004755331N00753168EA011170115500210
B1548014755334N00753163EA011170115600210
B1548024755338N00753159EA011200115700210
B1548034755342N00753155EA011220115900210
B1548044755347N00753153EA011230116100210
B1548054755352N00753153EA011230116200210
B1548064755355N00753155EA011210116200210
B1548074755362N00753159EA011210116200210
B1548084755367N00753164EA011210116200210
B1548094755372N00753170EA011230116200210
B1548104755377N00753179EA011230116100210
B1548114755379N00753186EA011230116200210
B1548124755379N00753198EA011230116200210
B1548134755378N00753207EA011230116200210
B1548144755376N00753215EA011240116300210
B1548154755373N00753223EA011230116300210
B1548164755369N00753229EA011230116200210
B1548174755364N00753234EA011230116200210
B1548184755358N00753236EA011240116200210
B1548194755353N00753236EA011250116200210
B1548204755348N00753235EA011270116300210
B1548214755343N00753230EA011270116400210
B1548224755340N00753225EA011290116600210
B1548234755338N00753220EA011300116700210
B1548244755336N00753215EA011300116800210
B1548254755335N00753210EA011320116800210
B1548264755334N00753205EA011340116900210
B1548274755332N00753199EA011350117000210
B1548284755332N00753194EA011360117200210
B1548294755332N00753188EA011370117400210
B1548304755334N00753184EA011380117600210
B1548314755336N00753179EA011380117600210
B1548324755337N00753174EA011380117600210
B1548334755340N00753168EA011380117600210
B1548344755343N00753163EA011380117600210
B1548354755347N00753160EA011380117600210
B1548364755353N00753159EA011370117600210
B1548374755359N00753161EA011370117700210
B1548384755365N00753165EA011360117700210
B1548394755370N00753171EA011360117700210
B1548404755375N00753179EA011360117600210
B1548414755378N00753189EA011360117600210
B1548424755380N00753198EA011360117500210
B1548434755380N00753209EA011370117500210
B1548444755378N00753221EA011370117600210
B1548454755375N00753230EA011390117600210
B1548464755370N00753237EA011400117700210
B1548474755365N00753243EA011410117800210
B1548484755360N00753247EA011410118000210
B1548494755355N00753250EA011420118100210
B1548504755351N00753253EA011410118100210
B1548514755346N00753253EA011440118100210
B1548524755341N00753251EA011430118100210
B1548534755336N00753248EA011440118200210
B1548544755333N00753242EA011450118300210
B1548554755331N00753238EA011470118500210
B1548564755329N00753232EA011500118700210
B1548574755326N00753228EA011490118700210
B1548584755322N00753224EA011500118800210
B1548594755319N00753220EA011520118900210
B1549004755317N00753216EA011520119100210
B1549014755314N00753211EA011520119200210
B1549024755313N00753206EA011500119200210
B1549034755313N00753200EA011480119000210
B1549044755313N00753195EA011480118900210
B1549054755315N00753188EA011470118700210
B1549064755318N00753182EA011440118600210
B1549074755322N00753177EA011450118600210
B1549084755328N00753173EA011430118600210
B1549094755335N00753171EA011420118700210
B1549104755341N00753172EA011410118600210
B1549114755348N00753174EA011400118600210
B1549124755354N00753178EA011390118400210
B1549134755358N00753183EA011380118200210
B1549144755364N00753193EA011370118000210
B1549154755367N00753202EA011360117900210
B1549164755369N00753212EA011360117800210
B1549174755369N00753223EA011340117600210
B1549184755367N00753233EA011350117500210
B1549194755365N00753241EA011350117400210
B1549204755361N00753247EA011350117300210
B1549214755357N00753251EA011350117200210
B1549224755353N00753252EA011340117200210
B1549234755347N00753253EA011350117200210
B1549244755342N00753253EA011360117300210
B1549254755337N00753254EA011350117400210
B1549264755333N00753256EA011360117400210
B1549274755328N00753257EA011360117500210
B1549284755324N00753258EA011340117400210
B1549294755320N00753257EA011330117400210
B1549304755316N00753256EA011340117300210
B1549314755313N00753255EA011320117300210
B1549324755308N00753253EA011330117200210
B1549334755305N00753251EA011330117100210
B1549344755301N00753248EA011310117000210
B1549354755299N00753244EA011310117000210
B1549364755297N00753238EA011280116900210
B1549374755296N00753233EA011270116700210
B1549384755297N00753227EA011250116600210
B1549394755298N00753221EA011240116400210
B1549404755300N00753215EA011220116200210
B1549414755305N00753208EA011210116100210
B1549424755309N00753204EA011200115900210
B1549434755314N00753201EA011180115800210
B1549444755319N00753199EA011150115700210
B1549454755326N00753198EA011150115500210
B1549464755332N00753197EA011130115400210
B1549474755336N00753193EA011110115200209
B1549484755339N00753189EA011090115100210
B1549494755342N00753183EA011080114900210
B1549504755343N00753177EA011070114700210
B1549514755343N00753172EA011050114600210
B1549524755342N00753168EA011040114500210
B1549534755340N00753164EA011030114300210
B1549544755338N00753161EA011000114200210
B1549554755334N00753159EA010980114000210
B1549564755330N00753158EA010970113800210
B1549574755327N00753159EA010960113600210
B1549584755322N00753160EA010930113300210
B1549594755316N00753162EA010920113000210
B1550004755311N00753163EA010900112800210
B1550014755307N00753164EA010880112600210
B1550024755302N00753164EA010870112500210
B1550034755298N00753163EA010860112300210
B1550044755294N00753160EA010850112100210
B1550054755292N00753155EA010830112000210
B1550064755290N00753151EA010830111900210
B1550074755288N00753145EA010830111900210
B1550084755288N00753139EA010820111800210
B1550094755289N00753134EA010830111800210
B1550104755290N00753127EA010830111700210
B1550114755293N00753121EA010840111700210
B1550124755296N00753116EA010830111600210
B1550134755300N00753113EA010840111700210
B1550144755304N00753110EA010850111700209
B1550154755307N00753107EA010830111600210
B1550164755311N00753104EA010820111400210
B1550174755315N00753100EA010800111300210
B1550184755319N00753095EA010800111300210
B1550194755323N00753092EA010810111300210
B1550204755327N00753088EA010820111300210
B1550214755331N00753081EA010810111300210
B1550224755332N00753075EA010790111300210
B1550234755331N00753070EA010800111300210
B1550244755330N00753065EA010780111300210
B1550254755329N00753059EA010780111300210
B1550264755328N00753055EA010770111200210
B1550274755328N00753050EA010760111100210
B1550284755327N00753046EA010740111000210
B1550294755325N00753040EA010720110800210
B1550304755324N00753035EA010700110600210
B1550314755321N00753031EA010690110400210
B1550324755319N00753028EA010670110300210
B1550334755314N00753026EA010660110100210
B1550344755310N00753025EA010640109900210
B1550354755305N00753025EA010630109700210
B1550364755301N00753023EA010620109600210
B1550374755297N00753021EA010590109500210
B1550384755294N00753017EA010580109300210
B1550394755292N00753010EA010550109100210
B1550404755291N00753004EA010540108900210
B1550414755291N00752999EA010520108700210
B1550424755293N00752993EA010490108400210
B1550434755297N00752986EA010480108200210
B1550444755302N00752981EA010480108100210
B1550454755307N00752979EA010470108000210
B1550464755311N00752980EA010470107900210
B1550474755317N00752984EA010460107900210
B1550484755323N00752989EA010450107900210
B1550494755328N00752992EA010450107800210
B1550504755332N00752996EA010450107700210
B1550514755338N00753000EA010430107700210
B1550524755343N00753005EA010430107700210
B1550534755348N00753011EA010440107800210
B1550544755352N00753015EA010440107800210
B1550554755357N00753020EA010430107700210
B1550564755364N00753025EA010430107700210
B1550574755368N00753030EA010430107700210
B1550584755373N00753036EA010450107600210
B1550594755376N00753042EA010440107600210
B1551004755380N00753051EA010440107600210
B1551014755384N00753059EA010430107600210
B1551024755389N00753065EA010430107700210
B1551034755392N00753070EA010430107700210
B1551044755398N00753077EA010440107700210
B1551054755402N00753084EA010430107700210
B1551064755406N00753093EA010450107700210
B1551074755409N00753102EA010450107800210
B1551084755410N00753109EA010470107800210
B1551094755411N00753120EA010470108000210
B1551104755412N00753130EA010480108000210
B1551114755412N00753139EA010480108000210
B1551124755412N00753148EA010490108000210
B1551134755413N00753160EA010490108100210
B1551144755413N00753168EA010510108200210
B1551154755413N00753179EA010510108400210
B1551164755413N00753187EA010520108500210
B1551174755415N00753198EA010520108600210
B1551184755417N00753207EA010530108600210
B1551194755419N00753215EA010530108600210
B1551204755422N00753223EA010520108600210
B1551214755425N00753228EA010520108600210
B1551224755430N00753234EA010520108600210
B1551234755436N00753238EA010520108700210
B1551244755442N00753239EA010550108700210
B1551254755446N00753239EA010560108800210
B1551264755450N00753238EA010550108900210
B1551274755453N00753234EA010560109000210
B1551284755455N00753229EA010570109000210
B1551294755456N00753224EA010580109100210
B1551304755455N00753220EA010600109200210
B1551314755452N00753216EA010610109300210
B1551324755448N00753214EA010620109500210
B1551334755444N00753214EA010630109600210
B1551344755441N00753214EA010650109700210
B1551354755437N00753215EA010660109900210
B1551364755433N00753218EA010640110000210
B1551374755429N00753224EA010640110000210
B1551384755426N00753231EA010660110000210
B1551394755424N00753238EA010660110000210
B1551404755423N00753249EA010640110000210
B1551414755425N00753258EA010640109900210
B1551424755429N00753266EA010670109800210
B1551434755432N00753271EA010680110000210
B1551444755436N00753276EA010700110100210
B1551454755441N00753279EA010700110300210
B1551464755445N00753281EA010700110300210
B1551474755449N00753281EA010700110400210
B1551484755453N00753280EA010710110400210
B1551494755458N00753277EA010730110400210
B1551504755461N00753273EA010730110500210
B1551514755463N00753268EA010740110500210
B1551524755463N00753263EA010750110600210
B1551534755462N00753258EA010760110800210
B1551544755460N00753255EA010770111000210
B1551554755458N00753252EA010790111100210
B1551564755455N00753250EA010790111200210
B1551574755451N00753249EA010800111300210
B1551584755446N00753250EA010810111500210
B1551594755443N00753253EA010810111500210
B1552004755438N00753256EA010820111600210
B1552014755433N00753260EA010830111600210
B1552024755430N00753265EA010830111700210
B1552034755426N00753272EA010830111800210
B1552044755424N00753280EA010820111800210
B1552054755423N00753289EA010820111800210
B1552064755423N00753297EA010840111900210
B1552074755424N00753306EA010840112000210
B1552084755425N00753313EA010840112100210
B1552094755428N00753319EA010820112100210
B1552104755432N00753323EA010820112100210
B1552114755437N00753328EA010830112000210
B1552124755441N00753330EA010830112000210
B1552134755446N00753331EA010840112000210
B1552144755449N00753330EA010870112000210
B1552154755452N00753326EA010860112000210
B1552164755453N00753321EA010870112000210
B1552174755453N00753316EA010880112200210
B1552184755452N00753312EA010900112400210
B1552194755451N00753306EA010920112600210
B1552204755448N00753302EA010940112700210
B1552214755445N00753299EA010940112800210
B1552224755441N00753296EA010940112900210
B1552234755437N00753295EA010940113000210
B1552244755432N00753294EA010960113100210
B1552254755429N00753294EA010960113200210
B1552264755424N00753296EA010970113200210
B1552274755419N00753301EA010980113300210
B1552284755416N00753306EA010970113400210
B1552294755413N00753312EA010960113500210
B1552304755412N00753319EA010940113500210
B1552314755412N00753327EA010920113500210
B1552324755413N00753337EA010920113500210
B1552334755414N00753347EA010920113500210
B1552344755418N00753357EA010910113400210
B1552354755423N00753363EA010900113300210
B1552364755428N00753365EA010890113300210
B1552374755434N00753365EA010900113200210
B1552384755439N00753364EA010900113200210
B1552394755442N00753361EA010890113100210
B1552404755445N00753357EA010890113000210
B1552414755446N00753350EA010870112900210
B1552424755447N00753341EA010890112800210
B1552434755446N00753334EA010910112800210
B1552444755443N00753328EA010900112900210
B1552454755440N00753325EA010920113000210
B1552464755436N00753320EA010930113100210
B1552474755433N00753316EA010940113200210
B1552484755430N00753310EA010910113100210
B1552494755429N00753304EA010910113100210
B1552504755429N00753297EA010910113000210
B1552514755429N00753291EA010910113100210
B1552524755430N00753284EA010920113100210
B1552534755430N00753278EA010930113200210
B1552544755431N00753274EA010930113200210
B1552554755433N00753267EA010930113200210
B1552564755436N00753262EA010930113200210
B1552574755439N00753257EA010940113300210
B1552584755441N00753252EA010950113400210
B1552594755443N00753247EA010960113400210
B1553004755444N00753242EA010950113500210
B1553014755443N00753238EA010950113400210
B1553024755440N00753232EA010960113400210
B1553034755437N00753230EA010960113500210
B1553044755432N00753229EA010960113500210
B1553054755429N00753231EA010960113500210
B1553064755425N00753235EA010950113500210
B1553074755422N00753241EA010950113500210
B1553084755419N00753249EA010940113400210
B1553094755418N00753257EA010930113300210
B1553104755419N00753265EA010910113200210
B1553114755421N00753273EA010890113000210
B1553124755424N00753278EA010870112800210
B1553134755430N00753285EA010860112500210
B1553144755435N00753288EA010870112400210
B1553154755442N00753290EA010830112200210
B1553164755447N00753290EA010850112200210
B1553174755451N00753287EA010820112100210
B1553184755454N00753281EA010810112000210
B1553194755456N00753275EA010830112000210
B1553204755458N00753269EA010830112000210
B1553214755459N00753263EA010830112000210
B1553224755458N00753256EA010820112000210
B1553234755455N00753253EA010820111900210
B1553244755451N00753250EA010820111800210
B1553254755446N00753248EA010830111900210
B1553264755441N00753246EA010830112000210
B1553274755437N00753243EA010830112000210
B1553284755434N00753239EA010830111900210
B1553294755431N00753234EA010830111900210
B1553304755429N00753229EA010830111900210
B1553314755429N00753224EA010820111800210
B1553324755429N00753218EA010810111700210
B1553334755430N00753212EA010820111700210
B1553344755430N00753206EA010810111700210
B1553354755430N00753199EA010820111800210
B1553364755429N00753194EA010830111800210
B1553374755427N00753188EA010820111800210
B1553384755424N00753184EA010840111800210
B1553394755420N00753182EA010850111900210
B1553404755415N00753181EA010850111900210
B1553414755410N00753184EA010860112000210
B1553424755406N00753190EA010860112000210
B1553434755403N00753195EA010870112100210
B1553444755400N00753202EA010880112200210
B1553454755398N00753210EA010860112200210
B1553464755397N00753219EA010850112100210
B1553474755398N00753228EA010850112000210
B1553484755399N00753237EA010860112000210
B1553494755401N00753246EA010850112000210
B1553504755405N00753253EA010840112100210
B1553514755409N00753258EA010830112100210
B1553524755414N00753260EA010840112000210
B1553534755419N00753259EA010850112000210
B1553544755423N00753256EA010850112000210
B1553554755426N00753252EA010840112000210
B1553564755427N00753247EA010830112000210
B1553574755427N00753242EA010850111900210
B1553584755427N00753237EA010840111900210
B1553594755426N00753231EA010840111900210
B1554004755426N00753225EA010840111900210
B1554014755427N00753220EA010840111900210
B1554024755429N00753213EA010840111900210
B1554034755431N00753208EA010850111900210
B1554044755434N00753204EA010850112000210
B1554054755437N00753201EA010850112000210
B1554064755440N00753199EA010860112000210
B1554074755444N00753194EA010850112000210
B1554084755446N00753190EA010850112000210
B1554094755447N00753185EA010840111900210
B1554104755447N00753180EA010830111900210
B1554114755446N00753175EA010830111900210
B1554124755445N00753170EA010830111900210
B1554134755442N00753167EA010810111800210
B1554144755439N00753164EA010810111600210
B1554154755435N00753162EA010790111500210
B1554164755430N00753162EA010790111400210
B1554174755425N00753163EA010770111300210
B1554184755420N00753166EA010770111300210
B1554194755415N00753170EA010770111300210
B1554204755411N00753175EA010750111200210
B1554214755407N00753182EA010730111100210
B1554224755404N00753189EA010720111000210
B1554234755401N00753198EA010710110900210
B1554244755399N00753207EA010710110900210
B1554254755397N00753216EA010710110900210
B1554264755396N00753225EA010700110800210
B1554274755396N00753232EA010680110700210
B1554284755397N00753241EA010660110500210
B1554294755399N00753251EA010650110300210
B1554304755403N00753259EA010640110200210
B1554314755407N00753265EA010640110100210
B1554324755410N00753269EA010620110000210
B1554334755417N00753275EA010620109900210
B1554344755421N00753278EA010620109900210
B1554354755426N00753282EA010620109900210
B1554364755430N00753287EA010610109800210
B1554374755435N00753293EA010600109700210
B1554384755439N00753299EA010600109500210
B1554394755443N00753306EA010590109500210
B1554404755447N00753313EA010590109400210
B1554414755450N00753319EA010580109400210
B1554424755454N00753329EA010580109400210
B1554434755457N00753336EA010570109300210
B1554444755461N00753342EA010550109200210
B1554454755464N00753347EA010550109100210
B1554464755469N00753354EA010570109000210
B1554474755473N00753360EA010570109000210
B1554484755477N00753367EA010580109100210
B1554494755479N00753373EA010590109300210
B1554504755480N00753380EA010600109400210
B1554514755482N00753388EA010610109500210
B1554524755483N00753396EA010600109400210
B1554534755484N00753404EA010620109500210
B1554544755484N00753411EA010620109600210
B1554554755486N00753421EA010620109700210
B1554564755489N00753428EA010620109700210
B1554574755493N00753434EA010630109700210
B1554584755497N00753438EA010630109700210
B1554594755502N00753440EA010640109700210
B1555004755507N00753439EA010630109700210
B1555014755510N00753436EA010630109700210
B1555024755512N00753432EA010630109700210
B1555034755512N00753428EA010620109800210
B1555044755512N00753421EA010630109800210
B1555054755511N00753416EA010630109700210
B1555064755509N00753411EA010620109600210
B1555074755507N00753408EA010630109600210
B1555084755503N00753404EA010620109700210
B1555094755499N00753401EA010630109700210
B1555104755496N00753400EA010630109700210
B1555114755490N00753400EA010630109800210
B1555124755486N00753401EA010630109800210
B1555134755480N00753405EA010650109900210
B1555144755474N00753410EA010650109900210
B1555154755470N00753417EA010650109900210
B1555164755468N00753423EA010650110000210
B1555174755466N00753432EA010650110100210
B1555184755467N00753440EA010650110100210
B1555194755469N00753446EA010640110100210
B1555204755472N00753453EA010630110000210
B1555214755476N00753458EA010630109900210
B1555224755482N00753460EA010610109900210
B1555234755488N00753460EA010610109800210
B1555244755493N00753456EA010620109800209
B1555254755496N00753452EA010650109800210
B1555264755499N00753447EA010660110000210
B1555274755502N00753443EA010670110100210
B1555284755503N00753440EA010670110200210
B1555294755504N00753437EA010660110100210
B1555304755506N00753433EA010640109900210
B1555314755508N00753427EA010640109800210
B1555324755509N00753423EA010620109700210
B1555334755510N00753418EA010610109600210
B1555344755510N00753414EA010610109500210
B1555354755508N00753409EA010590109400210
B1555364755504N00753404EA010600109400210
B1555374755500N00753400EA010600109400210
B1555384755497N00753399EA010600109400210
B1555394755491N00753399EA010600109400210
B1555404755486N00753401EA010590109400210
B1555414755480N00753403EA010600109400210
B1555424755475N00753403EA010580109400210
B1555434755470N00753402EA010570109300210
B1555444755466N00753399EA010560109200210
B1555454755463N00753395EA010560109200210
B1555464755461N00753389EA010550109100210
B1555474755461N00753384EA010560109100210
B1555484755463N00753376EA010540109000210
B1555494755465N00753371EA010540109000210
B1555504755469N00753367EA010530109000210
B1555514755472N00753364EA010520108900210
B1555524755477N00753363EA010510108800210
B1555534755483N00753364EA010510108700210
B1555544755490N00753367EA010500108600210
B1555554755495N00753370EA010500108600210
B1555564755499N00753372EA010500108700210
B1555574755506N00753374EA010490108600210
B1555584755511N00753373EA010480108500210
B1555594755516N00753370EA010470108400210
B1556004755519N00753367EA010470108400210
B1556014755522N00753361EA010470108400210
B1556024755523N00753355EA010460108400210
B1556034755523N00753349EA010460108400210
B1556044755521N00753345EA010450108300210
B1556054755516N00753339EA010440108100210
B1556064755511N00753337EA010460108000210
B1556074755505N00753337EA010440107900210
B1556084755499N00753340EA010460107800210
B1556094755496N00753345EA010460107900210
B1556104755491N00753352EA010460108000210
B1556114755488N00753359EA010450108000210
B1556124755485N00753367EA010450107900210
B1556134755484N00753375EA010420107900210
B1556144755484N00753384EA010390107700210
B1556154755484N00753391EA010380107600210
B1556164755487N00753401EA010370107400210
B1556174755490N00753408EA010370107300210
B1556184755494N00753413EA010370107300210
B1556194755499N00753418EA010370107200210
B1556204755504N00753419EA010370107200210
B1556214755509N00753418EA010360107100210
B1556224755511N00753416EA010360107000210
B1556234755515N00753411EA010350106900210
B1556244755517N00753405EA010360106900210
B1556254755517N00753398EA010350106900210
B1556264755517N00753391EA010350106800210
B1556274755516N00753385EA010330106800210
B1556284755515N00753377EA010320106700210
B1556294755514N00753370EA010330106600210
B1556304755513N00753362EA010330106600210
B1556314755512N00753357EA010350106600210
B1556324755511N00753349EA010340106700210
B1556334755510N00753343EA010340106800210
B1556344755509N00753337EA010340106800210
B1556354755508N00753331EA010340106800210
B1556364755507N00753326EA010340106700210
B1556374755504N00753319EA010330106700210
B1556384755501N00753314EA010330106600210
B1556394755498N00753309EA010330106600210
B1556404755496N00753306EA010320106600210
B1556414755493N00753301EA010320106600210
B1556424755491N00753296EA010310106500210
B1556434755490N00753291EA010310106500210
B1556444755489N00753286EA010300106400210
B1556454755488N00753280EA010290106300210
B1556464755488N00753274EA010280106100210
B1556474755487N00753268EA010270106000210
B1556484755486N00753261EA010260106000210
B1556494755485N00753257EA010270106000210
B1556504755484N00753250EA010260105900210
B1556514755483N00753245EA010250105900210
B1556524755481N00753239EA010250105800210
B1556534755480N00753232EA010240105700210
B1556544755479N00753226EA010240105700210
B1556554755479N00753220EA010240105700210
B1556564755479N00753213EA010230105600210
B1556574755480N00753207EA010230105500210
B1556584755480N00753201EA010220105500210
B1556594755482N00753194EA010220105500210
B1557004755483N00753188EA010220105400210
B1557014755485N00753182EA010240105400210
B1557024755488N00753177EA010240105400210
B1557034755489N00753171EA010250105500210
B1557044755491N00753165EA010260105600210
B1557054755491N00753159EA010280105800210
B1557064755490N00753154EA010290106000210
B1557074755490N00753150EA010300106100210
B1557084755488N00753145EA010300106100210
B1557094755486N00753139EA010290106100210
B1557104755485N00753134EA010280106000210
B1557114755485N00753130EA010280106000210
B1557124755486N00753124EA010270105900210
B1557134755488N00753120EA010260105800210
B1557144755491N00753116EA010240105700210
B1557154755495N00753113EA010230105600210
B1557164755500N00753112EA010230105500210
B1557174755505N00753112EA010220105400210
B1557184755510N00753114EA010200105400210
B1557194755513N00753117EA010200105300210
B1557204755518N00753123EA010200105200210
B1557214755523N00753131EA010200105200210
B1557224755526N00753139EA010210105200210
B1557234755527N00753148EA010200105300210
B1557244755527N00753157EA010200105300210
B1557254755526N00753165EA010190105300210
B1557264755522N00753175EA010190105200210
B1557274755518N00753181EA010180105100210
B1557284755513N00753186EA010170105100210
B1557294755508N00753189EA010170105000210
B1557304755503N00753188EA010160104900210
B1557314755499N00753185EA010150104800210
B1557324755495N00753181EA010150104700210
B1557334755492N00753175EA010150104600210
B1557344755488N00753169EA010150104600210
B1557354755485N00753164EA010160104700210
B1557364755482N00753159EA010160104800210
B1557374755479N00753154EA010150104700210
B1557384755476N00753150EA010160104600210
B1557394755473N00753144EA010150104600210
B1557404755469N00753140EA010140104600210
B1557414755466N00753136EA010130104600210
B1557424755461N00753132EA010130104500210
B1557434755456N00753129EA010130104300210
B1557444755453N00753124EA010110104300210
B1557454755450N00753118EA010110104300210
B1557464755448N00753112EA010120104300210
B1557474755447N00753108EA010130104300210
B1557484755445N00753102EA010120104300210
B1557494755443N00753096EA010110104300210
B1557504755441N00753090EA010100104300210
B1557514755439N00753085EA010100104300210
B1557524755436N00753080EA010090104200210
B1557534755434N00753075EA010070104100210
B1557544755431N00753070EA010060103800210
B1557554755429N00753065EA010040103700210
B1557564755426N00753059EA010030103500210
B1557574755423N00753054EA010030103500210
B1557584755420N00753048EA010010103400210
B1557594755417N00753042EA010010103300210
B1558004755414N00753037EA010000103200210
B1558014755411N00753031EA009980103100210
B1558024755408N00753025EA009980103000210
B1558034755404N00753020EA009970103000210
B1558044755399N00753016EA009960102900210
B1558054755395N00753012EA009970102900210
B1558064755389N00753008EA009960102800210
B1558074755384N00753004EA009940102700210
B1558084755380N00753001EA009930102600210
B1558094755376N00752998EA009920102500210
B1558104755371N00752992EA009910102300210
B1558114755368N00752985EA009900102200210
B1558124755366N00752979EA009900102100210
B1558134755364N00752972EA009910102200210
B1558144755362N00752965EA009910102200210
B1558154755360N00752958EA009900102100210
B1558164755358N00752952EA009890102000210
B1558174755357N00752945EA009880101900210
B1558184755356N00752938EA009870101800210
B1558194755355N00752930EA009870101700210
B1558204755355N00752923EA009870101700210
B1558214755354N00752916EA009870101700210
B1558224755353N00752909EA009880101800210
B1558234755354N00752903EA009890101900210
B1558244755354N00752897EA009900102000210
B1558254755355N00752890EA009900102000210
B1558264755357N00752884EA009900102000210
B1558274755358N00752879EA009900102000210
B1558284755362N00752873EA009900102100210
B1558294755366N00752870EA009900102100210
B1558304755371N00752868EA009910102100210
B1558314755376N00752867EA009910102200210
B1558324755382N00752867EA009920102300210
B1558334755386N00752869EA009920102300210
B1558344755390N00752874EA009910102300210
B1558354755394N00752880EA009910102300210
B1558364755396N00752886EA009900102200210
B1558374755398N00752896EA009890102100210
B1558384755398N00752905EA009890102100210
B1558394755397N00752915EA009880102100210
B1558404755394N00752923EA009880102000210
B1558414755391N00752931EA009880102000210
B1558424755386N00752937EA009870102000210
B1558434755380N00752942EA009870101800210
B1558444755374N00752944EA009870101700210
B1558454755369N00752944EA009860101700210
B1558464755362N00752942EA009860101600210
B1558474755356N00752939EA009860101700210
B1558484755351N00752935EA009850101600210
B1558494755347N00752931EA009850101600210
B1558504755343N00752927EA009850101500210
B1558514755339N00752921EA009870101500210
B1558524755335N00752916EA009880101600209
B1558534755332N00752910EA009890101700209
B1558544755330N00752904EA009900101800209
B1558554755327N00752900EA009900101900210
B1558564755325N00752896EA009890101900210
B1558574755323N00752891EA009880101800210
B1558584755321N00752886EA009860101700210
B1558594755318N00752881EA009860101600210
B1559004755317N00752875EA009870101500210
B1559014755317N00752869EA009850101400210
B1559024755318N00752864EA009840101300210
B1559034755322N00752860EA009830101300210
B1559044755327N00752858EA009830101200210
B1559054755332N00752856EA009850101200210
B1559064755337N00752857EA009850101200210
B1559074755340N00752860EA009850101200210
B1559084755344N00752866EA009850101300209
B1559094755347N00752873EA009850101200209
B1559104755351N00752880EA009840101200209
B1559114755354N00752888EA009850101200209
B1559124755358N00752897EA009860101200209
B1559134755360N00752906EA009860101200209
B1559144755361N00752915EA009860101200209
B1559154755364N00752923EA009850101200209
B1559164755367N00752931EA009840101100209
B1559174755371N00752936EA009840101100209
B1559184755375N00752940EA009850101000209
B1559194755381N00752943EA009840101000209
B1559204755385N00752941EA009830101000209
B1559214755389N00752938EA009840101000209
B1559224755391N00752934EA009840101000209
B1559234755391N00752929EA009840101000209
B1559244755390N00752922EA009840101000209
B1559254755388N00752917EA009820101000209
B1559264755385N00752913EA009820101000210
B1559274755381N00752911EA009820101000210
B1559284755375N00752909EA009840101100210
B1559294755370N00752907EA009840101200210
B1559304755365N00752906EA009850101300210
B1559314755360N00752906EA009850101400210
B1559324755355N00752906EA009850101400210
B1559334755350N00752907EA009850101500210
B1559344755344N00752908EA009860101500210
B1559354755339N00752910EA009870101600210
B1559364755334N00752912EA009870101600210
B1559374755328N00752914EA009870101700209
B1559384755322N00752917EA009880101700210
B1559394755318N00752920EA009870101700209
B1559404755311N00752922EA009870101700209
B1559414755306N00752924EA009870101700209
B1559424755300N00752925EA009860101700209
B1559434755295N00752925EA009860101600209
B1559444755290N00752923EA009840101500209
B1559454755286N00752921EA009840101400209
B1559464755282N00752915EA009830101300209
B1559474755280N00752909EA009820101300209
B1559484755279N00752903EA009810101100209
B1559494755280N00752898EA009780101000209
B1559504755282N00752893EA009770100800209
B1559514755285N00752889EA009770100700209
B1559524755289N00752886EA009760100600209
B1559534755294N00752885EA009770100600209
B1559544755299N00752886EA009760100600209
B1559554755304N00752889EA009760100600209
B1559564755308N00752893EA009760100500209
B1559574755313N00752896EA009740100400209
B1559584755318N00752899EA009740100400209
B1559594755323N00752901EA009740100300209
B1600004755327N00752904EA009740100300209
B1600014755331N00752908EA009740100300209
B1600024755335N00752914EA009710100300209
B1600034755340N00752921EA009710100300209
B1600044755344N00752926EA009710100200209
B1600054755349N00752928EA009710100100209
B1600064755354N00752927EA009710100000209
B1600074755359N00752923EA009720100000209
B1600084755362N00752917EA009740099900209
B1600094755363N00752911EA009750100000209
B1600104755363N00752908EA009760100000209
B1600114755363N00752905EA009740100000209
B1600124755361N00752902EA009730099900209
B1600134755360N00752898EA009720099800209
B1600144755356N00752894EA009690099800209
B1600154755352N00752891EA009680099700209
B1600164755346N00752890EA009680099700209
B1600174755342N00752891EA009670099700209
B1600184755337N00752893EA009660099600209
B1600194755332N00752895EA009650099400209
B1600204755328N00752896EA009610099200209
B1600214755322N00752898EA009590099000209
B1600224755316N00752900EA009590098800209
B1600234755310N00752902EA009590098800209
B1600244755304N00752904EA009590098700209
B1600254755299N00752904EA009580098700209
B1600264755293N00752903EA009580098600209
B1600274755288N00752900EA009600098500209
B1600284755284N00752896EA009610098400209
B1600294755281N00752890EA009600098400209
B1600304755279N00752882EA009590098400209
B1600314755279N00752877EA009580098400209
B1600324755280N00752872EA009560098400209
B1600334755282N00752868EA009550098200209
B1600344755285N00752864EA009540098100209
B1600354755288N00752859EA009520098000209
B1600364755291N00752855EA009500097900209
B1600374755294N00752851EA009490097800209
B1600384755297N00752848EA009490097700209
B1600394755301N00752844EA009460097500209
B1600404755304N00752840EA009450097300209
B1600414755308N00752836EA009450097200209
B1600424755311N00752833EA009440097100209
B1600434755315N00752830EA009430097000209
B1600444755319N00752828EA009430097000209
B1600454755323N00752826EA009420096900209
B1600464755328N00752824EA009410096800209
B1600474755332N00752821EA009410096800209
B1600484755336N00752820EA009400096700209
B1600494755341N00752817EA009390096700209
B1600504755345N00752816EA009390096600209
B1600514755349N00752814EA009380096500209
B1600524755352N00752810EA009380096400209
B1600534755355N00752805EA009370096300209
B1600544755356N00752799EA009370096300209
B1600554755357N00752793EA009380096300209
B1600564755356N00752787EA009380096300209
B1600574755355N00752781EA009370096300209
B1600584755352N00752776EA009360096200209
B1600594755350N00752771EA009340096200209
B1601004755347N00752768EA009340096200209
B1601014755343N00752765EA009330096100209
B1601024755338N00752762EA009320096000209
B1601034755333N00752758EA009310095800209
B1601044755330N00752754EA009290095700209
B1601054755327N00752748EA009280095600209
B1601064755326N00752741EA009280095500209
B1601074755326N00752735EA009260095400209
B1601084755326N00752728EA009260095300209
B1601094755328N00752723EA009240095200209
B1601104755331N00752719EA009230095100209
B1601114755335N00752716EA009210095000209
B1601124755339N00752712EA009180094800209
B1601134755342N00752708EA009170094800209
B1601144755344N00752704EA009160094600209
B1601154755347N00752699EA009140094500209
B1601164755349N00752692EA009110094200209
B1601174755351N00752686EA009080094000209
B1601184755352N00752681EA009060093700209
B1601194755353N00752674EA009050093500209
B1601204755354N00752665EA009060093300209
B1601214755355N00752658EA009040093100209
B1601224755356N00752651EA009030093000209
B1601234755356N00752647EA009020092900209
B1601244755357N00752640EA009000092700209
B1601254755358N00752634EA009000092600209
B1601264755358N00752629EA008980092500209
B1601274755359N00752624EA008990092400209
B1601284755361N00752619EA008990092300209
B1601294755364N00752614EA008980092200209
B1601304755367N00752611EA008970092100209
B1601314755370N00752605EA008950092000209
B1601324755372N00752600EA008950092000209
B1601334755374N00752595EA008950092000209
B1601344755376N00752590EA008940092000209
B1601354755377N00752584EA008930092000209
B1601364755378N00752580EA008910091800209
B1601374755378N00752574EA008900091700209
B1601384755378N00752566EA008890091500209
B1601394755379N00752559EA008880091300209
B1601404755380N00752553EA008870091300209
B1601414755382N00752547EA008850091200209
B1601424755385N00752542EA008830091100209
B1601434755388N00752538EA008820090900209
B1601444755391N00752534EA008790090700209
B1601454755393N00752529EA008780090500209
B1601464755395N00752523EA008760090300209
B1601474755397N00752518EA008770090200209
B1601484755398N00752512EA008740090100209
B1601494755399N00752505EA008730090000209
B1601504755399N00752500EA008720090000209
B1601514755398N00752492EA008720089900209
B1601524755398N00752486EA008710089800209
B1601534755397N00752479EA008710089700209
B1601544755397N00752473EA008700089600209
B1601554755398N00752466EA008700089500209
B1601564755399N00752460EA008700089400209
B1601574755402N00752455EA008700089400209
B1601584755404N00752450EA008710089400209
B1601594755406N00752445EA008700089500209
B1602004755407N00752440EA008700089400209
B1602014755409N00752435EA008690089400209
B1602024755411N00752430EA008680089300209
B1602034755413N00752425EA008670089200209
B1602044755416N00752420EA008660089200209
B1602054755417N00752414EA008660089100209
B1602064755417N00752407EA008660089100209
B1602074755416N00752402EA008660089000209
B1602084755414N00752395EA008660089000209
B1602094755413N00752389EA008640088900209
B1602104755412N00752383EA008620088800209
B1602114755412N00752376EA008620088700209
B1602124755413N00752369EA008630088500209
B1602134755416N00752363EA008640088500209
B1602144755419N00752358EA008630088500209
B1602154755423N00752355EA008640088500209
B1602164755427N00752353EA008630088500209
B1602174755432N00752352EA008640088500209
B1602184755436N00752350EA008630088500209
B1602194755440N00752348EA008640088400209
B1602204755445N00752347EA008640088400209
B1602214755449N00752346EA008630088500209
B1602224755454N00752345EA008650088600209
B1602234755458N00752344EA008670088700209
B1602244755462N00752342EA008680088800209
B1602254755466N00752340EA008680089000209
B1602264755469N00752337EA008680089100209
B1602274755471N00752333EA008660089000209
B1602284755473N00752329EA008660088900209
B1602294755476N00752324EA008650088800209
B1602304755477N00752319EA008640088700209
B1602314755481N00752313EA008630088700209
B1602324755484N00752310EA008620088700209
B1602334755488N00752309EA008620088600209
B1602344755493N00752310EA008610088600209
B1602354755496N00752313EA008600088600209
B1602364755500N00752317EA008590088500209
B1602374755503N00752325EA008590088400209
B1602384755504N00752332EA008570088300209
B1602394755505N00752340EA008580088200209
B1602404755504N00752349EA008560088000209
B1602414755501N00752358EA008550087900209
B1602424755498N00752366EA008530087800209
B1602434755494N00752373EA008530087700209
B1602444755490N00752377EA008530087600209
B1602454755484N00752382EA008520087600209
B1602464755477N00752385EA008520087500209
B1602474755470N00752385EA008520087400209
B1602484755464N00752383EA008520087300209
B1602494755458N00752380EA008500087300209
B1602504755453N00752375EA008510087200209
B1602514755449N00752370EA008500087100209
B1602524755445N00752364EA008490087000209
B1602534755443N00752357EA008490086900209
B1602544755443N00752349EA008490086800209
B1602554755444N00752343EA008470086800209
B1602564755447N00752338EA008480086800209
B1602574755451N00752335EA008470086700209
B1602584755454N00752335EA008470086700209
B1602594755459N00752335EA008470086600209
B1603004755463N00752336EA008460086600209
B1603014755468N00752338EA008450086600209
B1603024755472N00752339EA008440086500209
B1603034755476N00752341EA008430086400209
B1603044755481N00752344EA008420086400209
B1603054755485N00752346EA008410086200209
B1603064755488N00752348EA008400086200209
B1603074755492N00752349EA008390086100209
B1603084755496N00752350EA008370086000209
B1603094755500N00752348EA008360085900209
B1603104755504N00752347EA008360085700209
B1603114755507N00752346EA008340085600209
B1603124755512N00752345EA008320085400209
B1603134755516N00752345EA008320085400209
B1603144755520N00752344EA008310085300209
B1603154755524N00752343EA008300085300209
B1603164755527N00752342EA008290085200209
B1603174755530N00752339EA008270085000209
B1603184755533N00752335EA008260084800209
B1603194755534N00752331EA008240084600209
B1603204755536N00752324EA008220084500209
B1603214755538N00752318EA008220084400209
B1603224755539N00752312EA008220084300209
B1603234755539N00752306EA008200084200209
B1603244755540N00752299EA008190084100209
B1603254755540N00752293EA008180084000209
B1603264755541N00752287EA008180083900209
B1603274755542N00752281EA008160083800209
B1603284755542N00752275EA008150083800209
B1603294755543N00752269EA008140083600209
B1603304755543N00752263EA008130083500209
B1603314755542N00752255EA008120083400209
B1603324755542N00752249EA008100083300209
B1603334755542N00752242EA008090083100209
B1603344755542N00752235EA008080083000209
B1603354755542N00752228EA008070082900209
B1603364755542N00752222EA008050082700209
B1603374755544N00752216EA008040082600209
B1603384755547N00752211EA008020082400209
B1603394755550N00752208EA008010082300209
B1603404755554N00752205EA008010082100209
B1603414755558N00752205EA007990081900209
B1603424755562N00752206EA007980081800209
B1603434755566N00752208EA007960081700209
B1603444755570N00752211EA007940081600209
B1603454755574N00752215EA007930081400209
B1603464755577N00752219EA007910081200209
B1603474755580N00752224EA007900081100209
B1603484755583N00752230EA007890080900209
B1603494755586N00752236EA007870080700209
B1603504755589N00752243EA007860080600209
B1603514755592N00752250EA007850080500209
B1603524755595N00752256EA007850080400209
B1603534755598N00752262EA007830080300209
B1603544755602N00752267EA007830080200209
B1603554755606N00752272EA007810080100209
B1603564755610N00752275EA007800079900209
B1603574755614N00752277EA007790079800209
B1603584755618N00752280EA007780079800209
B1603594755622N00752283EA007770079700209
B1604004755625N00752284EA007760079600209
B1604014755630N00752287EA007770079400209
B1604024755634N00752288EA007740079300209
B1604034755638N00752289EA007730079200209
B1604044755642N00752290EA007730079100209
B1604054755646N00752292EA007720079000209
B1604064755650N00752293EA007710078900209
B1604074755653N00752295EA007700078900209
B1604084755657N00752297EA007690078700209
B1604094755661N00752299EA007670078600209
B1604104755664N00752301EA007660078500209
B1604114755668N00752303EA007650078400209
B1604124755672N00752305EA007640078300209
B1604134755676N00752307EA007620078100209
B1604144755680N00752309EA007590078000209
B1604154755684N00752310EA007590077800209
B1604164755688N00752310EA007560077600209
B1604174755691N00752309EA007550077500209
B1604184755694N00752306EA007530077400209
B1604194755698N00752302EA007520077200209
B1604204755700N00752298EA007520077000209
B1604214755702N00752293EA007510076800209
B1604224755702N00752286EA007500076700209
B1604234755702N00752281EA007480076600209
B1604244755701N00752273EA007480076500209
B1604254755699N00752266EA007470076400209
B1604264755697N00752259EA007460076300209
B1604274755694N00752253EA007450076300209
B1604284755691N00752248EA007440076200209
B1604294755687N00752242EA007440076000209
B1604304755684N00752236EA007420075900209
B1604314755680N00752230EA007410075800209
B1604324755676N00752224EA007390075700209
B1604334755672N00752218EA007390075700209
B1604344755668N00752213EA007380075600209
B1604354755664N00752208EA007380075500209
B1604364755661N00752204EA007360075400209
B1604374755656N00752197EA007360075300209
B1604384755652N00752190EA007350075200209
B1604394755649N00752184EA007340075100209
B1604404755647N00752179EA007330075000209
B1604414755643N00752172EA007310074900209
B1604424755640N00752166EA007290074700209
B1604434755637N00752159EA007280074500209
B1604444755636N00752152EA007260074300209
B1604454755635N00752145EA007240074100209
B1604464755636N00752138EA007230073900209
B1604474755638N00752132EA007210073700209
B1604484755641N00752128EA007190073500209
B1604494755645N00752125EA007180073300209
B1604504755649N00752123EA007160073200209
B1604514755653N00752122EA007150073000209
B1604524755658N00752120EA007140072900209
B1604534755662N00752118EA007130072800209
B1604544755666N00752117EA007110072600209
B1604554755670N00752116EA007090072500209
B1604564755675N00752116EA007080072300209
B1604574755679N00752115EA007070072200209
B1604584755684N00752115EA007050072100209
B1604594755689N00752115EA007050072000209
B1605004755693N00752115EA007040071900209
B1605014755698N00752115EA007030071800209
B1605024755703N00752116EA007010071700209
B1605034755707N00752117EA006990071600209
B1605044755712N00752117EA006980071400209
B1605054755716N00752118EA006960071200209
B1605064755720N00752120EA006950071100209
B1605074755725N00752121EA006940070900209
B1605084755730N00752122EA006910070800209
B1605094755734N00752123EA006890070600209
B1605104755739N00752122EA006890070500209
B1605114755743N00752118EA006850070300209
B1605124755746N00752114EA006830070100209
B1605134755750N00752108EA006820070000209
B1605144755753N00752102EA006820069800209
B1605154755756N00752098EA006770069700209
B1605164755761N00752098EA006750069600209
B1605174755766N00752099EA006750069400209
B1605184755771N00752100EA006750069300209
B1605194755775N00752098EA006710069100209
B1605204755778N00752091EA006690069000209
B1605214755779N00752083EA006670068800209
B1605224755780N00752074EA006680068600209
B1605234755783N00752069EA006660068400209
B1605244755787N00752067EA006640068100209
B1605254755791N00752066EA006630068000209
B1605264755794N00752065EA006630067900209
B1605274755798N00752061EA006610067800209
B1605284755801N00752056EA006610067700209
B1605294755803N00752049EA006610067600209
B1605304755806N00752045EA006600067400209
B1605314755809N00752042EA006570067200209
B1605324755813N00752042EA006540067100209
B1605334755817N00752045EA006520066900209
B1605344755821N00752046EA006530066800209
B1605354755824N00752047EA006520066800209
B1605364755828N00752046EA006500066600209
B1605374755832N00752043EA006490066500209
B1605384755835N00752039EA006490066400209
B1605394755839N00752037EA006490066300209
B1605404755843N00752038EA006430066200209
B1605414755847N00752042EA006440066100209
B1605424755851N00752046EA006450066100209
B1605434755854N00752049EA006440066000209
B1605444755858N00752048EA006410065800209
B1605454755862N00752044EA006410065700209
B1605464755865N00752040EA006430065600209
B1605474755868N00752035EA006430065700209
B1605484755872N00752033EA006420065700209
B1605494755876N00752033EA006380065600209
B1605504755881N00752033EA006380065500209
B1605514755885N00752032EA006380065300209
B1605524755889N00752028EA006360065200209
B1605534755891N00752021EA006350065100209
B1605544755893N00752015EA006350065000209
B1605554755894N00752008EA006340064900209
B1605564755896N00752004EA006310064700209
B1605574755899N00752001EA006290064500209
B1605584755903N00751998EA006270064300209
B1605594755906N00751996EA006260064200209
B1606004755910N00751995EA006240064000209
B1606014755913N00751994EA006230063800209
B1606024755917N00751995EA006220063700209
B1606034755921N00751995EA006200063500209
B1606044755925N00751995EA006190063400209
B1606054755929N00751994EA006180063300209
B1606064755932N00751992EA006170063200209
B1606074755935N00751990EA006150063100209
B1606084755939N00751988EA006140062900209
B1606094755943N00751986EA006120062700209
B1606104755947N00751984EA006100062500209
B1606114755950N00751981EA006100062300209
B1606124755954N00751978EA006080062200209
B1606134755957N00751974EA006070062000209
B1606144755960N00751968EA006050061900209
B1606154755962N00751964EA006040061700209
B1606164755966N00751959EA006020061500209
B1606174755969N00751955EA006020061300209
B1606184755973N00751952EA006000061200209
B1606194755977N00751949EA006000061000209
B1606204755981N00751947EA005990060900209
B1606214755985N00751946EA005980060800209
B1606224755990N00751946EA005960060700209
B1606234755994N00751947EA005940060500209
B1606244755998N00751949EA005930060300209
B1606254756000N00751953EA005920060200209
B1606264756003N00751959EA005900060000209
B1606274756004N00751966EA005880059800209
B1606284756003N00751973EA005850059600209
B1606294756002N00751978EA005840059500209
B1606304755999N00751986EA005830059300209
B1606314755995N00751992EA005820059200209
B1606324755991N00751998EA005810059000209
B1606334755986N00752004EA005790058900209
B1606344755981N00752009EA005780058700209
B1606354755976N00752013EA005770058600209
B1606364755970N00752016EA005760058500209
B1606374755964N00752018EA005750058400209
B1606384755959N00752018EA005750058300209
B1606394755951N00752017EA005740058200209
B1606404755945N00752017EA005740058100209
B1606414755939N00752016EA005730058100209
B1606424755933N00752015EA005720058100209
B1606434755929N00752014EA005720058000209
B1606444755922N00752013EA005710057900209
B1606454755916N00752012EA005700057800209
B1606464755910N00752011EA005680057700209
B1606474755904N00752010EA005680057600209
B1606484755899N00752009EA005670057500209
B1606494755893N00752008EA005670057400209
B1606504755887N00752008EA005660057300209
B1606514755882N00752008EA005660057400209
B1606524755878N00752008EA005660057400209
B1606534755872N00752006EA005640057400209
B1606544755868N00752005EA005620057200209
B1606554755863N00752003EA005610057000209
B1606564755858N00752001EA005610056800209
B1606574755852N00751998EA005600056700209
B1606584755847N00751994EA005590056700209
B1606594755844N00751989EA005580056600209
B1607004755841N00751983EA005570056600209
B1607014755839N00751976EA005560056400209
B1607024755837N00751969EA005550056300209
B1607034755836N00751962EA005530056100209
B1607044755835N00751955EA005510056000209
B1607054755835N00751948EA005490055800209
B1607064755834N00751941EA005470055500209
B1607074755835N00751933EA005450055300209
B1607084755837N00751926EA005440055100209
B1607094755839N00751920EA005430054900209
B1607104755843N00751915EA005420054800209
B1607114755847N00751912EA005400054700209
B1607124755852N00751911EA005390054600209
B1607134755856N00751910EA005390054500209
B1607144755860N00751910EA005370054300209
B1607154755864N00751910EA005360054200209
B1607164755869N00751911EA005340054000209
B1607174755873N00751912EA005320053800209
B1607184755878N00751913EA005310053700209
B1607194755883N00751912EA005300053500209
B1607204755888N00751911EA005290053400209
B1607214755894N00751911EA005280053300209
B1607224755899N00751911EA005270053300209
B1607234755903N00751911EA005270053300209
B1607244755908N00751911EA005260053300209
B1607254755912N00751910EA005250053100209
B1607264755916N00751910EA005240052900209
B1607274755921N00751908EA005220052800209
B1607284755925N00751906EA005220052700209
B1607294755930N00751905EA005210052700209
B1607304755934N00751903EA005210052600209
B1607314755937N00751901EA005190052500209
B1607324755942N00751899EA005180052300209
B1607334755946N00751897EA005170052200209
B1607344755950N00751897EA005160052100209
B1607354755954N00751897EA005150051900209
B1607364755958N00751898EA005140051800209
B1607374755963N00751898EA005130051700209
B1607384755967N00751900EA005100051600209
B1607394755971N00751901EA005070051400209
B1607404755975N00751902EA005080051200209
B1607414755981N00751903EA005050051000209
B1607424755986N00751903EA005030050800209
B1607434755990N00751904EA005010050600209
B1607444755995N00751904EA004980050300209
B1607454756000N00751906EA004930050000209
B1607464756005N00751908EA004910049700209
B1607474756010N00751911EA004900049400308
B1607484756015N00751913EA004890049300209
B1607494756021N00751915EA004870049100308
B1607504756026N00751916EA004860049000308
B1607514756030N00751918EA004860048900308
B1607524756035N00751919EA004850048800308
B1607534756039N00751920EA004830048700308
B1607544756043N00751921EA004810048500308
B1607554756047N00751919EA004800048400308
B1607564756051N00751917EA004790048300308
B1607574756054N00751916EA004780048300308
B1607584756057N00751915EA004780048200308
B1607594756060N00751915EA004770048200308
B1608004756062N00751916EA004770048100308
B1608014756063N00751916EA004760048100308
B1608024756064N00751916EA004760048100308
B1608034756065N00751916EA004760048200308
B1608044756066N00751916EA004760048200308
B1608054756066N00751917EA004760048200308
B1608064756066N00751917EA004760048100308
B1608074756065N00751918EA004760048100308
B1608084756065N00751918EA004760048100308
B1608094756065N00751918EA004760048100308
B1608104756065N00751918EA004760048100308
B1608114756065N00751918EA004760048100308
B1608124756065N00751918EA004760048100308
B1608134756065N00751918EA004760048100308
B1608144756065N00751918EA004760048100308
B1608154756065N00751918EA004760048100308
B1608164756065N00751918EA004760048100308
G1F15C24E9ECA0EAFBD7559FEDF11011204DC13153501C5D6676976B56BE43163
